sid,ticker,treated,t0,series,kind,days_left,reward_usd
0,KXGOVAZNOMR-26-AB,1.0,2025-10-29 00:00:00+00:00,KXGOVAZNOMR,other,266,500.0
0,KXGOVAZNOMR-26-DSCH,0.0,2025-10-29 00:00:00+00:00,KXGOVAZNOMR,other,266,
0,KXGOVAZNOMR-26-JB,0.0,2025-10-29 00:00:00+00:00,KXGOVAZNOMR,other,266,
0,KXGOVAZNOMR-26-CA,0.0,2025-10-29 00:00:00+00:00,KXGOVAZNOMR,other,266,
0,KXGOVAZNOMR-26-CG,0.0,2025-10-29 00:00:00+00:00,KXGOVAZNOMR,other,266,
0,KXGOVAZNOMR-26-GN,0.0,2025-10-29 00:00:00+00:00,KXGOVAZNOMR,other,266,
0,KXGOVAZNOMR-26-KY,0.0,2025-10-29 00:00:00+00:00,KXGOVAZNOMR,other,266,
0,KXGOVAZNOMR-26-SN,0.0,2025-10-29 00:00:00+00:00,KXGOVAZNOMR,other,266,
0,KXGOVAZNOMR-26-TH,0.0,2025-10-29 00:00:00+00:00,KXGOVAZNOMR,other,266,
1,KXGOVAZNOMR-26-KTR,1.0,2025-10-29 00:00:00+00:00,KXGOVAZNOMR,other,266,500.0
1,KXGOVAZNOMR-26-DSCH,0.0,2025-10-29 00:00:00+00:00,KXGOVAZNOMR,other,266,
1,KXGOVAZNOMR-26-JB,0.0,2025-10-29 00:00:00+00:00,KXGOVAZNOMR,other,266,
1,KXGOVAZNOMR-26-CA,0.0,2025-10-29 00:00:00+00:00,KXGOVAZNOMR,other,266,
1,KXGOVAZNOMR-26-CG,0.0,2025-10-29 00:00:00+00:00,KXGOVAZNOMR,other,266,
1,KXGOVAZNOMR-26-GN,0.0,2025-10-29 00:00:00+00:00,KXGOVAZNOMR,other,266,
1,KXGOVAZNOMR-26-KY,0.0,2025-10-29 00:00:00+00:00,KXGOVAZNOMR,other,266,
1,KXGOVAZNOMR-26-SN,0.0,2025-10-29 00:00:00+00:00,KXGOVAZNOMR,other,266,
1,KXGOVAZNOMR-26-TH,0.0,2025-10-29 00:00:00+00:00,KXGOVAZNOMR,other,266,
2,KXGOVFLNOMR-26-BD,1.0,2025-10-29 00:00:00+00:00,KXGOVFLNOMR,other,294,500.0
2,KXGOVFLNOMR-26-JCOL,0.0,2025-10-29 00:00:00+00:00,KXGOVFLNOMR,other,294,
2,KXGOVFLNOMR-26-WS,0.0,2025-10-29 00:00:00+00:00,KXGOVFLNOMR,other,294,
2,KXGOVFLNOMR-26-JP,0.0,2025-10-29 00:00:00+00:00,KXGOVFLNOMR,other,294,
2,KXGOVFLNOMR-26-MG,0.0,2025-10-29 00:00:00+00:00,KXGOVFLNOMR,other,294,
3,KXGOVFLNOMR-26-CDES,1.0,2025-10-29 00:00:00+00:00,KXGOVFLNOMR,other,294,500.0
3,KXGOVFLNOMR-26-WS,0.0,2025-10-29 00:00:00+00:00,KXGOVFLNOMR,other,294,
3,KXGOVFLNOMR-26-JP,0.0,2025-10-29 00:00:00+00:00,KXGOVFLNOMR,other,294,
3,KXGOVFLNOMR-26-MG,0.0,2025-10-29 00:00:00+00:00,KXGOVFLNOMR,other,294,
3,KXGOVFLNOMR-26-JCOL,0.0,2025-10-29 00:00:00+00:00,KXGOVFLNOMR,other,294,
4,KXSENATEFLD-26-JM,1.0,2025-10-29 00:00:00+00:00,KXSENATEFLD,other,294,500.0
4,KXSENATEFLD-26-CC,0.0,2025-10-29 00:00:00+00:00,KXSENATEFLD,other,294,
5,KXSENATEFLD-26-JWEI,1.0,2025-10-29 00:00:00+00:00,KXSENATEFLD,other,294,500.0
5,KXSENATEFLD-26-CC,0.0,2025-10-29 00:00:00+00:00,KXSENATEFLD,other,294,
6,KXSENATEMID-26-AELS,1.0,2025-10-29 00:00:00+00:00,KXSENATEMID,other,280,500.0
6,KXSENATEMID-26-ALEV,0.0,2025-10-29 00:00:00+00:00,KXSENATEMID,other,280,
6,KXSENATEMID-26-MSAH,0.0,2025-10-29 00:00:00+00:00,KXSENATEMID,other,280,
6,KXSENATEMID-26-SANT,0.0,2025-10-29 00:00:00+00:00,KXSENATEMID,other,280,
6,KXSENATEMID-26-DNES,0.0,2025-10-29 00:00:00+00:00,KXSENATEMID,other,280,
6,KXSENATEMID-26-RTLA,0.0,2025-10-29 00:00:00+00:00,KXSENATEMID,other,280,
6,KXSENATEMID-26-KMCD,0.0,2025-10-29 00:00:00+00:00,KXSENATEMID,other,280,
7,KXSENATEMID-26-HSTE,1.0,2025-10-29 00:00:00+00:00,KXSENATEMID,other,280,500.0
7,KXSENATEMID-26-ALEV,0.0,2025-10-29 00:00:00+00:00,KXSENATEMID,other,280,
7,KXSENATEMID-26-MSAH,0.0,2025-10-29 00:00:00+00:00,KXSENATEMID,other,280,
7,KXSENATEMID-26-SANT,0.0,2025-10-29 00:00:00+00:00,KXSENATEMID,other,280,
7,KXSENATEMID-26-DNES,0.0,2025-10-29 00:00:00+00:00,KXSENATEMID,other,280,
7,KXSENATEMID-26-RTLA,0.0,2025-10-29 00:00:00+00:00,KXSENATEMID,other,280,
7,KXSENATEMID-26-KMCD,0.0,2025-10-29 00:00:00+00:00,KXSENATEMID,other,280,
8,KXSENATEMID-26-MMCM,1.0,2025-10-29 00:00:00+00:00,KXSENATEMID,other,280,500.0
8,KXSENATEMID-26-ALEV,0.0,2025-10-29 00:00:00+00:00,KXSENATEMID,other,280,
8,KXSENATEMID-26-MSAH,0.0,2025-10-29 00:00:00+00:00,KXSENATEMID,other,280,
8,KXSENATEMID-26-SANT,0.0,2025-10-29 00:00:00+00:00,KXSENATEMID,other,280,
8,KXSENATEMID-26-DNES,0.0,2025-10-29 00:00:00+00:00,KXSENATEMID,other,280,
8,KXSENATEMID-26-RTLA,0.0,2025-10-29 00:00:00+00:00,KXSENATEMID,other,280,
8,KXSENATEMID-26-KMCD,0.0,2025-10-29 00:00:00+00:00,KXSENATEMID,other,280,
9,KXABRAHAMSA-27-JAN01,1.0,2025-11-07 00:00:00+00:00,KXABRAHAMSA,other,420,200.0
9,KXABRAHAMSA-29-JAN20,0.0,2025-11-07 00:00:00+00:00,KXABRAHAMSA,other,420,
18,KXREDISTRICTING-26-TX,1.0,2025-11-18 00:00:00+00:00,KXREDISTRICTING,other,348,700.0
18,KXREDISTRICTING-26-CA,0.0,2025-11-18 00:00:00+00:00,KXREDISTRICTING,other,348,
18,KXREDISTRICTING-26-WA,0.0,2025-11-18 00:00:00+00:00,KXREDISTRICTING,other,348,
18,KXREDISTRICTING-26-NJ,0.0,2025-11-18 00:00:00+00:00,KXREDISTRICTING,other,348,
18,KXREDISTRICTING-26-MN,0.0,2025-11-18 00:00:00+00:00,KXREDISTRICTING,other,348,
18,KXREDISTRICTING-26-NC,0.0,2025-11-18 00:00:00+00:00,KXREDISTRICTING,other,348,
18,KXREDISTRICTING-26-OH,0.0,2025-11-18 00:00:00+00:00,KXREDISTRICTING,other,348,
18,KXREDISTRICTING-26-FL,0.0,2025-11-18 00:00:00+00:00,KXREDISTRICTING,other,348,
18,KXREDISTRICTING-26-VIR,0.0,2025-11-18 00:00:00+00:00,KXREDISTRICTING,other,348,
21,KXTURKEYPRES-28-EIMA,1.0,2025-12-01 00:00:00+00:00,KXTURKEYPRES,other,1618,200.0
21,KXTURKEYPRES-28-ADAV,0.0,2025-12-01 00:00:00+00:00,KXTURKEYPRES,other,1618,
21,KXTURKEYPRES-28-ABAB,0.0,2025-12-01 00:00:00+00:00,KXTURKEYPRES,other,1618,
21,KXTURKEYPRES-28-FERB,0.0,2025-12-01 00:00:00+00:00,KXTURKEYPRES,other,1618,
21,KXTURKEYPRES-28-MDER,0.0,2025-12-01 00:00:00+00:00,KXTURKEYPRES,other,1618,
21,KXTURKEYPRES-28-MINC,0.0,2025-12-01 00:00:00+00:00,KXTURKEYPRES,other,1618,
21,KXTURKEYPRES-28-SOGA,0.0,2025-12-01 00:00:00+00:00,KXTURKEYPRES,other,1618,
21,KXTURKEYPRES-28-UOZD,0.0,2025-12-01 00:00:00+00:00,KXTURKEYPRES,other,1618,
22,KXTURKEYPRES-28-MYAV,1.0,2025-12-01 00:00:00+00:00,KXTURKEYPRES,other,1618,250.0
22,KXTURKEYPRES-28-ADAV,0.0,2025-12-01 00:00:00+00:00,KXTURKEYPRES,other,1618,
22,KXTURKEYPRES-28-ABAB,0.0,2025-12-01 00:00:00+00:00,KXTURKEYPRES,other,1618,
22,KXTURKEYPRES-28-FERB,0.0,2025-12-01 00:00:00+00:00,KXTURKEYPRES,other,1618,
22,KXTURKEYPRES-28-MDER,0.0,2025-12-01 00:00:00+00:00,KXTURKEYPRES,other,1618,
22,KXTURKEYPRES-28-MINC,0.0,2025-12-01 00:00:00+00:00,KXTURKEYPRES,other,1618,
22,KXTURKEYPRES-28-SOGA,0.0,2025-12-01 00:00:00+00:00,KXTURKEYPRES,other,1618,
22,KXTURKEYPRES-28-UOZD,0.0,2025-12-01 00:00:00+00:00,KXTURKEYPRES,other,1618,
23,KXTURKEYPRES-28-RERD,1.0,2025-12-01 00:00:00+00:00,KXTURKEYPRES,other,1618,500.0
23,KXTURKEYPRES-28-ABAB,0.0,2025-12-01 00:00:00+00:00,KXTURKEYPRES,other,1618,
23,KXTURKEYPRES-28-FERB,0.0,2025-12-01 00:00:00+00:00,KXTURKEYPRES,other,1618,
23,KXTURKEYPRES-28-MDER,0.0,2025-12-01 00:00:00+00:00,KXTURKEYPRES,other,1618,
23,KXTURKEYPRES-28-MINC,0.0,2025-12-01 00:00:00+00:00,KXTURKEYPRES,other,1618,
23,KXTURKEYPRES-28-SOGA,0.0,2025-12-01 00:00:00+00:00,KXTURKEYPRES,other,1618,
23,KXTURKEYPRES-28-UOZD,0.0,2025-12-01 00:00:00+00:00,KXTURKEYPRES,other,1618,
23,KXTURKEYPRES-28-ADAV,0.0,2025-12-01 00:00:00+00:00,KXTURKEYPRES,other,1618,
24,KX2028DRUN-28-KHAR,1.0,2025-12-15 00:00:00+00:00,KX2028DRUN,other,747,500.0
24,KX2028DRUN-28-MCUB,0.0,2025-12-15 00:00:00+00:00,KX2028DRUN,other,747,
24,KX2028DRUN-28-WMOO,0.0,2025-12-15 00:00:00+00:00,KX2028DRUN,other,747,
24,KX2028DRUN-28-MKEL,0.0,2025-12-15 00:00:00+00:00,KX2028DRUN,other,747,
24,KX2028DRUN-28-ESLO,0.0,2025-12-15 00:00:00+00:00,KX2028DRUN,other,747,
24,KX2028DRUN-28-RKHA,0.0,2025-12-15 00:00:00+00:00,KX2028DRUN,other,747,
24,KX2028DRUN-28-SAS,0.0,2025-12-15 00:00:00+00:00,KX2028DRUN,other,747,
24,KX2028DRUN-28-JPRI,0.0,2025-12-15 00:00:00+00:00,KX2028DRUN,other,747,
24,KX2028DRUN-28-REMA,0.0,2025-12-15 00:00:00+00:00,KX2028DRUN,other,747,
24,KX2028DRUN-28-ABES,0.0,2025-12-15 00:00:00+00:00,KX2028DRUN,other,747,
24,KX2028DRUN-28-GWHI,0.0,2025-12-15 00:00:00+00:00,KX2028DRUN,other,747,
46,KXGOVMNNOMR-26-MLIN,1.0,2026-01-02 00:00:00+00:00,KXGOVMNNOMR,other,222,500.0
46,KXGOVMNNOMR-26-CMAD,0.0,2026-01-02 00:00:00+00:00,KXGOVMNNOMR,other,222,
46,KXGOVMNNOMR-26-KROB,0.0,2026-01-02 00:00:00+00:00,KXGOVMNNOMR,other,222,
46,KXGOVMNNOMR-26-SJEN,0.0,2026-01-02 00:00:00+00:00,KXGOVMNNOMR,other,222,
46,KXGOVMNNOMR-26-JSCH,0.0,2026-01-02 00:00:00+00:00,KXGOVMNNOMR,other,222,
65,KXWHVISIT-27-CSHE,1.0,2026-01-02 00:00:00+00:00,KXWHVISIT,other,364,100.0
65,KXWHVISIT-27-BMAH,0.0,2026-01-02 00:00:00+00:00,KXWHVISIT,other,364,
65,KXWHVISIT-27-VPUT,0.0,2026-01-02 00:00:00+00:00,KXWHVISIT,other,364,
66,KXWHVISIT-27-EADA,1.0,2026-01-02 00:00:00+00:00,KXWHVISIT,other,364,100.0
66,KXWHVISIT-27-BMAH,0.0,2026-01-02 00:00:00+00:00,KXWHVISIT,other,364,
66,KXWHVISIT-27-VPUT,0.0,2026-01-02 00:00:00+00:00,KXWHVISIT,other,364,
67,KXWHVISIT-27-EMUS,1.0,2026-01-02 00:00:00+00:00,KXWHVISIT,other,364,100.0
67,KXWHVISIT-27-VPUT,0.0,2026-01-02 00:00:00+00:00,KXWHVISIT,other,364,
67,KXWHVISIT-27-BMAH,0.0,2026-01-02 00:00:00+00:00,KXWHVISIT,other,364,
68,KXWHVISIT-27-GNEW,1.0,2026-01-02 00:00:00+00:00,KXWHVISIT,other,364,100.0
68,KXWHVISIT-27-BMAH,0.0,2026-01-02 00:00:00+00:00,KXWHVISIT,other,364,
68,KXWHVISIT-27-VPUT,0.0,2026-01-02 00:00:00+00:00,KXWHVISIT,other,364,
69,KXWHVISIT-27-HJEF,1.0,2026-01-02 00:00:00+00:00,KXWHVISIT,other,364,100.0
69,KXWHVISIT-27-BMAH,0.0,2026-01-02 00:00:00+00:00,KXWHVISIT,other,364,
69,KXWHVISIT-27-VPUT,0.0,2026-01-02 00:00:00+00:00,KXWHVISIT,other,364,
70,KXWHVISIT-27-JBID,1.0,2026-01-02 00:00:00+00:00,KXWHVISIT,other,364,100.0
70,KXWHVISIT-27-VPUT,0.0,2026-01-02 00:00:00+00:00,KXWHVISIT,other,364,
70,KXWHVISIT-27-BMAH,0.0,2026-01-02 00:00:00+00:00,KXWHVISIT,other,364,
71,KXWHVISIT-27-JPOW,1.0,2026-01-02 00:00:00+00:00,KXWHVISIT,other,364,100.0
71,KXWHVISIT-27-VPUT,0.0,2026-01-02 00:00:00+00:00,KXWHVISIT,other,364,
71,KXWHVISIT-27-BMAH,0.0,2026-01-02 00:00:00+00:00,KXWHVISIT,other,364,
72,KXWHVISIT-27-MCAR,1.0,2026-01-02 00:00:00+00:00,KXWHVISIT,other,364,100.0
72,KXWHVISIT-27-BMAH,0.0,2026-01-02 00:00:00+00:00,KXWHVISIT,other,364,
72,KXWHVISIT-27-VPUT,0.0,2026-01-02 00:00:00+00:00,KXWHVISIT,other,364,
73,KXWHVISIT-27-MTG,1.0,2026-01-02 00:00:00+00:00,KXWHVISIT,other,364,250.0
73,KXWHVISIT-27-BMAH,0.0,2026-01-02 00:00:00+00:00,KXWHVISIT,other,364,
73,KXWHVISIT-27-VPUT,0.0,2026-01-02 00:00:00+00:00,KXWHVISIT,other,364,
74,KXWHVISIT-27-OBAM,1.0,2026-01-02 00:00:00+00:00,KXWHVISIT,other,364,100.0
74,KXWHVISIT-27-VPUT,0.0,2026-01-02 00:00:00+00:00,KXWHVISIT,other,364,
74,KXWHVISIT-27-BMAH,0.0,2026-01-02 00:00:00+00:00,KXWHVISIT,other,364,
75,KXWHVISIT-27-PLEO,1.0,2026-01-02 00:00:00+00:00,KXWHVISIT,other,364,100.0
75,KXWHVISIT-27-VPUT,0.0,2026-01-02 00:00:00+00:00,KXWHVISIT,other,364,
75,KXWHVISIT-27-BMAH,0.0,2026-01-02 00:00:00+00:00,KXWHVISIT,other,364,
76,KXWHVISIT-27-VZEL,1.0,2026-01-02 00:00:00+00:00,KXWHVISIT,other,207,100.0
76,KXWHVISIT-27-BMAH,0.0,2026-01-02 00:00:00+00:00,KXWHVISIT,other,207,
76,KXWHVISIT-27-VPUT,0.0,2026-01-02 00:00:00+00:00,KXWHVISIT,other,207,
77,KXWHVISIT-27-XJIN,1.0,2026-01-02 00:00:00+00:00,KXWHVISIT,other,364,100.0
77,KXWHVISIT-27-BMAH,0.0,2026-01-02 00:00:00+00:00,KXWHVISIT,other,364,
77,KXWHVISIT-27-VPUT,0.0,2026-01-02 00:00:00+00:00,KXWHVISIT,other,364,
79,SENATEAK-26-D,1.0,2026-01-06 00:00:00+00:00,SENATEAK,other,666,100.0
79,SENATEAK-28-R,0.0,2026-01-06 00:00:00+00:00,SENATEAK,other,666,
79,SENATEAK-28-D,0.0,2026-01-06 00:00:00+00:00,SENATEAK,other,666,
80,SENATEAK-26-R,1.0,2026-01-06 00:00:00+00:00,SENATEAK,other,666,100.0
80,SENATEAK-28-R,0.0,2026-01-06 00:00:00+00:00,SENATEAK,other,666,
80,SENATEAK-28-D,0.0,2026-01-06 00:00:00+00:00,SENATEAK,other,666,
81,KX2028DRUN-28-CMUR,1.0,2026-02-03 00:00:00+00:00,KX2028DRUN,other,697,10.0
81,KX2028DRUN-28-MCUB,0.0,2026-02-03 00:00:00+00:00,KX2028DRUN,other,697,
81,KX2028DRUN-28-JFET,0.0,2026-02-03 00:00:00+00:00,KX2028DRUN,other,697,
81,KX2028DRUN-28-ESLO,0.0,2026-02-03 00:00:00+00:00,KX2028DRUN,other,697,
81,KX2028DRUN-28-WMOO,0.0,2026-02-03 00:00:00+00:00,KX2028DRUN,other,697,
81,KX2028DRUN-28-GWHI,0.0,2026-02-03 00:00:00+00:00,KX2028DRUN,other,697,
81,KX2028DRUN-28-CHOL,0.0,2026-02-03 00:00:00+00:00,KX2028DRUN,other,697,
81,KX2028DRUN-28-JPRI,0.0,2026-02-03 00:00:00+00:00,KX2028DRUN,other,697,
81,KX2028DRUN-28-SAS,0.0,2026-02-03 00:00:00+00:00,KX2028DRUN,other,697,
81,KX2028DRUN-28-CBOOK,0.0,2026-02-03 00:00:00+00:00,KX2028DRUN,other,697,
81,KX2028DRUN-28-RKHA,0.0,2026-02-03 00:00:00+00:00,KX2028DRUN,other,697,
82,KX2028DRUN-28-DPHI,1.0,2026-02-03 00:00:00+00:00,KX2028DRUN,other,697,315.0
82,KX2028DRUN-28-JFET,0.0,2026-02-03 00:00:00+00:00,KX2028DRUN,other,697,
82,KX2028DRUN-28-CHOL,0.0,2026-02-03 00:00:00+00:00,KX2028DRUN,other,697,
82,KX2028DRUN-28-MCUB,0.0,2026-02-03 00:00:00+00:00,KX2028DRUN,other,697,
82,KX2028DRUN-28-JPRI,0.0,2026-02-03 00:00:00+00:00,KX2028DRUN,other,697,
82,KX2028DRUN-28-SAS,0.0,2026-02-03 00:00:00+00:00,KX2028DRUN,other,697,
82,KX2028DRUN-28-RKHA,0.0,2026-02-03 00:00:00+00:00,KX2028DRUN,other,697,
82,KX2028DRUN-28-ABES,0.0,2026-02-03 00:00:00+00:00,KX2028DRUN,other,697,
82,KX2028DRUN-28-ESLO,0.0,2026-02-03 00:00:00+00:00,KX2028DRUN,other,697,
82,KX2028DRUN-28-PBUT,0.0,2026-02-03 00:00:00+00:00,KX2028DRUN,other,697,
82,KX2028DRUN-28-WMOO,0.0,2026-02-03 00:00:00+00:00,KX2028DRUN,other,697,
83,KX2028DRUN-28-RCOO,1.0,2026-02-03 00:00:00+00:00,KX2028DRUN,other,697,15.0
83,KX2028DRUN-28-JFET,0.0,2026-02-03 00:00:00+00:00,KX2028DRUN,other,697,
83,KX2028DRUN-28-CHOL,0.0,2026-02-03 00:00:00+00:00,KX2028DRUN,other,697,
83,KX2028DRUN-28-MCUB,0.0,2026-02-03 00:00:00+00:00,KX2028DRUN,other,697,
83,KX2028DRUN-28-JPRI,0.0,2026-02-03 00:00:00+00:00,KX2028DRUN,other,697,
83,KX2028DRUN-28-SAS,0.0,2026-02-03 00:00:00+00:00,KX2028DRUN,other,697,
83,KX2028DRUN-28-RKHA,0.0,2026-02-03 00:00:00+00:00,KX2028DRUN,other,697,
83,KX2028DRUN-28-ESLO,0.0,2026-02-03 00:00:00+00:00,KX2028DRUN,other,697,
83,KX2028DRUN-28-ABES,0.0,2026-02-03 00:00:00+00:00,KX2028DRUN,other,697,
83,KX2028DRUN-28-PBUT,0.0,2026-02-03 00:00:00+00:00,KX2028DRUN,other,697,
83,KX2028DRUN-28-WMOO,0.0,2026-02-03 00:00:00+00:00,KX2028DRUN,other,697,
84,KXAUSTRALIASENATE-28-LNC,1.0,2026-02-03 00:00:00+00:00,KXAUSTRALIASENATE,other,1202,160.0
84,KXAUSTRALIASENATE-28-ALP,0.0,2026-02-03 00:00:00+00:00,KXAUSTRALIASENATE,other,1202,
84,KXAUSTRALIASENATE-28-GREENS,0.0,2026-02-03 00:00:00+00:00,KXAUSTRALIASENATE,other,1202,
87,KXCHICAGOMAYOR-27-BJOH,1.0,2026-02-03 00:00:00+00:00,KXCHICAGOMAYOR,other,750,25.0
87,KXCHICAGOMAYOR-27-JHOL,0.0,2026-02-03 00:00:00+00:00,KXCHICAGOMAYOR,other,750,
87,KXCHICAGOMAYOR-27-KBUC,0.0,2026-02-03 00:00:00+00:00,KXCHICAGOMAYOR,other,750,
87,KXCHICAGOMAYOR-27-REMA,0.0,2026-02-03 00:00:00+00:00,KXCHICAGOMAYOR,other,750,
87,KXCHICAGOMAYOR-27-PVAL,0.0,2026-02-03 00:00:00+00:00,KXCHICAGOMAYOR,other,750,
87,KXCHICAGOMAYOR-27-MPAP,0.0,2026-02-03 00:00:00+00:00,KXCHICAGOMAYOR,other,750,
88,KXCHICAGOMAYOR-27-MQUI,1.0,2026-02-03 00:00:00+00:00,KXCHICAGOMAYOR,other,750,175.0
88,KXCHICAGOMAYOR-27-KBUC,0.0,2026-02-03 00:00:00+00:00,KXCHICAGOMAYOR,other,750,
88,KXCHICAGOMAYOR-27-JHOL,0.0,2026-02-03 00:00:00+00:00,KXCHICAGOMAYOR,other,750,
88,KXCHICAGOMAYOR-27-REMA,0.0,2026-02-03 00:00:00+00:00,KXCHICAGOMAYOR,other,750,
88,KXCHICAGOMAYOR-27-PVAL,0.0,2026-02-03 00:00:00+00:00,KXCHICAGOMAYOR,other,750,
88,KXCHICAGOMAYOR-27-MPAP,0.0,2026-02-03 00:00:00+00:00,KXCHICAGOMAYOR,other,750,
89,KXCONGRESSTESTIFY-27JAN-AFAU,1.0,2026-02-03 00:00:00+00:00,KXCONGRESSTESTIFY,other,332,310.0
89,KXCONGRESSTESTIFY-27JAN-JROL,0.0,2026-02-03 00:00:00+00:00,KXCONGRESSTESTIFY,other,332,
89,KXCONGRESSTESTIFY-27JAN-TSWI,0.0,2026-02-03 00:00:00+00:00,KXCONGRESSTESTIFY,other,332,
89,KXCONGRESSTESTIFY-27JAN-KHAR,0.0,2026-02-03 00:00:00+00:00,KXCONGRESSTESTIFY,other,332,
89,KXCONGRESSTESTIFY-27JAN-JBID,0.0,2026-02-03 00:00:00+00:00,KXCONGRESSTESTIFY,other,332,
90,KXCONGRESSTESTIFY-27JAN-JPOW,1.0,2026-02-03 00:00:00+00:00,KXCONGRESSTESTIFY,other,332,475.0
90,KXCONGRESSTESTIFY-27JAN-TSWI,0.0,2026-02-03 00:00:00+00:00,KXCONGRESSTESTIFY,other,332,
90,KXCONGRESSTESTIFY-27JAN-KHAR,0.0,2026-02-03 00:00:00+00:00,KXCONGRESSTESTIFY,other,332,
90,KXCONGRESSTESTIFY-27JAN-JBID,0.0,2026-02-03 00:00:00+00:00,KXCONGRESSTESTIFY,other,332,
90,KXCONGRESSTESTIFY-27JAN-JROL,0.0,2026-02-03 00:00:00+00:00,KXCONGRESSTESTIFY,other,332,
91,KXCONGRESSTESTIFY-27JAN-MZUC,1.0,2026-02-03 00:00:00+00:00,KXCONGRESSTESTIFY,other,332,925.0
91,KXCONGRESSTESTIFY-27JAN-JROL,0.0,2026-02-03 00:00:00+00:00,KXCONGRESSTESTIFY,other,332,
91,KXCONGRESSTESTIFY-27JAN-TSWI,0.0,2026-02-03 00:00:00+00:00,KXCONGRESSTESTIFY,other,332,
91,KXCONGRESSTESTIFY-27JAN-KHAR,0.0,2026-02-03 00:00:00+00:00,KXCONGRESSTESTIFY,other,332,
91,KXCONGRESSTESTIFY-27JAN-JBID,0.0,2026-02-03 00:00:00+00:00,KXCONGRESSTESTIFY,other,332,
92,KXCONGRESSTESTIFY-27JAN-SCHE,1.0,2026-02-03 00:00:00+00:00,KXCONGRESSTESTIFY,other,332,775.0
92,KXCONGRESSTESTIFY-27JAN-JROL,0.0,2026-02-03 00:00:00+00:00,KXCONGRESSTESTIFY,other,332,
92,KXCONGRESSTESTIFY-27JAN-TSWI,0.0,2026-02-03 00:00:00+00:00,KXCONGRESSTESTIFY,other,332,
92,KXCONGRESSTESTIFY-27JAN-KHAR,0.0,2026-02-03 00:00:00+00:00,KXCONGRESSTESTIFY,other,332,
92,KXCONGRESSTESTIFY-27JAN-JBID,0.0,2026-02-03 00:00:00+00:00,KXCONGRESSTESTIFY,other,332,
93,KXDECLAREPRESFIRSTD-28NOV07-JPRI,1.0,2026-02-03 00:00:00+00:00,KXDECLAREPRESFIRSTD,other,1008,10.0
93,KXDECLAREPRESFIRSTD-28NOV07-PBUT,0.0,2026-02-03 00:00:00+00:00,KXDECLAREPRESFIRSTD,other,1008,
93,KXDECLAREPRESFIRSTD-28NOV07-GWHI,0.0,2026-02-03 00:00:00+00:00,KXDECLAREPRESFIRSTD,other,1008,
93,KXDECLAREPRESFIRSTD-28NOV07-JSHA,0.0,2026-02-03 00:00:00+00:00,KXDECLAREPRESFIRSTD,other,1008,
93,KXDECLAREPRESFIRSTD-28NOV07-AOCA,0.0,2026-02-03 00:00:00+00:00,KXDECLAREPRESFIRSTD,other,1008,
93,KXDECLAREPRESFIRSTD-28NOV07-JOSS,0.0,2026-02-03 00:00:00+00:00,KXDECLAREPRESFIRSTD,other,1008,
93,KXDECLAREPRESFIRSTD-28NOV07-WMOO,0.0,2026-02-03 00:00:00+00:00,KXDECLAREPRESFIRSTD,other,1008,
94,KXDOMINICANREPUBLICDEPUTIES-28-FP,1.0,2026-02-03 00:00:00+00:00,KXDOMINICANREPUBLICDEPUTIES,other,1201,325.0
94,KXDOMINICANREPUBLICDEPUTIES-28-PLD,0.0,2026-02-03 00:00:00+00:00,KXDOMINICANREPUBLICDEPUTIES,other,1201,
95,KXDOMINICANREPUBLICDEPUTIES-28-PRM,1.0,2026-02-03 00:00:00+00:00,KXDOMINICANREPUBLICDEPUTIES,other,1201,175.0
95,KXDOMINICANREPUBLICDEPUTIES-28-PLD,0.0,2026-02-03 00:00:00+00:00,KXDOMINICANREPUBLICDEPUTIES,other,1201,
96,KXDOMINICANREPUBLICSENATE-28-FP,1.0,2026-02-03 00:00:00+00:00,KXDOMINICANREPUBLICSENATE,other,1213,475.0
96,KXDOMINICANREPUBLICSENATE-28-PLD,0.0,2026-02-03 00:00:00+00:00,KXDOMINICANREPUBLICSENATE,other,1213,
97,KXFINLANDPARLI-27-NCP,1.0,2026-02-03 00:00:00+00:00,KXFINLANDPARLI,other,816,175.0
97,KXFINLANDPARLI-27-FINNS,0.0,2026-02-03 00:00:00+00:00,KXFINLANDPARLI,other,816,
97,KXFINLANDPARLI-27-GREEN,0.0,2026-02-03 00:00:00+00:00,KXFINLANDPARLI,other,816,
97,KXFINLANDPARLI-27-LEFT,0.0,2026-02-03 00:00:00+00:00,KXFINLANDPARLI,other,816,
98,KXFIRSTPRIMARYD-28-NV,1.0,2026-02-03 00:00:00+00:00,KXFIRSTPRIMARYD,other,193,310.0
98,KXFIRSTPRIMARYD-28-IA,0.0,2026-02-03 00:00:00+00:00,KXFIRSTPRIMARYD,other,193,
98,KXFIRSTPRIMARYD-28-DE,0.0,2026-02-03 00:00:00+00:00,KXFIRSTPRIMARYD,other,193,
98,KXFIRSTPRIMARYD-28-NC,0.0,2026-02-03 00:00:00+00:00,KXFIRSTPRIMARYD,other,193,
98,KXFIRSTPRIMARYD-28-NM,0.0,2026-02-03 00:00:00+00:00,KXFIRSTPRIMARYD,other,193,
98,KXFIRSTPRIMARYD-28-TN,0.0,2026-02-03 00:00:00+00:00,KXFIRSTPRIMARYD,other,193,
98,KXFIRSTPRIMARYD-28-VA,0.0,2026-02-03 00:00:00+00:00,KXFIRSTPRIMARYD,other,193,
98,KXFIRSTPRIMARYD-28-MI,0.0,2026-02-03 00:00:00+00:00,KXFIRSTPRIMARYD,other,193,
98,KXFIRSTPRIMARYD-28-GA,0.0,2026-02-03 00:00:00+00:00,KXFIRSTPRIMARYD,other,193,
98,KXFIRSTPRIMARYD-28-IL,0.0,2026-02-03 00:00:00+00:00,KXFIRSTPRIMARYD,other,193,
99,KXFL19R-26-MCAW,1.0,2026-02-03 00:00:00+00:00,KXFL19R,other,197,25.0
99,KXFL19R-26-SROA,0.0,2026-02-03 00:00:00+00:00,KXFL19R,other,197,
99,KXFL19R-26-JOBE,0.0,2026-02-03 00:00:00+00:00,KXFL19R,other,197,
99,KXFL19R-26-BROM,0.0,2026-02-03 00:00:00+00:00,KXFL19R,other,197,
100,KXFRENCHPRES-27-EPHI,1.0,2026-02-03 00:00:00+00:00,KXFRENCHPRES,other,847,165.0
100,KXFRENCHPRES-27-JMEL,0.0,2026-02-03 00:00:00+00:00,KXFRENCHPRES,other,847,
100,KXFRENCHPRES-27-GATT,0.0,2026-02-03 00:00:00+00:00,KXFRENCHPRES,other,847,
100,KXFRENCHPRES-27-DVIL,0.0,2026-02-03 00:00:00+00:00,KXFRENCHPRES,other,847,
100,KXFRENCHPRES-27-BRET,0.0,2026-02-03 00:00:00+00:00,KXFRENCHPRES,other,847,
100,KXFRENCHPRES-27-SKNA,0.0,2026-02-03 00:00:00+00:00,KXFRENCHPRES,other,847,
100,KXFRENCHPRES-27-SLEC,0.0,2026-02-03 00:00:00+00:00,KXFRENCHPRES,other,847,
100,KXFRENCHPRES-27-DLIS,0.0,2026-02-03 00:00:00+00:00,KXFRENCHPRES,other,847,
100,KXFRENCHPRES-27-FBAY,0.0,2026-02-03 00:00:00+00:00,KXFRENCHPRES,other,847,
100,KXFRENCHPRES-27-XBER,0.0,2026-02-03 00:00:00+00:00,KXFRENCHPRES,other,847,
100,KXFRENCHPRES-27-BCAZ,0.0,2026-02-03 00:00:00+00:00,KXFRENCHPRES,other,847,
101,KXGA1ROUND-26NOV03-AG,1.0,2026-02-03 00:00:00+00:00,KXGA1ROUND,other,638,325.0
101,KXGA1ROUND-26NOV03-COM,0.0,2026-02-03 00:00:00+00:00,KXGA1ROUND,other,638,
101,KXGA1ROUND-26NOV03-COL,0.0,2026-02-03 00:00:00+00:00,KXGA1ROUND,other,638,
102,KXGA1ROUND-26NOV03-COI,1.0,2026-02-03 00:00:00+00:00,KXGA1ROUND,other,638,175.0
102,KXGA1ROUND-26NOV03-COM,0.0,2026-02-03 00:00:00+00:00,KXGA1ROUND,other,638,
102,KXGA1ROUND-26NOV03-COL,0.0,2026-02-03 00:00:00+00:00,KXGA1ROUND,other,638,
103,KXGA1ROUND-26NOV03-GOV,1.0,2026-02-03 00:00:00+00:00,KXGA1ROUND,other,638,175.0
103,KXGA1ROUND-26NOV03-COM,0.0,2026-02-03 00:00:00+00:00,KXGA1ROUND,other,638,
103,KXGA1ROUND-26NOV03-COL,0.0,2026-02-03 00:00:00+00:00,KXGA1ROUND,other,638,
104,KXGA1ROUND-26NOV03-LTGOV,1.0,2026-02-03 00:00:00+00:00,KXGA1ROUND,other,638,325.0
104,KXGA1ROUND-26NOV03-COM,0.0,2026-02-03 00:00:00+00:00,KXGA1ROUND,other,638,
104,KXGA1ROUND-26NOV03-COL,0.0,2026-02-03 00:00:00+00:00,KXGA1ROUND,other,638,
105,KXGA1ROUND-26NOV03-SEN,1.0,2026-02-03 00:00:00+00:00,KXGA1ROUND,other,638,15.0
105,KXGA1ROUND-26NOV03-COM,0.0,2026-02-03 00:00:00+00:00,KXGA1ROUND,other,638,
105,KXGA1ROUND-26NOV03-COL,0.0,2026-02-03 00:00:00+00:00,KXGA1ROUND,other,638,
106,KXGA1ROUND-26NOV03-SOS,1.0,2026-02-03 00:00:00+00:00,KXGA1ROUND,other,638,10.0
106,KXGA1ROUND-26NOV03-COM,0.0,2026-02-03 00:00:00+00:00,KXGA1ROUND,other,638,
106,KXGA1ROUND-26NOV03-COL,0.0,2026-02-03 00:00:00+00:00,KXGA1ROUND,other,638,
107,KXGA1ROUND-26NOV03-SUP,1.0,2026-02-03 00:00:00+00:00,KXGA1ROUND,other,638,325.0
107,KXGA1ROUND-26NOV03-COM,0.0,2026-02-03 00:00:00+00:00,KXGA1ROUND,other,638,
107,KXGA1ROUND-26NOV03-COL,0.0,2026-02-03 00:00:00+00:00,KXGA1ROUND,other,638,
108,KXGOVAKPRIMARY-26-DBRO,1.0,2026-02-03 00:00:00+00:00,KXGOVAKPRIMARY,other,207,25.0
108,KXGOVAKPRIMARY-26-BWIL,0.0,2026-02-03 00:00:00+00:00,KXGOVAKPRIMARY,other,207,
108,KXGOVAKPRIMARY-26-LMUR,0.0,2026-02-03 00:00:00+00:00,KXGOVAKPRIMARY,other,207,
108,KXGOVAKPRIMARY-26-TBEG,0.0,2026-02-03 00:00:00+00:00,KXGOVAKPRIMARY,other,207,
108,KXGOVAKPRIMARY-26-ACRU,0.0,2026-02-03 00:00:00+00:00,KXGOVAKPRIMARY,other,207,
108,KXGOVAKPRIMARY-26-EDEV,0.0,2026-02-03 00:00:00+00:00,KXGOVAKPRIMARY,other,207,
108,KXGOVAKPRIMARY-26-MCLA,0.0,2026-02-03 00:00:00+00:00,KXGOVAKPRIMARY,other,207,
108,KXGOVAKPRIMARY-26-SHUG,0.0,2026-02-03 00:00:00+00:00,KXGOVAKPRIMARY,other,207,
108,KXGOVAKPRIMARY-26-MHEI,0.0,2026-02-03 00:00:00+00:00,KXGOVAKPRIMARY,other,207,
108,KXGOVAKPRIMARY-26-MPEL,0.0,2026-02-03 00:00:00+00:00,KXGOVAKPRIMARY,other,207,
109,KXGOVAKPRIMARY-26-NDAH,1.0,2026-02-03 00:00:00+00:00,KXGOVAKPRIMARY,other,210,175.0
109,KXGOVAKPRIMARY-26-TBEG,0.0,2026-02-03 00:00:00+00:00,KXGOVAKPRIMARY,other,210,
109,KXGOVAKPRIMARY-26-LMUR,0.0,2026-02-03 00:00:00+00:00,KXGOVAKPRIMARY,other,210,
109,KXGOVAKPRIMARY-26-ACRU,0.0,2026-02-03 00:00:00+00:00,KXGOVAKPRIMARY,other,210,
109,KXGOVAKPRIMARY-26-EDEV,0.0,2026-02-03 00:00:00+00:00,KXGOVAKPRIMARY,other,210,
109,KXGOVAKPRIMARY-26-MCLA,0.0,2026-02-03 00:00:00+00:00,KXGOVAKPRIMARY,other,210,
109,KXGOVAKPRIMARY-26-SHUG,0.0,2026-02-03 00:00:00+00:00,KXGOVAKPRIMARY,other,210,
109,KXGOVAKPRIMARY-26-MHEI,0.0,2026-02-03 00:00:00+00:00,KXGOVAKPRIMARY,other,210,
109,KXGOVAKPRIMARY-26-BWIL,0.0,2026-02-03 00:00:00+00:00,KXGOVAKPRIMARY,other,210,
109,KXGOVAKPRIMARY-26-MPEL,0.0,2026-02-03 00:00:00+00:00,KXGOVAKPRIMARY,other,210,
110,KXGOVWINOMD-26-FHON,1.0,2026-02-03 00:00:00+00:00,KXGOVWINOMD,other,190,15.0
110,KXGOVWINOMD-26-DCRO,0.0,2026-02-03 00:00:00+00:00,KXGOVWINOMD,other,190,
110,KXGOVWINOMD-26-SROD,0.0,2026-02-03 00:00:00+00:00,KXGOVWINOMD,other,190,
110,KXGOVWINOMD-26-JBRE,0.0,2026-02-03 00:00:00+00:00,KXGOVWINOMD,other,190,
110,KXGOVWINOMD-26-BHUL,0.0,2026-02-03 00:00:00+00:00,KXGOVWINOMD,other,190,
110,KXGOVWINOMD-26-MHUG,0.0,2026-02-03 00:00:00+00:00,KXGOVWINOMD,other,190,
110,KXGOVWINOMD-26-TEVE,0.0,2026-02-03 00:00:00+00:00,KXGOVWINOMD,other,190,
110,KXGOVWINOMD-26-BWIK,0.0,2026-02-03 00:00:00+00:00,KXGOVWINOMD,other,190,
110,KXGOVWINOMD-26-JKAU,0.0,2026-02-03 00:00:00+00:00,KXGOVWINOMD,other,190,
110,KXGOVWINOMD-26-KROY,0.0,2026-02-03 00:00:00+00:00,KXGOVWINOMD,other,190,
111,KXGOVWINOMD-26-MBAR,1.0,2026-02-03 00:00:00+00:00,KXGOVWINOMD,other,190,15.0
111,KXGOVWINOMD-26-DCRO,0.0,2026-02-03 00:00:00+00:00,KXGOVWINOMD,other,190,
111,KXGOVWINOMD-26-SROD,0.0,2026-02-03 00:00:00+00:00,KXGOVWINOMD,other,190,
111,KXGOVWINOMD-26-JBRE,0.0,2026-02-03 00:00:00+00:00,KXGOVWINOMD,other,190,
111,KXGOVWINOMD-26-BHUL,0.0,2026-02-03 00:00:00+00:00,KXGOVWINOMD,other,190,
111,KXGOVWINOMD-26-MHUG,0.0,2026-02-03 00:00:00+00:00,KXGOVWINOMD,other,190,
111,KXGOVWINOMD-26-TEVE,0.0,2026-02-03 00:00:00+00:00,KXGOVWINOMD,other,190,
111,KXGOVWINOMD-26-BWIK,0.0,2026-02-03 00:00:00+00:00,KXGOVWINOMD,other,190,
111,KXGOVWINOMD-26-JKAU,0.0,2026-02-03 00:00:00+00:00,KXGOVWINOMD,other,190,
111,KXGOVWINOMD-26-KROY,0.0,2026-02-03 00:00:00+00:00,KXGOVWINOMD,other,190,
112,KXGUATEMALACONGRESS-27-SEMILLA,1.0,2026-02-03 00:00:00+00:00,KXGUATEMALACONGRESS,other,939,625.0
112,KXGUATEMALACONGRESS-27-CABAL,0.0,2026-02-03 00:00:00+00:00,KXGUATEMALACONGRESS,other,939,
112,KXGUATEMALACONGRESS-27-VALOR,0.0,2026-02-03 00:00:00+00:00,KXGUATEMALACONGRESS,other,939,
112,KXGUATEMALACONGRESS-27-TODOS,0.0,2026-02-03 00:00:00+00:00,KXGUATEMALACONGRESS,other,939,
112,KXGUATEMALACONGRESS-27-VIVA,0.0,2026-02-03 00:00:00+00:00,KXGUATEMALACONGRESS,other,939,
113,KXGUATEMALACONGRESS-27-UNE,1.0,2026-02-03 00:00:00+00:00,KXGUATEMALACONGRESS,other,939,460.0
113,KXGUATEMALACONGRESS-27-CABAL,0.0,2026-02-03 00:00:00+00:00,KXGUATEMALACONGRESS,other,939,
113,KXGUATEMALACONGRESS-27-VALOR,0.0,2026-02-03 00:00:00+00:00,KXGUATEMALACONGRESS,other,939,
113,KXGUATEMALACONGRESS-27-TODOS,0.0,2026-02-03 00:00:00+00:00,KXGUATEMALACONGRESS,other,939,
113,KXGUATEMALACONGRESS-27-VIVA,0.0,2026-02-03 00:00:00+00:00,KXGUATEMALACONGRESS,other,939,
114,KXGUATEMALACONGRESS-27-VAMOS,1.0,2026-02-03 00:00:00+00:00,KXGUATEMALACONGRESS,other,939,475.0
114,KXGUATEMALACONGRESS-27-CABAL,0.0,2026-02-03 00:00:00+00:00,KXGUATEMALACONGRESS,other,939,
114,KXGUATEMALACONGRESS-27-VALOR,0.0,2026-02-03 00:00:00+00:00,KXGUATEMALACONGRESS,other,939,
114,KXGUATEMALACONGRESS-27-TODOS,0.0,2026-02-03 00:00:00+00:00,KXGUATEMALACONGRESS,other,939,
114,KXGUATEMALACONGRESS-27-VIVA,0.0,2026-02-03 00:00:00+00:00,KXGUATEMALACONGRESS,other,939,
115,KXHOUSERACE-FL07-26-R,1.0,2026-02-03 00:00:00+00:00,KXHOUSERACE,other,638,160.0
115,KXHOUSERACE-NM03-26-R,0.0,2026-02-03 00:00:00+00:00,KXHOUSERACE,other,638,
115,KXHOUSERACE-TX02-26-R,0.0,2026-02-03 00:00:00+00:00,KXHOUSERACE,other,638,
115,KXHOUSERACE-CO01-26-R,0.0,2026-02-03 00:00:00+00:00,KXHOUSERACE,other,638,
115,KXHOUSERACE-NC13-26-R,0.0,2026-02-03 00:00:00+00:00,KXHOUSERACE,other,638,
115,KXHOUSERACE-NC09-26-R,0.0,2026-02-03 00:00:00+00:00,KXHOUSERACE,other,638,
115,KXHOUSERACE-MN07-26-R,0.0,2026-02-03 00:00:00+00:00,KXHOUSERACE,other,638,
115,KXHOUSERACE-MO01-26-R,0.0,2026-02-03 00:00:00+00:00,KXHOUSERACE,other,638,
115,KXHOUSERACE-TX25-26-R,0.0,2026-02-03 00:00:00+00:00,KXHOUSERACE,other,638,
115,KXHOUSERACE-FL28-26-R,0.0,2026-02-03 00:00:00+00:00,KXHOUSERACE,other,638,
115,KXHOUSERACE-FL15-26-D,0.0,2026-02-03 00:00:00+00:00,KXHOUSERACE,other,638,
116,KXHOUSERACE-VA03-26-D,1.0,2026-02-03 00:00:00+00:00,KXHOUSERACE,other,638,10.0
116,KXHOUSERACE-DEAL-26-D,0.0,2026-02-03 00:00:00+00:00,KXHOUSERACE,other,638,
116,KXHOUSERACE-KS01-26-R,0.0,2026-02-03 00:00:00+00:00,KXHOUSERACE,other,638,
116,KXHOUSERACE-KS04-26-R,0.0,2026-02-03 00:00:00+00:00,KXHOUSERACE,other,638,
116,KXHOUSERACE-KY05-26-R,0.0,2026-02-03 00:00:00+00:00,KXHOUSERACE,other,638,
116,KXHOUSERACE-LA01-26-R,0.0,2026-02-03 00:00:00+00:00,KXHOUSERACE,other,638,
116,KXHOUSERACE-LA03-26-R,0.0,2026-02-03 00:00:00+00:00,KXHOUSERACE,other,638,
116,KXHOUSERACE-LA04-26-R,0.0,2026-02-03 00:00:00+00:00,KXHOUSERACE,other,638,
116,KXHOUSERACE-LA06-26-D,0.0,2026-02-03 00:00:00+00:00,KXHOUSERACE,other,638,
116,KXHOUSERACE-MA01-26-D,0.0,2026-02-03 00:00:00+00:00,KXHOUSERACE,other,638,
116,KXHOUSERACE-MA02-26-D,0.0,2026-02-03 00:00:00+00:00,KXHOUSERACE,other,638,
117,KXHOUSEVA10-26-D,1.0,2026-02-03 00:00:00+00:00,KXHOUSEVA10,other,638,25.0
117,KXHOUSEVA10-26-R,0.0,2026-02-03 00:00:00+00:00,KXHOUSEVA10,other,638,
118,KXHOWMANYSPEAKERHOUSE-27JAN-SPE-1,1.0,2026-02-03 00:00:00+00:00,KXHOWMANYSPEAKERHOUSE,other,339,160.0
118,KXHOWMANYSPEAKERHOUSE-27JAN-SPE-2,0.0,2026-02-03 00:00:00+00:00,KXHOWMANYSPEAKERHOUSE,other,339,
118,KXHOWMANYSPEAKERHOUSE-27JAN-SPE-3,0.0,2026-02-03 00:00:00+00:00,KXHOWMANYSPEAKERHOUSE,other,339,
119,KXITALYDEPUTIES-27-PD,1.0,2026-02-03 00:00:00+00:00,KXITALYDEPUTIES,other,1061,475.0
119,KXITALYDEPUTIES-27-M5S,0.0,2026-02-03 00:00:00+00:00,KXITALYDEPUTIES,other,1061,
119,KXITALYDEPUTIES-27-FORZA,0.0,2026-02-03 00:00:00+00:00,KXITALYDEPUTIES,other,1061,
119,KXITALYDEPUTIES-27-LEGA,0.0,2026-02-03 00:00:00+00:00,KXITALYDEPUTIES,other,1061,
120,KXITALYSENATE-27-FDI,1.0,2026-02-03 00:00:00+00:00,KXITALYSENATE,other,1061,325.0
120,KXITALYSENATE-27-PD,0.0,2026-02-03 00:00:00+00:00,KXITALYSENATE,other,1061,
120,KXITALYSENATE-27-M5S,0.0,2026-02-03 00:00:00+00:00,KXITALYSENATE,other,1061,
120,KXITALYSENATE-27-FORZA,0.0,2026-02-03 00:00:00+00:00,KXITALYSENATE,other,1061,
120,KXITALYSENATE-27-LEGA,0.0,2026-02-03 00:00:00+00:00,KXITALYSENATE,other,1061,
121,KXKENYAASSEMBLY-27-ODM,1.0,2026-02-03 00:00:00+00:00,KXKENYAASSEMBLY,other,939,775.0
121,KXKENYAASSEMBLY-27-DCP,0.0,2026-02-03 00:00:00+00:00,KXKENYAASSEMBLY,other,939,
122,KXKENYAASSEMBLY-27-UDA,1.0,2026-02-03 00:00:00+00:00,KXKENYAASSEMBLY,other,939,775.0
122,KXKENYAASSEMBLY-27-DCP,0.0,2026-02-03 00:00:00+00:00,KXKENYAASSEMBLY,other,939,
123,KXKENYASENATE-27-ODM,1.0,2026-02-03 00:00:00+00:00,KXKENYASENATE,other,939,475.0
123,KXKENYASENATE-27-DCP,0.0,2026-02-03 00:00:00+00:00,KXKENYASENATE,other,939,
124,KXKENYASENATE-27-UDA,1.0,2026-02-03 00:00:00+00:00,KXKENYASENATE,other,939,775.0
124,KXKENYASENATE-27-DCP,0.0,2026-02-03 00:00:00+00:00,KXKENYASENATE,other,939,
125,KXLEADERSOUT-27JAN01-TRUEPDRC,1.0,2026-02-03 00:00:00+00:00,KXLEADERSOUT,other,333,160.0
125,KXLEADERSOUT-27JAN01-CSHEPMEX,0.0,2026-02-03 00:00:00+00:00,KXLEADERSOUT,other,333,
125,KXLEADERSOUT-27JAN01-FMERCGER,0.0,2026-02-03 00:00:00+00:00,KXLEADERSOUT,other,333,
125,KXLEADERSOUT-27JAN01-GMELITA,0.0,2026-02-03 00:00:00+00:00,KXLEADERSOUT,other,333,
125,KXLEADERSOUT-27JAN01-RERDTUR,0.0,2026-02-03 00:00:00+00:00,KXLEADERSOUT,other,333,
125,KXLEADERSOUT-27JAN01-RPERBOL,0.0,2026-02-03 00:00:00+00:00,KXLEADERSOUT,other,333,
125,KXLEADERSOUT-27JAN01-VPUTRUS,0.0,2026-02-03 00:00:00+00:00,KXLEADERSOUT,other,333,
125,KXLEADERSOUT-27JAN01-CRAMSAFR,0.0,2026-02-03 00:00:00+00:00,KXLEADERSOUT,other,333,
125,KXLEADERSOUT-27JAN01-XJINCHI,0.0,2026-02-03 00:00:00+00:00,KXLEADERSOUT,other,333,
125,KXLEADERSOUT-27JAN01-IALIPGUY,0.0,2026-02-03 00:00:00+00:00,KXLEADERSOUT,other,333,
125,KXLEADERSOUT-27JAN01-LSILBRA,0.0,2026-02-03 00:00:00+00:00,KXLEADERSOUT,other,333,
126,KXMARALAGO-27-MZUC,1.0,2026-02-03 00:00:00+00:00,KXMARALAGO,other,332,160.0
126,KXMARALAGO-27-JFIS,0.0,2026-02-03 00:00:00+00:00,KXMARALAGO,other,332,
126,KXMARALAGO-27-VPUT,0.0,2026-02-03 00:00:00+00:00,KXMARALAGO,other,332,
126,KXMARALAGO-27-BNET,0.0,2026-02-03 00:00:00+00:00,KXMARALAGO,other,332,
127,KXMARALAGO-27-VZEL,1.0,2026-02-03 00:00:00+00:00,KXMARALAGO,other,332,310.0
127,KXMARALAGO-27-JFIS,0.0,2026-02-03 00:00:00+00:00,KXMARALAGO,other,332,
127,KXMARALAGO-27-VPUT,0.0,2026-02-03 00:00:00+00:00,KXMARALAGO,other,332,
127,KXMARALAGO-27-BNET,0.0,2026-02-03 00:00:00+00:00,KXMARALAGO,other,332,
128,KXMARALAGO-27-XJIN,1.0,2026-02-03 00:00:00+00:00,KXMARALAGO,other,332,10.0
128,KXMARALAGO-27-JFIS,0.0,2026-02-03 00:00:00+00:00,KXMARALAGO,other,332,
128,KXMARALAGO-27-VPUT,0.0,2026-02-03 00:00:00+00:00,KXMARALAGO,other,332,
128,KXMARALAGO-27-BNET,0.0,2026-02-03 00:00:00+00:00,KXMARALAGO,other,332,
129,KXMAYORCHI-27-AGIA,1.0,2026-02-03 00:00:00+00:00,KXMAYORCHI,other,750,625.0
129,KXMAYORCHI-27-KBUC,0.0,2026-02-03 00:00:00+00:00,KXMAYORCHI,other,750,
129,KXMAYORCHI-27-REMA,0.0,2026-02-03 00:00:00+00:00,KXMAYORCHI,other,750,
129,KXMAYORCHI-27-PVAL,0.0,2026-02-03 00:00:00+00:00,KXMAYORCHI,other,750,
129,KXMAYORCHI-27-JHOL,0.0,2026-02-03 00:00:00+00:00,KXMAYORCHI,other,750,
129,KXMAYORCHI-27-BJOH,0.0,2026-02-03 00:00:00+00:00,KXMAYORCHI,other,750,
130,KXMAYORCHI-27-MPAP,1.0,2026-02-03 00:00:00+00:00,KXMAYORCHI,other,750,475.0
130,KXMAYORCHI-27-KBUC,0.0,2026-02-03 00:00:00+00:00,KXMAYORCHI,other,750,
130,KXMAYORCHI-27-REMA,0.0,2026-02-03 00:00:00+00:00,KXMAYORCHI,other,750,
130,KXMAYORCHI-27-PVAL,0.0,2026-02-03 00:00:00+00:00,KXMAYORCHI,other,750,
130,KXMAYORCHI-27-JHOL,0.0,2026-02-03 00:00:00+00:00,KXMAYORCHI,other,750,
130,KXMAYORCHI-27-BJOH,0.0,2026-02-03 00:00:00+00:00,KXMAYORCHI,other,750,
131,KXMEXICODEPUTIES-27-PAN,1.0,2026-02-03 00:00:00+00:00,KXMEXICODEPUTIES,other,877,325.0
131,KXMEXICODEPUTIES-27-MORENA,0.0,2026-02-03 00:00:00+00:00,KXMEXICODEPUTIES,other,877,
131,KXMEXICODEPUTIES-27-PRI,0.0,2026-02-03 00:00:00+00:00,KXMEXICODEPUTIES,other,877,
131,KXMEXICODEPUTIES-27-MC,0.0,2026-02-03 00:00:00+00:00,KXMEXICODEPUTIES,other,877,
131,KXMEXICODEPUTIES-27-PT,0.0,2026-02-03 00:00:00+00:00,KXMEXICODEPUTIES,other,877,
131,KXMEXICODEPUTIES-27-PVEM,0.0,2026-02-03 00:00:00+00:00,KXMEXICODEPUTIES,other,877,
132,KXMONGOLIAPRES-27-GZAN,1.0,2026-02-03 00:00:00+00:00,KXMONGOLIAPRES,other,877,625.0
132,KXMONGOLIAPRES-27-KBAT,0.0,2026-02-03 00:00:00+00:00,KXMONGOLIAPRES,other,877,
133,KXNEWZEALANDPARLI-26DEC31-LAB,1.0,2026-02-03 00:00:00+00:00,KXNEWZEALANDPARLI,other,696,175.0
133,KXNEWZEALANDPARLI-26DEC31-ACT,0.0,2026-02-03 00:00:00+00:00,KXNEWZEALANDPARLI,other,696,
133,KXNEWZEALANDPARLI-26DEC31-GRN,0.0,2026-02-03 00:00:00+00:00,KXNEWZEALANDPARLI,other,696,
133,KXNEWZEALANDPARLI-26DEC31-NZF,0.0,2026-02-03 00:00:00+00:00,KXNEWZEALANDPARLI,other,696,
133,KXNEWZEALANDPARLI-26DEC31-TPM,0.0,2026-02-03 00:00:00+00:00,KXNEWZEALANDPARLI,other,696,
134,KXNEWZEALANDPARLI-26DEC31-NAT,1.0,2026-02-03 00:00:00+00:00,KXNEWZEALANDPARLI,other,696,25.0
134,KXNEWZEALANDPARLI-26DEC31-ACT,0.0,2026-02-03 00:00:00+00:00,KXNEWZEALANDPARLI,other,696,
134,KXNEWZEALANDPARLI-26DEC31-GRN,0.0,2026-02-03 00:00:00+00:00,KXNEWZEALANDPARLI,other,696,
134,KXNEWZEALANDPARLI-26DEC31-NZF,0.0,2026-02-03 00:00:00+00:00,KXNEWZEALANDPARLI,other,696,
134,KXNEWZEALANDPARLI-26DEC31-TPM,0.0,2026-02-03 00:00:00+00:00,KXNEWZEALANDPARLI,other,696,
137,KXPARAGUAYDEPUTIES-28-CO,1.0,2026-02-03 00:00:00+00:00,KXPARAGUAYDEPUTIES,other,1182,475.0
137,KXPARAGUAYDEPUTIES-28-CN2023,0.0,2026-02-03 00:00:00+00:00,KXPARAGUAYDEPUTIES,other,1182,
137,KXPARAGUAYDEPUTIES-28-PCN,0.0,2026-02-03 00:00:00+00:00,KXPARAGUAYDEPUTIES,other,1182,
137,KXPARAGUAYDEPUTIES-28-PEN,0.0,2026-02-03 00:00:00+00:00,KXPARAGUAYDEPUTIES,other,1182,
137,KXPARAGUAYDEPUTIES-28-PPQ,0.0,2026-02-03 00:00:00+00:00,KXPARAGUAYDEPUTIES,other,1182,
138,KXPARAGUAYDEPUTIES-28-PLRA,1.0,2026-02-03 00:00:00+00:00,KXPARAGUAYDEPUTIES,other,1182,175.0
138,KXPARAGUAYDEPUTIES-28-CN2023,0.0,2026-02-03 00:00:00+00:00,KXPARAGUAYDEPUTIES,other,1182,
138,KXPARAGUAYDEPUTIES-28-PCN,0.0,2026-02-03 00:00:00+00:00,KXPARAGUAYDEPUTIES,other,1182,
138,KXPARAGUAYDEPUTIES-28-PEN,0.0,2026-02-03 00:00:00+00:00,KXPARAGUAYDEPUTIES,other,1182,
138,KXPARAGUAYDEPUTIES-28-PPQ,0.0,2026-02-03 00:00:00+00:00,KXPARAGUAYDEPUTIES,other,1182,
139,KXPARAGUAYSENATE-28-PLRA,1.0,2026-02-03 00:00:00+00:00,KXPARAGUAYSENATE,other,1182,475.0
139,KXPARAGUAYSENATE-28-CN2023,0.0,2026-02-03 00:00:00+00:00,KXPARAGUAYSENATE,other,1182,
139,KXPARAGUAYSENATE-28-PCN,0.0,2026-02-03 00:00:00+00:00,KXPARAGUAYSENATE,other,1182,
139,KXPARAGUAYSENATE-28-PEN,0.0,2026-02-03 00:00:00+00:00,KXPARAGUAYSENATE,other,1182,
139,KXPARAGUAYSENATE-28-PPQ,0.0,2026-02-03 00:00:00+00:00,KXPARAGUAYSENATE,other,1182,
140,KXPARLITURKEY-28-CHP,1.0,2026-02-03 00:00:00+00:00,KXPARLITURKEY,other,1189,310.0
140,KXPARLITURKEY-28-DEM,0.0,2026-02-03 00:00:00+00:00,KXPARLITURKEY,other,1189,
140,KXPARLITURKEY-28-MHP,0.0,2026-02-03 00:00:00+00:00,KXPARLITURKEY,other,1189,
141,KXPOLANDSEJM-27-PIS,1.0,2026-02-03 00:00:00+00:00,KXPOLANDSEJM,other,1011,325.0
141,KXPOLANDSEJM-27-KO,0.0,2026-02-03 00:00:00+00:00,KXPOLANDSEJM,other,1011,
141,KXPOLANDSEJM-27-CONFED,0.0,2026-02-03 00:00:00+00:00,KXPOLANDSEJM,other,1011,
141,KXPOLANDSEJM-27-LEFT,0.0,2026-02-03 00:00:00+00:00,KXPOLANDSEJM,other,1011,
141,KXPOLANDSEJM-27-THIRD,0.0,2026-02-03 00:00:00+00:00,KXPOLANDSEJM,other,1011,
142,KXPRESTURKEYR1-28-RTAY,1.0,2026-02-03 00:00:00+00:00,KXPRESTURKEYR1,other,1189,460.0
142,KXPRESTURKEYR1-28-MYAV,0.0,2026-02-03 00:00:00+00:00,KXPRESTURKEYR1,other,1189,
143,KXRECOGPALESTINE-27-AUS,1.0,2026-02-03 00:00:00+00:00,KXRECOGPALESTINE,other,332,160.0
143,KXRECOGPALESTINE-27-SK,0.0,2026-02-03 00:00:00+00:00,KXRECOGPALESTINE,other,332,
143,KXRECOGPALESTINE-27-USA,0.0,2026-02-03 00:00:00+00:00,KXRECOGPALESTINE,other,332,
144,KXRECOGPALESTINE-27-GRE,1.0,2026-02-03 00:00:00+00:00,KXRECOGPALESTINE,other,332,160.0
144,KXRECOGPALESTINE-27-SK,0.0,2026-02-03 00:00:00+00:00,KXRECOGPALESTINE,other,332,
144,KXRECOGPALESTINE-27-USA,0.0,2026-02-03 00:00:00+00:00,KXRECOGPALESTINE,other,332,
145,KXSENATEKSD-26-SDAV,1.0,2026-02-03 00:00:00+00:00,KXSENATEKSD,other,183,25.0
145,KXSENATEKSD-26-SNEU,0.0,2026-02-03 00:00:00+00:00,KXSENATEKSD,other,183,
145,KXSENATEKSD-26-APAR,0.0,2026-02-03 00:00:00+00:00,KXSENATEKSD,other,183,
145,KXSENATEKSD-26-MSOE,0.0,2026-02-03 00:00:00+00:00,KXSENATEKSD,other,183,
145,KXSENATEKSD-26-LKEL,0.0,2026-02-03 00:00:00+00:00,KXSENATEKSD,other,183,
145,KXSENATEKSD-26-MHOL,0.0,2026-02-03 00:00:00+00:00,KXSENATEKSD,other,183,
146,KXTHEGAMBIAPRES-26-ABAR,1.0,2026-02-03 00:00:00+00:00,KXTHEGAMBIAPRES,other,696,910.0
146,KXTHEGAMBIAPRES-26-MKAN,0.0,2026-02-03 00:00:00+00:00,KXTHEGAMBIAPRES,other,696,
146,KXTHEGAMBIAPRES-26-EFAA,0.0,2026-02-03 00:00:00+00:00,KXTHEGAMBIAPRES,other,696,
147,KXTHEGAMBIAPRES-26-ODAR,1.0,2026-02-03 00:00:00+00:00,KXTHEGAMBIAPRES,other,696,925.0
147,KXTHEGAMBIAPRES-26-MKAN,0.0,2026-02-03 00:00:00+00:00,KXTHEGAMBIAPRES,other,696,
147,KXTHEGAMBIAPRES-26-EFAA,0.0,2026-02-03 00:00:00+00:00,KXTHEGAMBIAPRES,other,696,
148,KXTRUMPAGCOUNT-29-3,1.0,2026-02-03 00:00:00+00:00,KXTRUMPAGCOUNT,other,1082,475.0
148,KXTRUMPAGCOUNT-29-4,0.0,2026-02-03 00:00:00+00:00,KXTRUMPAGCOUNT,other,1082,
148,KXTRUMPAGCOUNT-29-5,0.0,2026-02-03 00:00:00+00:00,KXTRUMPAGCOUNT,other,1082,
149,KXTRUMPMEETING-27JAN01-DJTRPAH,1.0,2026-02-03 00:00:00+00:00,KXTRUMPMEETING,other,332,315.0
149,KXTRUMPMEETING-27JAN01-NKJU,0.0,2026-02-03 00:00:00+00:00,KXTRUMPMEETING,other,332,
150,KXTRUMPMEETING-27JAN01-NPTHI,1.0,2026-02-03 00:00:00+00:00,KXTRUMPMEETING,other,332,160.0
150,KXTRUMPMEETING-27JAN01-NKJU,0.0,2026-02-03 00:00:00+00:00,KXTRUMPMEETING,other,332,
151,KXTRUMPPARDON-27JAN01-JKUS,1.0,2026-02-03 00:00:00+00:00,KXTRUMPPARDON,other,332,160.0
151,KXTRUMPPARDON-27JAN01-NMAD,0.0,2026-02-03 00:00:00+00:00,KXTRUMPPARDON,other,332,
151,KXTRUMPPARDON-27JAN01-SCOM,0.0,2026-02-03 00:00:00+00:00,KXTRUMPPARDON,other,332,
151,KXTRUMPPARDON-27JAN01-DJT,0.0,2026-02-03 00:00:00+00:00,KXTRUMPPARDON,other,332,
151,KXTRUMPPARDON-27JAN01-JMAL,0.0,2026-02-03 00:00:00+00:00,KXTRUMPPARDON,other,332,
151,KXTRUMPPARDON-27JAN01-ESNO,0.0,2026-02-03 00:00:00+00:00,KXTRUMPPARDON,other,332,
151,KXTRUMPPARDON-27JAN01-MSH,0.0,2026-02-03 00:00:00+00:00,KXTRUMPPARDON,other,332,
151,KXTRUMPPARDON-27JAN01-EHOL,0.0,2026-02-03 00:00:00+00:00,KXTRUMPPARDON,other,332,
151,KXTRUMPPARDON-27JAN01-THAT,0.0,2026-02-03 00:00:00+00:00,KXTRUMPPARDON,other,332,
152,KXTRUMPPARDON-27JAN01-LHOU,1.0,2026-02-03 00:00:00+00:00,KXTRUMPPARDON,other,332,325.0
152,KXTRUMPPARDON-27JAN01-MSH,0.0,2026-02-03 00:00:00+00:00,KXTRUMPPARDON,other,332,
152,KXTRUMPPARDON-27JAN01-ESNO,0.0,2026-02-03 00:00:00+00:00,KXTRUMPPARDON,other,332,
152,KXTRUMPPARDON-27JAN01-DJT,0.0,2026-02-03 00:00:00+00:00,KXTRUMPPARDON,other,332,
152,KXTRUMPPARDON-27JAN01-SCOM,0.0,2026-02-03 00:00:00+00:00,KXTRUMPPARDON,other,332,
152,KXTRUMPPARDON-27JAN01-NMAD,0.0,2026-02-03 00:00:00+00:00,KXTRUMPPARDON,other,332,
152,KXTRUMPPARDON-27JAN01-EHOL,0.0,2026-02-03 00:00:00+00:00,KXTRUMPPARDON,other,332,
152,KXTRUMPPARDON-27JAN01-JMAL,0.0,2026-02-03 00:00:00+00:00,KXTRUMPPARDON,other,332,
152,KXTRUMPPARDON-27JAN01-THAT,0.0,2026-02-03 00:00:00+00:00,KXTRUMPPARDON,other,332,
153,KXTRUMPPARDON-27JAN01-RSMI,1.0,2026-02-03 00:00:00+00:00,KXTRUMPPARDON,other,332,610.0
153,KXTRUMPPARDON-27JAN01-MSH,0.0,2026-02-03 00:00:00+00:00,KXTRUMPPARDON,other,332,
153,KXTRUMPPARDON-27JAN01-EHOL,0.0,2026-02-03 00:00:00+00:00,KXTRUMPPARDON,other,332,
153,KXTRUMPPARDON-27JAN01-ESNO,0.0,2026-02-03 00:00:00+00:00,KXTRUMPPARDON,other,332,
153,KXTRUMPPARDON-27JAN01-DJT,0.0,2026-02-03 00:00:00+00:00,KXTRUMPPARDON,other,332,
153,KXTRUMPPARDON-27JAN01-SCOM,0.0,2026-02-03 00:00:00+00:00,KXTRUMPPARDON,other,332,
153,KXTRUMPPARDON-27JAN01-NMAD,0.0,2026-02-03 00:00:00+00:00,KXTRUMPPARDON,other,332,
153,KXTRUMPPARDON-27JAN01-JMAL,0.0,2026-02-03 00:00:00+00:00,KXTRUMPPARDON,other,332,
153,KXTRUMPPARDON-27JAN01-THAT,0.0,2026-02-03 00:00:00+00:00,KXTRUMPPARDON,other,332,
154,KXTRUMPPARDONS-29JAN21-AMAS,1.0,2026-02-03 00:00:00+00:00,KXTRUMPPARDONS,other,1083,325.0
154,KXTRUMPPARDONS-29JAN21-GMAX,0.0,2026-02-03 00:00:00+00:00,KXTRUMPPARDONS,other,1083,
154,KXTRUMPPARDONS-29JAN21-SBF,0.0,2026-02-03 00:00:00+00:00,KXTRUMPPARDONS,other,1083,
154,KXTRUMPPARDONS-29JAN21-JASS,0.0,2026-02-03 00:00:00+00:00,KXTRUMPPARDONS,other,1083,
154,KXTRUMPPARDONS-29JAN21-EADA,0.0,2026-02-03 00:00:00+00:00,KXTRUMPPARDONS,other,1083,
154,KXTRUMPPARDONS-29JAN21-PMIC,0.0,2026-02-03 00:00:00+00:00,KXTRUMPPARDONS,other,1083,
154,KXTRUMPPARDONS-29JAN21-ESNO,0.0,2026-02-03 00:00:00+00:00,KXTRUMPPARDONS,other,1083,
154,KXTRUMPPARDONS-29JAN21-HBID,0.0,2026-02-03 00:00:00+00:00,KXTRUMPPARDONS,other,1083,
154,KXTRUMPPARDONS-29JAN21-DCHA,0.0,2026-02-03 00:00:00+00:00,KXTRUMPPARDONS,other,1083,
154,KXTRUMPPARDONS-29JAN21-JKUS,0.0,2026-02-03 00:00:00+00:00,KXTRUMPPARDONS,other,1083,
154,KXTRUMPPARDONS-29JAN21-DJTR,0.0,2026-02-03 00:00:00+00:00,KXTRUMPPARDONS,other,1083,
155,KXTRUMPPARDONS-29JAN21-BMEN,1.0,2026-02-03 00:00:00+00:00,KXTRUMPPARDONS,other,1083,10.0
155,KXTRUMPPARDONS-29JAN21-GMAX,0.0,2026-02-03 00:00:00+00:00,KXTRUMPPARDONS,other,1083,
155,KXTRUMPPARDONS-29JAN21-SBF,0.0,2026-02-03 00:00:00+00:00,KXTRUMPPARDONS,other,1083,
155,KXTRUMPPARDONS-29JAN21-JASS,0.0,2026-02-03 00:00:00+00:00,KXTRUMPPARDONS,other,1083,
155,KXTRUMPPARDONS-29JAN21-EADA,0.0,2026-02-03 00:00:00+00:00,KXTRUMPPARDONS,other,1083,
155,KXTRUMPPARDONS-29JAN21-PMIC,0.0,2026-02-03 00:00:00+00:00,KXTRUMPPARDONS,other,1083,
155,KXTRUMPPARDONS-29JAN21-ESNO,0.0,2026-02-03 00:00:00+00:00,KXTRUMPPARDONS,other,1083,
155,KXTRUMPPARDONS-29JAN21-HBID,0.0,2026-02-03 00:00:00+00:00,KXTRUMPPARDONS,other,1083,
155,KXTRUMPPARDONS-29JAN21-DCHA,0.0,2026-02-03 00:00:00+00:00,KXTRUMPPARDONS,other,1083,
155,KXTRUMPPARDONS-29JAN21-JKUS,0.0,2026-02-03 00:00:00+00:00,KXTRUMPPARDONS,other,1083,
155,KXTRUMPPARDONS-29JAN21-DJTR,0.0,2026-02-03 00:00:00+00:00,KXTRUMPPARDONS,other,1083,
156,KXTRUMPPARDONS-29JAN21-DHAL,1.0,2026-02-03 00:00:00+00:00,KXTRUMPPARDONS,other,1083,325.0
156,KXTRUMPPARDONS-29JAN21-GMAX,0.0,2026-02-03 00:00:00+00:00,KXTRUMPPARDONS,other,1083,
156,KXTRUMPPARDONS-29JAN21-SBF,0.0,2026-02-03 00:00:00+00:00,KXTRUMPPARDONS,other,1083,
156,KXTRUMPPARDONS-29JAN21-JASS,0.0,2026-02-03 00:00:00+00:00,KXTRUMPPARDONS,other,1083,
156,KXTRUMPPARDONS-29JAN21-EADA,0.0,2026-02-03 00:00:00+00:00,KXTRUMPPARDONS,other,1083,
156,KXTRUMPPARDONS-29JAN21-PMIC,0.0,2026-02-03 00:00:00+00:00,KXTRUMPPARDONS,other,1083,
156,KXTRUMPPARDONS-29JAN21-ESNO,0.0,2026-02-03 00:00:00+00:00,KXTRUMPPARDONS,other,1083,
156,KXTRUMPPARDONS-29JAN21-HBID,0.0,2026-02-03 00:00:00+00:00,KXTRUMPPARDONS,other,1083,
156,KXTRUMPPARDONS-29JAN21-DCHA,0.0,2026-02-03 00:00:00+00:00,KXTRUMPPARDONS,other,1083,
156,KXTRUMPPARDONS-29JAN21-JKUS,0.0,2026-02-03 00:00:00+00:00,KXTRUMPPARDONS,other,1083,
156,KXTRUMPPARDONS-29JAN21-DJTR,0.0,2026-02-03 00:00:00+00:00,KXTRUMPPARDONS,other,1083,
157,KXTRUMPPARDONS-29JAN21-DWAY,1.0,2026-02-03 00:00:00+00:00,KXTRUMPPARDONS,other,1083,325.0
157,KXTRUMPPARDONS-29JAN21-GMAX,0.0,2026-02-03 00:00:00+00:00,KXTRUMPPARDONS,other,1083,
157,KXTRUMPPARDONS-29JAN21-SBF,0.0,2026-02-03 00:00:00+00:00,KXTRUMPPARDONS,other,1083,
157,KXTRUMPPARDONS-29JAN21-JASS,0.0,2026-02-03 00:00:00+00:00,KXTRUMPPARDONS,other,1083,
157,KXTRUMPPARDONS-29JAN21-EADA,0.0,2026-02-03 00:00:00+00:00,KXTRUMPPARDONS,other,1083,
157,KXTRUMPPARDONS-29JAN21-PMIC,0.0,2026-02-03 00:00:00+00:00,KXTRUMPPARDONS,other,1083,
157,KXTRUMPPARDONS-29JAN21-ESNO,0.0,2026-02-03 00:00:00+00:00,KXTRUMPPARDONS,other,1083,
157,KXTRUMPPARDONS-29JAN21-HBID,0.0,2026-02-03 00:00:00+00:00,KXTRUMPPARDONS,other,1083,
157,KXTRUMPPARDONS-29JAN21-DCHA,0.0,2026-02-03 00:00:00+00:00,KXTRUMPPARDONS,other,1083,
157,KXTRUMPPARDONS-29JAN21-JKUS,0.0,2026-02-03 00:00:00+00:00,KXTRUMPPARDONS,other,1083,
157,KXTRUMPPARDONS-29JAN21-DJTR,0.0,2026-02-03 00:00:00+00:00,KXTRUMPPARDONS,other,1083,
158,KXTRUMPPARDONS-29JAN21-JGIU,1.0,2026-02-03 00:00:00+00:00,KXTRUMPPARDONS,other,1083,625.0
158,KXTRUMPPARDONS-29JAN21-GMAX,0.0,2026-02-03 00:00:00+00:00,KXTRUMPPARDONS,other,1083,
158,KXTRUMPPARDONS-29JAN21-SBF,0.0,2026-02-03 00:00:00+00:00,KXTRUMPPARDONS,other,1083,
158,KXTRUMPPARDONS-29JAN21-JASS,0.0,2026-02-03 00:00:00+00:00,KXTRUMPPARDONS,other,1083,
158,KXTRUMPPARDONS-29JAN21-EADA,0.0,2026-02-03 00:00:00+00:00,KXTRUMPPARDONS,other,1083,
158,KXTRUMPPARDONS-29JAN21-PMIC,0.0,2026-02-03 00:00:00+00:00,KXTRUMPPARDONS,other,1083,
158,KXTRUMPPARDONS-29JAN21-ESNO,0.0,2026-02-03 00:00:00+00:00,KXTRUMPPARDONS,other,1083,
158,KXTRUMPPARDONS-29JAN21-HBID,0.0,2026-02-03 00:00:00+00:00,KXTRUMPPARDONS,other,1083,
158,KXTRUMPPARDONS-29JAN21-DCHA,0.0,2026-02-03 00:00:00+00:00,KXTRUMPPARDONS,other,1083,
158,KXTRUMPPARDONS-29JAN21-JKUS,0.0,2026-02-03 00:00:00+00:00,KXTRUMPPARDONS,other,1083,
158,KXTRUMPPARDONS-29JAN21-DJTR,0.0,2026-02-03 00:00:00+00:00,KXTRUMPPARDONS,other,1083,
159,KXTRUMPPARDONS-29JAN21-JMAL,1.0,2026-02-03 00:00:00+00:00,KXTRUMPPARDONS,other,1083,760.0
159,KXTRUMPPARDONS-29JAN21-GMAX,0.0,2026-02-03 00:00:00+00:00,KXTRUMPPARDONS,other,1083,
159,KXTRUMPPARDONS-29JAN21-SBF,0.0,2026-02-03 00:00:00+00:00,KXTRUMPPARDONS,other,1083,
159,KXTRUMPPARDONS-29JAN21-JASS,0.0,2026-02-03 00:00:00+00:00,KXTRUMPPARDONS,other,1083,
159,KXTRUMPPARDONS-29JAN21-EADA,0.0,2026-02-03 00:00:00+00:00,KXTRUMPPARDONS,other,1083,
159,KXTRUMPPARDONS-29JAN21-PMIC,0.0,2026-02-03 00:00:00+00:00,KXTRUMPPARDONS,other,1083,
159,KXTRUMPPARDONS-29JAN21-ESNO,0.0,2026-02-03 00:00:00+00:00,KXTRUMPPARDONS,other,1083,
159,KXTRUMPPARDONS-29JAN21-HBID,0.0,2026-02-03 00:00:00+00:00,KXTRUMPPARDONS,other,1083,
159,KXTRUMPPARDONS-29JAN21-DCHA,0.0,2026-02-03 00:00:00+00:00,KXTRUMPPARDONS,other,1083,
159,KXTRUMPPARDONS-29JAN21-JKUS,0.0,2026-02-03 00:00:00+00:00,KXTRUMPPARDONS,other,1083,
159,KXTRUMPPARDONS-29JAN21-DJTR,0.0,2026-02-03 00:00:00+00:00,KXTRUMPPARDONS,other,1083,
160,KXTRUMPPARDONS-29JAN21-JMUY,1.0,2026-02-03 00:00:00+00:00,KXTRUMPPARDONS,other,1083,325.0
160,KXTRUMPPARDONS-29JAN21-GMAX,0.0,2026-02-03 00:00:00+00:00,KXTRUMPPARDONS,other,1083,
160,KXTRUMPPARDONS-29JAN21-SBF,0.0,2026-02-03 00:00:00+00:00,KXTRUMPPARDONS,other,1083,
160,KXTRUMPPARDONS-29JAN21-JASS,0.0,2026-02-03 00:00:00+00:00,KXTRUMPPARDONS,other,1083,
160,KXTRUMPPARDONS-29JAN21-EADA,0.0,2026-02-03 00:00:00+00:00,KXTRUMPPARDONS,other,1083,
160,KXTRUMPPARDONS-29JAN21-PMIC,0.0,2026-02-03 00:00:00+00:00,KXTRUMPPARDONS,other,1083,
160,KXTRUMPPARDONS-29JAN21-ESNO,0.0,2026-02-03 00:00:00+00:00,KXTRUMPPARDONS,other,1083,
160,KXTRUMPPARDONS-29JAN21-HBID,0.0,2026-02-03 00:00:00+00:00,KXTRUMPPARDONS,other,1083,
160,KXTRUMPPARDONS-29JAN21-DCHA,0.0,2026-02-03 00:00:00+00:00,KXTRUMPPARDONS,other,1083,
160,KXTRUMPPARDONS-29JAN21-JKUS,0.0,2026-02-03 00:00:00+00:00,KXTRUMPPARDONS,other,1083,
160,KXTRUMPPARDONS-29JAN21-DJTR,0.0,2026-02-03 00:00:00+00:00,KXTRUMPPARDONS,other,1083,
161,KXTRUMPPARDONS-29JAN21-JSUN,1.0,2026-02-03 00:00:00+00:00,KXTRUMPPARDONS,other,1083,475.0
161,KXTRUMPPARDONS-29JAN21-GMAX,0.0,2026-02-03 00:00:00+00:00,KXTRUMPPARDONS,other,1083,
161,KXTRUMPPARDONS-29JAN21-SBF,0.0,2026-02-03 00:00:00+00:00,KXTRUMPPARDONS,other,1083,
161,KXTRUMPPARDONS-29JAN21-JASS,0.0,2026-02-03 00:00:00+00:00,KXTRUMPPARDONS,other,1083,
161,KXTRUMPPARDONS-29JAN21-EADA,0.0,2026-02-03 00:00:00+00:00,KXTRUMPPARDONS,other,1083,
161,KXTRUMPPARDONS-29JAN21-PMIC,0.0,2026-02-03 00:00:00+00:00,KXTRUMPPARDONS,other,1083,
161,KXTRUMPPARDONS-29JAN21-ESNO,0.0,2026-02-03 00:00:00+00:00,KXTRUMPPARDONS,other,1083,
161,KXTRUMPPARDONS-29JAN21-HBID,0.0,2026-02-03 00:00:00+00:00,KXTRUMPPARDONS,other,1083,
161,KXTRUMPPARDONS-29JAN21-DCHA,0.0,2026-02-03 00:00:00+00:00,KXTRUMPPARDONS,other,1083,
161,KXTRUMPPARDONS-29JAN21-JKUS,0.0,2026-02-03 00:00:00+00:00,KXTRUMPPARDONS,other,1083,
161,KXTRUMPPARDONS-29JAN21-DJTR,0.0,2026-02-03 00:00:00+00:00,KXTRUMPPARDONS,other,1083,
162,KXTRUMPPARDONS-29JAN21-JWIL,1.0,2026-02-03 00:00:00+00:00,KXTRUMPPARDONS,other,1083,325.0
162,KXTRUMPPARDONS-29JAN21-GMAX,0.0,2026-02-03 00:00:00+00:00,KXTRUMPPARDONS,other,1083,
162,KXTRUMPPARDONS-29JAN21-SBF,0.0,2026-02-03 00:00:00+00:00,KXTRUMPPARDONS,other,1083,
162,KXTRUMPPARDONS-29JAN21-JASS,0.0,2026-02-03 00:00:00+00:00,KXTRUMPPARDONS,other,1083,
162,KXTRUMPPARDONS-29JAN21-EADA,0.0,2026-02-03 00:00:00+00:00,KXTRUMPPARDONS,other,1083,
162,KXTRUMPPARDONS-29JAN21-PMIC,0.0,2026-02-03 00:00:00+00:00,KXTRUMPPARDONS,other,1083,
162,KXTRUMPPARDONS-29JAN21-ESNO,0.0,2026-02-03 00:00:00+00:00,KXTRUMPPARDONS,other,1083,
162,KXTRUMPPARDONS-29JAN21-HBID,0.0,2026-02-03 00:00:00+00:00,KXTRUMPPARDONS,other,1083,
162,KXTRUMPPARDONS-29JAN21-DCHA,0.0,2026-02-03 00:00:00+00:00,KXTRUMPPARDONS,other,1083,
162,KXTRUMPPARDONS-29JAN21-JKUS,0.0,2026-02-03 00:00:00+00:00,KXTRUMPPARDONS,other,1083,
162,KXTRUMPPARDONS-29JAN21-DJTR,0.0,2026-02-03 00:00:00+00:00,KXTRUMPPARDONS,other,1083,
163,KXTRUMPPARDONS-29JAN21-LSTA,1.0,2026-02-03 00:00:00+00:00,KXTRUMPPARDONS,other,1083,325.0
163,KXTRUMPPARDONS-29JAN21-GMAX,0.0,2026-02-03 00:00:00+00:00,KXTRUMPPARDONS,other,1083,
163,KXTRUMPPARDONS-29JAN21-SBF,0.0,2026-02-03 00:00:00+00:00,KXTRUMPPARDONS,other,1083,
163,KXTRUMPPARDONS-29JAN21-JASS,0.0,2026-02-03 00:00:00+00:00,KXTRUMPPARDONS,other,1083,
163,KXTRUMPPARDONS-29JAN21-EADA,0.0,2026-02-03 00:00:00+00:00,KXTRUMPPARDONS,other,1083,
163,KXTRUMPPARDONS-29JAN21-PMIC,0.0,2026-02-03 00:00:00+00:00,KXTRUMPPARDONS,other,1083,
163,KXTRUMPPARDONS-29JAN21-ESNO,0.0,2026-02-03 00:00:00+00:00,KXTRUMPPARDONS,other,1083,
163,KXTRUMPPARDONS-29JAN21-HBID,0.0,2026-02-03 00:00:00+00:00,KXTRUMPPARDONS,other,1083,
163,KXTRUMPPARDONS-29JAN21-DCHA,0.0,2026-02-03 00:00:00+00:00,KXTRUMPPARDONS,other,1083,
163,KXTRUMPPARDONS-29JAN21-JKUS,0.0,2026-02-03 00:00:00+00:00,KXTRUMPPARDONS,other,1083,
163,KXTRUMPPARDONS-29JAN21-DJTR,0.0,2026-02-03 00:00:00+00:00,KXTRUMPPARDONS,other,1083,
164,KXTRUMPPARDONS-29JAN21-PROS,1.0,2026-02-03 00:00:00+00:00,KXTRUMPPARDONS,other,1083,160.0
164,KXTRUMPPARDONS-29JAN21-GMAX,0.0,2026-02-03 00:00:00+00:00,KXTRUMPPARDONS,other,1083,
164,KXTRUMPPARDONS-29JAN21-SBF,0.0,2026-02-03 00:00:00+00:00,KXTRUMPPARDONS,other,1083,
164,KXTRUMPPARDONS-29JAN21-JASS,0.0,2026-02-03 00:00:00+00:00,KXTRUMPPARDONS,other,1083,
164,KXTRUMPPARDONS-29JAN21-EADA,0.0,2026-02-03 00:00:00+00:00,KXTRUMPPARDONS,other,1083,
164,KXTRUMPPARDONS-29JAN21-PMIC,0.0,2026-02-03 00:00:00+00:00,KXTRUMPPARDONS,other,1083,
164,KXTRUMPPARDONS-29JAN21-ESNO,0.0,2026-02-03 00:00:00+00:00,KXTRUMPPARDONS,other,1083,
164,KXTRUMPPARDONS-29JAN21-DCHA,0.0,2026-02-03 00:00:00+00:00,KXTRUMPPARDONS,other,1083,
164,KXTRUMPPARDONS-29JAN21-HBID,0.0,2026-02-03 00:00:00+00:00,KXTRUMPPARDONS,other,1083,
164,KXTRUMPPARDONS-29JAN21-JKUS,0.0,2026-02-03 00:00:00+00:00,KXTRUMPPARDONS,other,1083,
164,KXTRUMPPARDONS-29JAN21-DJTR,0.0,2026-02-03 00:00:00+00:00,KXTRUMPPARDONS,other,1083,
165,KXTRUMPPARDONS-29JAN21-RVER,1.0,2026-02-03 00:00:00+00:00,KXTRUMPPARDONS,other,1083,460.0
165,KXTRUMPPARDONS-29JAN21-GMAX,0.0,2026-02-03 00:00:00+00:00,KXTRUMPPARDONS,other,1083,
165,KXTRUMPPARDONS-29JAN21-SBF,0.0,2026-02-03 00:00:00+00:00,KXTRUMPPARDONS,other,1083,
165,KXTRUMPPARDONS-29JAN21-JASS,0.0,2026-02-03 00:00:00+00:00,KXTRUMPPARDONS,other,1083,
165,KXTRUMPPARDONS-29JAN21-EADA,0.0,2026-02-03 00:00:00+00:00,KXTRUMPPARDONS,other,1083,
165,KXTRUMPPARDONS-29JAN21-PMIC,0.0,2026-02-03 00:00:00+00:00,KXTRUMPPARDONS,other,1083,
165,KXTRUMPPARDONS-29JAN21-ESNO,0.0,2026-02-03 00:00:00+00:00,KXTRUMPPARDONS,other,1083,
165,KXTRUMPPARDONS-29JAN21-HBID,0.0,2026-02-03 00:00:00+00:00,KXTRUMPPARDONS,other,1083,
165,KXTRUMPPARDONS-29JAN21-DCHA,0.0,2026-02-03 00:00:00+00:00,KXTRUMPPARDONS,other,1083,
165,KXTRUMPPARDONS-29JAN21-JKUS,0.0,2026-02-03 00:00:00+00:00,KXTRUMPPARDONS,other,1083,
165,KXTRUMPPARDONS-29JAN21-DJTR,0.0,2026-02-03 00:00:00+00:00,KXTRUMPPARDONS,other,1083,
166,KXTRUMPPARDONS-29JAN21-SSAM,1.0,2026-02-03 00:00:00+00:00,KXTRUMPPARDONS,other,1083,325.0
166,KXTRUMPPARDONS-29JAN21-GMAX,0.0,2026-02-03 00:00:00+00:00,KXTRUMPPARDONS,other,1083,
166,KXTRUMPPARDONS-29JAN21-SBF,0.0,2026-02-03 00:00:00+00:00,KXTRUMPPARDONS,other,1083,
166,KXTRUMPPARDONS-29JAN21-JASS,0.0,2026-02-03 00:00:00+00:00,KXTRUMPPARDONS,other,1083,
166,KXTRUMPPARDONS-29JAN21-EADA,0.0,2026-02-03 00:00:00+00:00,KXTRUMPPARDONS,other,1083,
166,KXTRUMPPARDONS-29JAN21-PMIC,0.0,2026-02-03 00:00:00+00:00,KXTRUMPPARDONS,other,1083,
166,KXTRUMPPARDONS-29JAN21-ESNO,0.0,2026-02-03 00:00:00+00:00,KXTRUMPPARDONS,other,1083,
166,KXTRUMPPARDONS-29JAN21-HBID,0.0,2026-02-03 00:00:00+00:00,KXTRUMPPARDONS,other,1083,
166,KXTRUMPPARDONS-29JAN21-DCHA,0.0,2026-02-03 00:00:00+00:00,KXTRUMPPARDONS,other,1083,
166,KXTRUMPPARDONS-29JAN21-JKUS,0.0,2026-02-03 00:00:00+00:00,KXTRUMPPARDONS,other,1083,
166,KXTRUMPPARDONS-29JAN21-DJTR,0.0,2026-02-03 00:00:00+00:00,KXTRUMPPARDONS,other,1083,
167,KXTRUMPPARDONS-29JAN21-TGAR,1.0,2026-02-03 00:00:00+00:00,KXTRUMPPARDONS,other,1083,475.0
167,KXTRUMPPARDONS-29JAN21-GMAX,0.0,2026-02-03 00:00:00+00:00,KXTRUMPPARDONS,other,1083,
167,KXTRUMPPARDONS-29JAN21-SBF,0.0,2026-02-03 00:00:00+00:00,KXTRUMPPARDONS,other,1083,
167,KXTRUMPPARDONS-29JAN21-JASS,0.0,2026-02-03 00:00:00+00:00,KXTRUMPPARDONS,other,1083,
167,KXTRUMPPARDONS-29JAN21-EADA,0.0,2026-02-03 00:00:00+00:00,KXTRUMPPARDONS,other,1083,
167,KXTRUMPPARDONS-29JAN21-PMIC,0.0,2026-02-03 00:00:00+00:00,KXTRUMPPARDONS,other,1083,
167,KXTRUMPPARDONS-29JAN21-ESNO,0.0,2026-02-03 00:00:00+00:00,KXTRUMPPARDONS,other,1083,
167,KXTRUMPPARDONS-29JAN21-HBID,0.0,2026-02-03 00:00:00+00:00,KXTRUMPPARDONS,other,1083,
167,KXTRUMPPARDONS-29JAN21-DCHA,0.0,2026-02-03 00:00:00+00:00,KXTRUMPPARDONS,other,1083,
167,KXTRUMPPARDONS-29JAN21-JKUS,0.0,2026-02-03 00:00:00+00:00,KXTRUMPPARDONS,other,1083,
167,KXTRUMPPARDONS-29JAN21-DJTR,0.0,2026-02-03 00:00:00+00:00,KXTRUMPPARDONS,other,1083,
168,KXTRUMPPARDONS-29JAN21-TTH,1.0,2026-02-03 00:00:00+00:00,KXTRUMPPARDONS,other,1083,625.0
168,KXTRUMPPARDONS-29JAN21-GMAX,0.0,2026-02-03 00:00:00+00:00,KXTRUMPPARDONS,other,1083,
168,KXTRUMPPARDONS-29JAN21-SBF,0.0,2026-02-03 00:00:00+00:00,KXTRUMPPARDONS,other,1083,
168,KXTRUMPPARDONS-29JAN21-JASS,0.0,2026-02-03 00:00:00+00:00,KXTRUMPPARDONS,other,1083,
168,KXTRUMPPARDONS-29JAN21-EADA,0.0,2026-02-03 00:00:00+00:00,KXTRUMPPARDONS,other,1083,
168,KXTRUMPPARDONS-29JAN21-PMIC,0.0,2026-02-03 00:00:00+00:00,KXTRUMPPARDONS,other,1083,
168,KXTRUMPPARDONS-29JAN21-ESNO,0.0,2026-02-03 00:00:00+00:00,KXTRUMPPARDONS,other,1083,
168,KXTRUMPPARDONS-29JAN21-HBID,0.0,2026-02-03 00:00:00+00:00,KXTRUMPPARDONS,other,1083,
168,KXTRUMPPARDONS-29JAN21-DCHA,0.0,2026-02-03 00:00:00+00:00,KXTRUMPPARDONS,other,1083,
168,KXTRUMPPARDONS-29JAN21-JKUS,0.0,2026-02-03 00:00:00+00:00,KXTRUMPPARDONS,other,1083,
168,KXTRUMPPARDONS-29JAN21-DJTR,0.0,2026-02-03 00:00:00+00:00,KXTRUMPPARDONS,other,1083,
171,KXVA2D-26-ELUR,1.0,2026-02-03 00:00:00+00:00,KXVA2D,other,183,25.0
171,KXVA2D-26-JOSY,0.0,2026-02-03 00:00:00+00:00,KXVA2D,other,183,
171,KXVA2D-26-BSTR,0.0,2026-02-03 00:00:00+00:00,KXVA2D,other,183,
171,KXVA2D-26-MSTR,0.0,2026-02-03 00:00:00+00:00,KXVA2D,other,183,
171,KXVA2D-26-NDEV,0.0,2026-02-03 00:00:00+00:00,KXVA2D,other,183,
171,KXVA2D-26-NSLE,0.0,2026-02-03 00:00:00+00:00,KXVA2D,other,183,
171,KXVA2D-26-PMOS,0.0,2026-02-03 00:00:00+00:00,KXVA2D,other,183,
172,KXVAHOUSEDEM-26NOV03-7,1.0,2026-02-03 00:00:00+00:00,KXVAHOUSEDEM,other,638,25.0
172,KXVAHOUSEDEM-26NOV03-8,0.0,2026-02-03 00:00:00+00:00,KXVAHOUSEDEM,other,638,
172,KXVAHOUSEDEM-26NOV03-BELOW6,0.0,2026-02-03 00:00:00+00:00,KXVAHOUSEDEM,other,638,
172,KXVAHOUSEDEM-26NOV03-6,0.0,2026-02-03 00:00:00+00:00,KXVAHOUSEDEM,other,638,
173,KXVAHOUSEDEM-26NOV03-9,1.0,2026-02-03 00:00:00+00:00,KXVAHOUSEDEM,other,638,175.0
173,KXVAHOUSEDEM-26NOV03-6,0.0,2026-02-03 00:00:00+00:00,KXVAHOUSEDEM,other,638,
173,KXVAHOUSEDEM-26NOV03-8,0.0,2026-02-03 00:00:00+00:00,KXVAHOUSEDEM,other,638,
173,KXVAHOUSEDEM-26NOV03-BELOW6,0.0,2026-02-03 00:00:00+00:00,KXVAHOUSEDEM,other,638,
174,KXVPBREAKS-26-3,1.0,2026-02-03 00:00:00+00:00,KXVPBREAKS,other,333,325.0
174,KXVPBREAKS-26-4,0.0,2026-02-03 00:00:00+00:00,KXVPBREAKS,other,333,
174,KXVPBREAKS-26-5,0.0,2026-02-03 00:00:00+00:00,KXVPBREAKS,other,333,
174,KXVPBREAKS-26-6,0.0,2026-02-03 00:00:00+00:00,KXVPBREAKS,other,333,
174,KXVPBREAKS-26-7,0.0,2026-02-03 00:00:00+00:00,KXVPBREAKS,other,333,
174,KXVPBREAKS-26-8,0.0,2026-02-03 00:00:00+00:00,KXVPBREAKS,other,333,
174,KXVPBREAKS-26-9,0.0,2026-02-03 00:00:00+00:00,KXVPBREAKS,other,333,
175,KXWA4PRIMARY-26-JDUR,1.0,2026-02-03 00:00:00+00:00,KXWA4PRIMARY,other,183,325.0
175,KXWA4PRIMARY-26-DNEW,0.0,2026-02-03 00:00:00+00:00,KXWA4PRIMARY,other,183,
176,KXWA4PRIMARY-26-JSES,1.0,2026-02-03 00:00:00+00:00,KXWA4PRIMARY,other,183,160.0
176,KXWA4PRIMARY-26-DNEW,0.0,2026-02-03 00:00:00+00:00,KXWA4PRIMARY,other,183,
177,KXWA4PRIMARY-26-WMEI,1.0,2026-02-03 00:00:00+00:00,KXWA4PRIMARY,other,183,325.0
177,KXWA4PRIMARY-26-DNEW,0.0,2026-02-03 00:00:00+00:00,KXWA4PRIMARY,other,183,
183,KXWHVISIT-27-BTIN,1.0,2026-02-03 00:00:00+00:00,KXWHVISIT,other,332,160.0
183,KXWHVISIT-27-AALS,0.0,2026-02-03 00:00:00+00:00,KXWHVISIT,other,332,
183,KXWHVISIT-27-VPUT,0.0,2026-02-03 00:00:00+00:00,KXWHVISIT,other,332,
183,KXWHVISIT-27-BMAH,0.0,2026-02-03 00:00:00+00:00,KXWHVISIT,other,332,
184,GOVPARTYKS-27-R,1.0,2026-02-04 00:00:00+00:00,GOVPARTYKS,other,709,150.0
184,GOVPARTYKS-27-D,0.0,2026-02-04 00:00:00+00:00,GOVPARTYKS,other,709,
185,KX2028DRUN-28-JOSS,1.0,2026-02-04 00:00:00+00:00,KX2028DRUN,other,696,150.0
185,KX2028DRUN-28-REMA,0.0,2026-02-04 00:00:00+00:00,KX2028DRUN,other,696,
185,KX2028DRUN-28-CBOOK,0.0,2026-02-04 00:00:00+00:00,KX2028DRUN,other,696,
185,KX2028DRUN-28-GWHI,0.0,2026-02-04 00:00:00+00:00,KX2028DRUN,other,696,
185,KX2028DRUN-28-WMOO,0.0,2026-02-04 00:00:00+00:00,KX2028DRUN,other,696,
185,KX2028DRUN-28-ESLO,0.0,2026-02-04 00:00:00+00:00,KX2028DRUN,other,696,
185,KX2028DRUN-28-MCUB,0.0,2026-02-04 00:00:00+00:00,KX2028DRUN,other,696,
185,KX2028DRUN-28-JFET,0.0,2026-02-04 00:00:00+00:00,KX2028DRUN,other,696,
185,KX2028DRUN-28-MKEL,0.0,2026-02-04 00:00:00+00:00,KX2028DRUN,other,696,
185,KX2028DRUN-28-AOC,0.0,2026-02-04 00:00:00+00:00,KX2028DRUN,other,696,
185,KX2028DRUN-28-CHOL,0.0,2026-02-04 00:00:00+00:00,KX2028DRUN,other,696,
186,KX2028DRUN-28-RGAL,1.0,2026-02-04 00:00:00+00:00,KX2028DRUN,other,696,150.0
186,KX2028DRUN-28-MKEL,0.0,2026-02-04 00:00:00+00:00,KX2028DRUN,other,696,
186,KX2028DRUN-28-AOC,0.0,2026-02-04 00:00:00+00:00,KX2028DRUN,other,696,
186,KX2028DRUN-28-REMA,0.0,2026-02-04 00:00:00+00:00,KX2028DRUN,other,696,
186,KX2028DRUN-28-CBOOK,0.0,2026-02-04 00:00:00+00:00,KX2028DRUN,other,696,
186,KX2028DRUN-28-GWHI,0.0,2026-02-04 00:00:00+00:00,KX2028DRUN,other,696,
186,KX2028DRUN-28-WMOO,0.0,2026-02-04 00:00:00+00:00,KX2028DRUN,other,696,
186,KX2028DRUN-28-ESLO,0.0,2026-02-04 00:00:00+00:00,KX2028DRUN,other,696,
186,KX2028DRUN-28-MCUB,0.0,2026-02-04 00:00:00+00:00,KX2028DRUN,other,696,
186,KX2028DRUN-28-JFET,0.0,2026-02-04 00:00:00+00:00,KX2028DRUN,other,696,
186,KX2028DRUN-28-CHOL,0.0,2026-02-04 00:00:00+00:00,KX2028DRUN,other,696,
187,KX2028RRUN-28-JHAW,1.0,2026-02-04 00:00:00+00:00,KX2028RRUN,other,696,150.0
187,KX2028RRUN-28-DJTJR,0.0,2026-02-04 00:00:00+00:00,KX2028RRUN,other,696,
187,KX2028RRUN-28-STE,0.0,2026-02-04 00:00:00+00:00,KX2028RRUN,other,696,
187,KX2028RRUN-28-VRAM,0.0,2026-02-04 00:00:00+00:00,KX2028RRUN,other,696,
187,KX2028RRUN-28-TCRU,0.0,2026-02-04 00:00:00+00:00,KX2028RRUN,other,696,
187,KX2028RRUN-28-MTAY,0.0,2026-02-04 00:00:00+00:00,KX2028RRUN,other,696,
187,KX2028RRUN-28-BKEM,0.0,2026-02-04 00:00:00+00:00,KX2028RRUN,other,696,
187,KX2028RRUN-28-TUC,0.0,2026-02-04 00:00:00+00:00,KX2028RRUN,other,696,
187,KX2028RRUN-28-MGAE,0.0,2026-02-04 00:00:00+00:00,KX2028RRUN,other,696,
187,KX2028RRUN-28-MRUB,0.0,2026-02-04 00:00:00+00:00,KX2028RRUN,other,696,
187,KX2028RRUN-28-ESTE,0.0,2026-02-04 00:00:00+00:00,KX2028RRUN,other,696,
188,KX2028RRUN-28-RPAU,1.0,2026-02-04 00:00:00+00:00,KX2028RRUN,other,696,150.0
188,KX2028RRUN-28-TUC,0.0,2026-02-04 00:00:00+00:00,KX2028RRUN,other,696,
188,KX2028RRUN-28-MGAE,0.0,2026-02-04 00:00:00+00:00,KX2028RRUN,other,696,
188,KX2028RRUN-28-MTAY,0.0,2026-02-04 00:00:00+00:00,KX2028RRUN,other,696,
188,KX2028RRUN-28-ESTE,0.0,2026-02-04 00:00:00+00:00,KX2028RRUN,other,696,
188,KX2028RRUN-28-JVAN,0.0,2026-02-04 00:00:00+00:00,KX2028RRUN,other,696,
188,KX2028RRUN-28-DJTJR,0.0,2026-02-04 00:00:00+00:00,KX2028RRUN,other,696,
188,KX2028RRUN-28-DJT,0.0,2026-02-04 00:00:00+00:00,KX2028RRUN,other,696,
188,KX2028RRUN-28-KBRI,0.0,2026-02-04 00:00:00+00:00,KX2028RRUN,other,696,
188,KX2028RRUN-28-STE,0.0,2026-02-04 00:00:00+00:00,KX2028RRUN,other,696,
188,KX2028RRUN-28-VRAM,0.0,2026-02-04 00:00:00+00:00,KX2028RRUN,other,696,
189,KXDECLAREPRESFIRSTD-28NOV07-GNEW,1.0,2026-02-04 00:00:00+00:00,KXDECLAREPRESFIRSTD,other,1007,150.0
189,KXDECLAREPRESFIRSTD-28NOV07-JSHA,0.0,2026-02-04 00:00:00+00:00,KXDECLAREPRESFIRSTD,other,1007,
189,KXDECLAREPRESFIRSTD-28NOV07-PBUT,0.0,2026-02-04 00:00:00+00:00,KXDECLAREPRESFIRSTD,other,1007,
189,KXDECLAREPRESFIRSTD-28NOV07-GWHI,0.0,2026-02-04 00:00:00+00:00,KXDECLAREPRESFIRSTD,other,1007,
189,KXDECLAREPRESFIRSTD-28NOV07-AOCA,0.0,2026-02-04 00:00:00+00:00,KXDECLAREPRESFIRSTD,other,1007,
189,KXDECLAREPRESFIRSTD-28NOV07-JOSS,0.0,2026-02-04 00:00:00+00:00,KXDECLAREPRESFIRSTD,other,1007,
189,KXDECLAREPRESFIRSTD-28NOV07-WMOO,0.0,2026-02-04 00:00:00+00:00,KXDECLAREPRESFIRSTD,other,1007,
190,KXFRENCHPRES-27-MLEP,1.0,2026-02-04 00:00:00+00:00,KXFRENCHPRES,other,846,150.0
190,KXFRENCHPRES-27-JMEL,0.0,2026-02-04 00:00:00+00:00,KXFRENCHPRES,other,846,
190,KXFRENCHPRES-27-GATT,0.0,2026-02-04 00:00:00+00:00,KXFRENCHPRES,other,846,
190,KXFRENCHPRES-27-DVIL,0.0,2026-02-04 00:00:00+00:00,KXFRENCHPRES,other,846,
190,KXFRENCHPRES-27-BRET,0.0,2026-02-04 00:00:00+00:00,KXFRENCHPRES,other,846,
190,KXFRENCHPRES-27-SKNA,0.0,2026-02-04 00:00:00+00:00,KXFRENCHPRES,other,846,
190,KXFRENCHPRES-27-SLEC,0.0,2026-02-04 00:00:00+00:00,KXFRENCHPRES,other,846,
190,KXFRENCHPRES-27-DLIS,0.0,2026-02-04 00:00:00+00:00,KXFRENCHPRES,other,846,
190,KXFRENCHPRES-27-FBAY,0.0,2026-02-04 00:00:00+00:00,KXFRENCHPRES,other,846,
190,KXFRENCHPRES-27-XBER,0.0,2026-02-04 00:00:00+00:00,KXFRENCHPRES,other,846,
190,KXFRENCHPRES-27-BCAZ,0.0,2026-02-04 00:00:00+00:00,KXFRENCHPRES,other,846,
195,KXGREECEPARLI-27-ND,1.0,2026-02-04 00:00:00+00:00,KXGREECEPARLI,other,907,150.0
195,KXGREECEPARLI-27-PASOK,0.0,2026-02-04 00:00:00+00:00,KXGREECEPARLI,other,907,
195,KXGREECEPARLI-27-SYRIZA,0.0,2026-02-04 00:00:00+00:00,KXGREECEPARLI,other,907,
196,KXHOUSERACE-AR04-26-R,1.0,2026-02-04 00:00:00+00:00,KXHOUSERACE,other,637,150.0
196,KXHOUSERACE-AL05-26-R,0.0,2026-02-04 00:00:00+00:00,KXHOUSERACE,other,637,
196,KXHOUSERACE-AZ03-26-D,0.0,2026-02-04 00:00:00+00:00,KXHOUSERACE,other,637,
196,KXHOUSERACE-AZ07-26-D,0.0,2026-02-04 00:00:00+00:00,KXHOUSERACE,other,637,
196,KXHOUSERACE-CA01-26-D,0.0,2026-02-04 00:00:00+00:00,KXHOUSERACE,other,637,
196,KXHOUSERACE-CA10-26-D,0.0,2026-02-04 00:00:00+00:00,KXHOUSERACE,other,637,
196,KXHOUSERACE-CA18-26-D,0.0,2026-02-04 00:00:00+00:00,KXHOUSERACE,other,637,
196,KXHOUSERACE-CA20-26-R,0.0,2026-02-04 00:00:00+00:00,KXHOUSERACE,other,637,
196,KXHOUSERACE-CA26-26-D,0.0,2026-02-04 00:00:00+00:00,KXHOUSERACE,other,637,
196,KXHOUSERACE-CA31-26-D,0.0,2026-02-04 00:00:00+00:00,KXHOUSERACE,other,637,
196,KXHOUSERACE-CA35-26-D,0.0,2026-02-04 00:00:00+00:00,KXHOUSERACE,other,637,
197,KXHOUSERACE-CA06-26-D,1.0,2026-02-04 00:00:00+00:00,KXHOUSERACE,other,637,150.0
197,KXHOUSERACE-AL05-26-R,0.0,2026-02-04 00:00:00+00:00,KXHOUSERACE,other,637,
197,KXHOUSERACE-AZ03-26-D,0.0,2026-02-04 00:00:00+00:00,KXHOUSERACE,other,637,
197,KXHOUSERACE-AZ07-26-D,0.0,2026-02-04 00:00:00+00:00,KXHOUSERACE,other,637,
197,KXHOUSERACE-CA01-26-D,0.0,2026-02-04 00:00:00+00:00,KXHOUSERACE,other,637,
197,KXHOUSERACE-CA10-26-D,0.0,2026-02-04 00:00:00+00:00,KXHOUSERACE,other,637,
197,KXHOUSERACE-CA18-26-D,0.0,2026-02-04 00:00:00+00:00,KXHOUSERACE,other,637,
197,KXHOUSERACE-CA20-26-R,0.0,2026-02-04 00:00:00+00:00,KXHOUSERACE,other,637,
197,KXHOUSERACE-CA26-26-D,0.0,2026-02-04 00:00:00+00:00,KXHOUSERACE,other,637,
197,KXHOUSERACE-CA31-26-D,0.0,2026-02-04 00:00:00+00:00,KXHOUSERACE,other,637,
197,KXHOUSERACE-CA35-26-D,0.0,2026-02-04 00:00:00+00:00,KXHOUSERACE,other,637,
198,KXHOUSERACE-CA08-26-D,1.0,2026-02-04 00:00:00+00:00,KXHOUSERACE,other,637,150.0
198,KXHOUSERACE-AL05-26-R,0.0,2026-02-04 00:00:00+00:00,KXHOUSERACE,other,637,
198,KXHOUSERACE-AZ03-26-D,0.0,2026-02-04 00:00:00+00:00,KXHOUSERACE,other,637,
198,KXHOUSERACE-AZ07-26-D,0.0,2026-02-04 00:00:00+00:00,KXHOUSERACE,other,637,
198,KXHOUSERACE-CA01-26-D,0.0,2026-02-04 00:00:00+00:00,KXHOUSERACE,other,637,
198,KXHOUSERACE-CA10-26-D,0.0,2026-02-04 00:00:00+00:00,KXHOUSERACE,other,637,
198,KXHOUSERACE-CA18-26-D,0.0,2026-02-04 00:00:00+00:00,KXHOUSERACE,other,637,
198,KXHOUSERACE-CA20-26-R,0.0,2026-02-04 00:00:00+00:00,KXHOUSERACE,other,637,
198,KXHOUSERACE-CA26-26-D,0.0,2026-02-04 00:00:00+00:00,KXHOUSERACE,other,637,
198,KXHOUSERACE-CA31-26-D,0.0,2026-02-04 00:00:00+00:00,KXHOUSERACE,other,637,
198,KXHOUSERACE-CA35-26-D,0.0,2026-02-04 00:00:00+00:00,KXHOUSERACE,other,637,
199,KXHOUSERACE-CO07-26-D,1.0,2026-02-04 00:00:00+00:00,KXHOUSERACE,other,637,150.0
199,KXHOUSERACE-NC03-26-D,0.0,2026-02-04 00:00:00+00:00,KXHOUSERACE,other,637,
199,KXHOUSERACE-PA14-26-R,0.0,2026-02-04 00:00:00+00:00,KXHOUSERACE,other,637,
199,KXHOUSERACE-KY04-26-R,0.0,2026-02-04 00:00:00+00:00,KXHOUSERACE,other,637,
199,KXHOUSERACE-NE03-26-R,0.0,2026-02-04 00:00:00+00:00,KXHOUSERACE,other,637,
199,KXHOUSERACE-NY07-26-D,0.0,2026-02-04 00:00:00+00:00,KXHOUSERACE,other,637,
199,KXHOUSERACE-NY08-26-D,0.0,2026-02-04 00:00:00+00:00,KXHOUSERACE,other,637,
199,KXHOUSERACE-FL04-26-D,0.0,2026-02-04 00:00:00+00:00,KXHOUSERACE,other,637,
199,KXHOUSERACE-TN06-26-R,0.0,2026-02-04 00:00:00+00:00,KXHOUSERACE,other,637,
199,KXHOUSERACE-IN05-26-D,0.0,2026-02-04 00:00:00+00:00,KXHOUSERACE,other,637,
199,KXHOUSERACE-NC10-26-D,0.0,2026-02-04 00:00:00+00:00,KXHOUSERACE,other,637,
200,KXHOUSERACE-FL02-26-R,1.0,2026-02-04 00:00:00+00:00,KXHOUSERACE,other,637,300.0
200,KXHOUSERACE-WI08-26-D,0.0,2026-02-04 00:00:00+00:00,KXHOUSERACE,other,637,
200,KXHOUSERACE-GA01-26-R,0.0,2026-02-04 00:00:00+00:00,KXHOUSERACE,other,637,
200,KXHOUSERACE-FL03-26-R,0.0,2026-02-04 00:00:00+00:00,KXHOUSERACE,other,637,
200,KXHOUSERACE-FL28-26-D,0.0,2026-02-04 00:00:00+00:00,KXHOUSERACE,other,637,
200,KXHOUSERACE-CO01-26-D,0.0,2026-02-04 00:00:00+00:00,KXHOUSERACE,other,637,
200,KXHOUSERACE-MN07-26-D,0.0,2026-02-04 00:00:00+00:00,KXHOUSERACE,other,637,
200,KXHOUSERACE-NC13-26-D,0.0,2026-02-04 00:00:00+00:00,KXHOUSERACE,other,637,
200,KXHOUSERACE-TX20-26-R,0.0,2026-02-04 00:00:00+00:00,KXHOUSERACE,other,637,
200,KXHOUSERACE-TX31-26-D,0.0,2026-02-04 00:00:00+00:00,KXHOUSERACE,other,637,
200,KXHOUSERACE-TX25-26-D,0.0,2026-02-04 00:00:00+00:00,KXHOUSERACE,other,637,
201,KXHOUSERACE-FL05-26-R,1.0,2026-02-04 00:00:00+00:00,KXHOUSERACE,other,637,300.0
201,KXHOUSERACE-WI08-26-D,0.0,2026-02-04 00:00:00+00:00,KXHOUSERACE,other,637,
201,KXHOUSERACE-GA01-26-R,0.0,2026-02-04 00:00:00+00:00,KXHOUSERACE,other,637,
201,KXHOUSERACE-FL03-26-R,0.0,2026-02-04 00:00:00+00:00,KXHOUSERACE,other,637,
201,KXHOUSERACE-FL28-26-D,0.0,2026-02-04 00:00:00+00:00,KXHOUSERACE,other,637,
201,KXHOUSERACE-CO01-26-D,0.0,2026-02-04 00:00:00+00:00,KXHOUSERACE,other,637,
201,KXHOUSERACE-MN07-26-D,0.0,2026-02-04 00:00:00+00:00,KXHOUSERACE,other,637,
201,KXHOUSERACE-NC13-26-D,0.0,2026-02-04 00:00:00+00:00,KXHOUSERACE,other,637,
201,KXHOUSERACE-TX20-26-R,0.0,2026-02-04 00:00:00+00:00,KXHOUSERACE,other,637,
201,KXHOUSERACE-TX31-26-D,0.0,2026-02-04 00:00:00+00:00,KXHOUSERACE,other,637,
201,KXHOUSERACE-TX25-26-D,0.0,2026-02-04 00:00:00+00:00,KXHOUSERACE,other,637,
202,KXHOUSERACE-FL08-26-R,1.0,2026-02-04 00:00:00+00:00,KXHOUSERACE,other,637,150.0
202,KXHOUSERACE-WI08-26-D,0.0,2026-02-04 00:00:00+00:00,KXHOUSERACE,other,637,
202,KXHOUSERACE-GA01-26-R,0.0,2026-02-04 00:00:00+00:00,KXHOUSERACE,other,637,
202,KXHOUSERACE-FL03-26-R,0.0,2026-02-04 00:00:00+00:00,KXHOUSERACE,other,637,
202,KXHOUSERACE-FL28-26-D,0.0,2026-02-04 00:00:00+00:00,KXHOUSERACE,other,637,
202,KXHOUSERACE-CO01-26-D,0.0,2026-02-04 00:00:00+00:00,KXHOUSERACE,other,637,
202,KXHOUSERACE-MN07-26-D,0.0,2026-02-04 00:00:00+00:00,KXHOUSERACE,other,637,
202,KXHOUSERACE-NC13-26-D,0.0,2026-02-04 00:00:00+00:00,KXHOUSERACE,other,637,
202,KXHOUSERACE-TX20-26-R,0.0,2026-02-04 00:00:00+00:00,KXHOUSERACE,other,637,
202,KXHOUSERACE-TX31-26-D,0.0,2026-02-04 00:00:00+00:00,KXHOUSERACE,other,637,
202,KXHOUSERACE-TX25-26-D,0.0,2026-02-04 00:00:00+00:00,KXHOUSERACE,other,637,
203,KXHOUSERACE-FL12-26-R,1.0,2026-02-04 00:00:00+00:00,KXHOUSERACE,other,637,150.0
203,KXHOUSERACE-AL05-26-R,0.0,2026-02-04 00:00:00+00:00,KXHOUSERACE,other,637,
203,KXHOUSERACE-AZ03-26-D,0.0,2026-02-04 00:00:00+00:00,KXHOUSERACE,other,637,
203,KXHOUSERACE-AZ07-26-D,0.0,2026-02-04 00:00:00+00:00,KXHOUSERACE,other,637,
203,KXHOUSERACE-CA01-26-D,0.0,2026-02-04 00:00:00+00:00,KXHOUSERACE,other,637,
203,KXHOUSERACE-CA10-26-D,0.0,2026-02-04 00:00:00+00:00,KXHOUSERACE,other,637,
203,KXHOUSERACE-CA18-26-D,0.0,2026-02-04 00:00:00+00:00,KXHOUSERACE,other,637,
203,KXHOUSERACE-CA20-26-R,0.0,2026-02-04 00:00:00+00:00,KXHOUSERACE,other,637,
203,KXHOUSERACE-CA26-26-D,0.0,2026-02-04 00:00:00+00:00,KXHOUSERACE,other,637,
203,KXHOUSERACE-CA31-26-D,0.0,2026-02-04 00:00:00+00:00,KXHOUSERACE,other,637,
203,KXHOUSERACE-CA35-26-D,0.0,2026-02-04 00:00:00+00:00,KXHOUSERACE,other,637,
204,KXHOUSERACE-FL16-26-R,1.0,2026-02-04 00:00:00+00:00,KXHOUSERACE,other,637,150.0
204,KXHOUSERACE-CA05-26-R,0.0,2026-02-04 00:00:00+00:00,KXHOUSERACE,other,637,
204,KXHOUSERACE-MI01-26-R,0.0,2026-02-04 00:00:00+00:00,KXHOUSERACE,other,637,
204,KXHOUSERACE-TX21-26-R,0.0,2026-02-04 00:00:00+00:00,KXHOUSERACE,other,637,
204,KXHOUSERACE-NC07-26-R,0.0,2026-02-04 00:00:00+00:00,KXHOUSERACE,other,637,
204,KXHOUSERACE-NC14-26-R,0.0,2026-02-04 00:00:00+00:00,KXHOUSERACE,other,637,
204,KXHOUSERACE-CA25-26-D,0.0,2026-02-04 00:00:00+00:00,KXHOUSERACE,other,637,
204,KXHOUSERACE-FL15-26-R,0.0,2026-02-04 00:00:00+00:00,KXHOUSERACE,other,637,
204,KXHOUSERACE-NJ03-26-D,0.0,2026-02-04 00:00:00+00:00,KXHOUSERACE,other,637,
204,KXHOUSERACE-MN06-26-R,0.0,2026-02-04 00:00:00+00:00,KXHOUSERACE,other,637,
204,KXHOUSERACE-OH08-26-R,0.0,2026-02-04 00:00:00+00:00,KXHOUSERACE,other,637,
205,KXHOUSERACE-FL17-26-R,1.0,2026-02-04 00:00:00+00:00,KXHOUSERACE,other,637,150.0
205,KXHOUSERACE-WI08-26-D,0.0,2026-02-04 00:00:00+00:00,KXHOUSERACE,other,637,
205,KXHOUSERACE-GA01-26-R,0.0,2026-02-04 00:00:00+00:00,KXHOUSERACE,other,637,
205,KXHOUSERACE-FL03-26-R,0.0,2026-02-04 00:00:00+00:00,KXHOUSERACE,other,637,
205,KXHOUSERACE-FL28-26-D,0.0,2026-02-04 00:00:00+00:00,KXHOUSERACE,other,637,
205,KXHOUSERACE-CO01-26-D,0.0,2026-02-04 00:00:00+00:00,KXHOUSERACE,other,637,
205,KXHOUSERACE-MN07-26-D,0.0,2026-02-04 00:00:00+00:00,KXHOUSERACE,other,637,
205,KXHOUSERACE-NC13-26-D,0.0,2026-02-04 00:00:00+00:00,KXHOUSERACE,other,637,
205,KXHOUSERACE-TX20-26-R,0.0,2026-02-04 00:00:00+00:00,KXHOUSERACE,other,637,
205,KXHOUSERACE-TX31-26-D,0.0,2026-02-04 00:00:00+00:00,KXHOUSERACE,other,637,
205,KXHOUSERACE-TX25-26-D,0.0,2026-02-04 00:00:00+00:00,KXHOUSERACE,other,637,
206,KXHOUSERACE-FL18-26-R,1.0,2026-02-04 00:00:00+00:00,KXHOUSERACE,other,637,150.0
206,KXHOUSERACE-WI08-26-D,0.0,2026-02-04 00:00:00+00:00,KXHOUSERACE,other,637,
206,KXHOUSERACE-GA01-26-R,0.0,2026-02-04 00:00:00+00:00,KXHOUSERACE,other,637,
206,KXHOUSERACE-FL03-26-R,0.0,2026-02-04 00:00:00+00:00,KXHOUSERACE,other,637,
206,KXHOUSERACE-FL28-26-D,0.0,2026-02-04 00:00:00+00:00,KXHOUSERACE,other,637,
206,KXHOUSERACE-CO01-26-D,0.0,2026-02-04 00:00:00+00:00,KXHOUSERACE,other,637,
206,KXHOUSERACE-MN07-26-D,0.0,2026-02-04 00:00:00+00:00,KXHOUSERACE,other,637,
206,KXHOUSERACE-NC13-26-D,0.0,2026-02-04 00:00:00+00:00,KXHOUSERACE,other,637,
206,KXHOUSERACE-TX20-26-R,0.0,2026-02-04 00:00:00+00:00,KXHOUSERACE,other,637,
206,KXHOUSERACE-TX31-26-D,0.0,2026-02-04 00:00:00+00:00,KXHOUSERACE,other,637,
206,KXHOUSERACE-TX25-26-D,0.0,2026-02-04 00:00:00+00:00,KXHOUSERACE,other,637,
207,KXHOUSERACE-FL19-26-R,1.0,2026-02-04 00:00:00+00:00,KXHOUSERACE,other,637,300.0
207,KXHOUSERACE-WI08-26-D,0.0,2026-02-04 00:00:00+00:00,KXHOUSERACE,other,637,
207,KXHOUSERACE-GA01-26-R,0.0,2026-02-04 00:00:00+00:00,KXHOUSERACE,other,637,
207,KXHOUSERACE-FL03-26-R,0.0,2026-02-04 00:00:00+00:00,KXHOUSERACE,other,637,
207,KXHOUSERACE-FL28-26-D,0.0,2026-02-04 00:00:00+00:00,KXHOUSERACE,other,637,
207,KXHOUSERACE-CO01-26-D,0.0,2026-02-04 00:00:00+00:00,KXHOUSERACE,other,637,
207,KXHOUSERACE-MN07-26-D,0.0,2026-02-04 00:00:00+00:00,KXHOUSERACE,other,637,
207,KXHOUSERACE-NC13-26-D,0.0,2026-02-04 00:00:00+00:00,KXHOUSERACE,other,637,
207,KXHOUSERACE-TX20-26-R,0.0,2026-02-04 00:00:00+00:00,KXHOUSERACE,other,637,
207,KXHOUSERACE-TX31-26-D,0.0,2026-02-04 00:00:00+00:00,KXHOUSERACE,other,637,
207,KXHOUSERACE-TX25-26-D,0.0,2026-02-04 00:00:00+00:00,KXHOUSERACE,other,637,
208,KXHOUSERACE-GA10-26-R,1.0,2026-02-04 00:00:00+00:00,KXHOUSERACE,other,637,150.0
208,KXHOUSERACE-AL05-26-R,0.0,2026-02-04 00:00:00+00:00,KXHOUSERACE,other,637,
208,KXHOUSERACE-AZ03-26-D,0.0,2026-02-04 00:00:00+00:00,KXHOUSERACE,other,637,
208,KXHOUSERACE-AZ07-26-D,0.0,2026-02-04 00:00:00+00:00,KXHOUSERACE,other,637,
208,KXHOUSERACE-CA01-26-D,0.0,2026-02-04 00:00:00+00:00,KXHOUSERACE,other,637,
208,KXHOUSERACE-CA10-26-D,0.0,2026-02-04 00:00:00+00:00,KXHOUSERACE,other,637,
208,KXHOUSERACE-CA18-26-D,0.0,2026-02-04 00:00:00+00:00,KXHOUSERACE,other,637,
208,KXHOUSERACE-CA20-26-R,0.0,2026-02-04 00:00:00+00:00,KXHOUSERACE,other,637,
208,KXHOUSERACE-CA26-26-D,0.0,2026-02-04 00:00:00+00:00,KXHOUSERACE,other,637,
208,KXHOUSERACE-CA31-26-D,0.0,2026-02-04 00:00:00+00:00,KXHOUSERACE,other,637,
208,KXHOUSERACE-CA35-26-D,0.0,2026-02-04 00:00:00+00:00,KXHOUSERACE,other,637,
209,KXHOUSERACE-GA12-26-R,1.0,2026-02-04 00:00:00+00:00,KXHOUSERACE,other,637,150.0
209,KXHOUSERACE-WI08-26-D,0.0,2026-02-04 00:00:00+00:00,KXHOUSERACE,other,637,
209,KXHOUSERACE-GA01-26-R,0.0,2026-02-04 00:00:00+00:00,KXHOUSERACE,other,637,
209,KXHOUSERACE-FL03-26-R,0.0,2026-02-04 00:00:00+00:00,KXHOUSERACE,other,637,
209,KXHOUSERACE-FL28-26-D,0.0,2026-02-04 00:00:00+00:00,KXHOUSERACE,other,637,
209,KXHOUSERACE-CO01-26-D,0.0,2026-02-04 00:00:00+00:00,KXHOUSERACE,other,637,
209,KXHOUSERACE-MN07-26-D,0.0,2026-02-04 00:00:00+00:00,KXHOUSERACE,other,637,
209,KXHOUSERACE-NC13-26-D,0.0,2026-02-04 00:00:00+00:00,KXHOUSERACE,other,637,
209,KXHOUSERACE-TX20-26-R,0.0,2026-02-04 00:00:00+00:00,KXHOUSERACE,other,637,
209,KXHOUSERACE-TX31-26-D,0.0,2026-02-04 00:00:00+00:00,KXHOUSERACE,other,637,
209,KXHOUSERACE-TX25-26-D,0.0,2026-02-04 00:00:00+00:00,KXHOUSERACE,other,637,
210,KXHOUSERACE-IL01-26-D,1.0,2026-02-04 00:00:00+00:00,KXHOUSERACE,other,637,150.0
210,KXHOUSERACE-AL05-26-R,0.0,2026-02-04 00:00:00+00:00,KXHOUSERACE,other,637,
210,KXHOUSERACE-AZ03-26-D,0.0,2026-02-04 00:00:00+00:00,KXHOUSERACE,other,637,
210,KXHOUSERACE-AZ07-26-D,0.0,2026-02-04 00:00:00+00:00,KXHOUSERACE,other,637,
210,KXHOUSERACE-CA01-26-D,0.0,2026-02-04 00:00:00+00:00,KXHOUSERACE,other,637,
210,KXHOUSERACE-CA10-26-D,0.0,2026-02-04 00:00:00+00:00,KXHOUSERACE,other,637,
210,KXHOUSERACE-CA18-26-D,0.0,2026-02-04 00:00:00+00:00,KXHOUSERACE,other,637,
210,KXHOUSERACE-CA20-26-R,0.0,2026-02-04 00:00:00+00:00,KXHOUSERACE,other,637,
210,KXHOUSERACE-CA26-26-D,0.0,2026-02-04 00:00:00+00:00,KXHOUSERACE,other,637,
210,KXHOUSERACE-CA31-26-D,0.0,2026-02-04 00:00:00+00:00,KXHOUSERACE,other,637,
210,KXHOUSERACE-CA35-26-D,0.0,2026-02-04 00:00:00+00:00,KXHOUSERACE,other,637,
211,KXHOUSERACE-IL10-26-D,1.0,2026-02-04 00:00:00+00:00,KXHOUSERACE,other,637,150.0
211,KXHOUSERACE-AL05-26-R,0.0,2026-02-04 00:00:00+00:00,KXHOUSERACE,other,637,
211,KXHOUSERACE-AZ03-26-D,0.0,2026-02-04 00:00:00+00:00,KXHOUSERACE,other,637,
211,KXHOUSERACE-AZ07-26-D,0.0,2026-02-04 00:00:00+00:00,KXHOUSERACE,other,637,
211,KXHOUSERACE-CA01-26-D,0.0,2026-02-04 00:00:00+00:00,KXHOUSERACE,other,637,
211,KXHOUSERACE-CA10-26-D,0.0,2026-02-04 00:00:00+00:00,KXHOUSERACE,other,637,
211,KXHOUSERACE-CA18-26-D,0.0,2026-02-04 00:00:00+00:00,KXHOUSERACE,other,637,
211,KXHOUSERACE-CA20-26-R,0.0,2026-02-04 00:00:00+00:00,KXHOUSERACE,other,637,
211,KXHOUSERACE-CA26-26-D,0.0,2026-02-04 00:00:00+00:00,KXHOUSERACE,other,637,
211,KXHOUSERACE-CA31-26-D,0.0,2026-02-04 00:00:00+00:00,KXHOUSERACE,other,637,
211,KXHOUSERACE-CA35-26-D,0.0,2026-02-04 00:00:00+00:00,KXHOUSERACE,other,637,
212,KXHOUSERACE-IL12-26-R,1.0,2026-02-04 00:00:00+00:00,KXHOUSERACE,other,637,150.0
212,KXHOUSERACE-AL05-26-R,0.0,2026-02-04 00:00:00+00:00,KXHOUSERACE,other,637,
212,KXHOUSERACE-AZ03-26-D,0.0,2026-02-04 00:00:00+00:00,KXHOUSERACE,other,637,
212,KXHOUSERACE-AZ07-26-D,0.0,2026-02-04 00:00:00+00:00,KXHOUSERACE,other,637,
212,KXHOUSERACE-CA01-26-D,0.0,2026-02-04 00:00:00+00:00,KXHOUSERACE,other,637,
212,KXHOUSERACE-CA10-26-D,0.0,2026-02-04 00:00:00+00:00,KXHOUSERACE,other,637,
212,KXHOUSERACE-CA18-26-D,0.0,2026-02-04 00:00:00+00:00,KXHOUSERACE,other,637,
212,KXHOUSERACE-CA20-26-R,0.0,2026-02-04 00:00:00+00:00,KXHOUSERACE,other,637,
212,KXHOUSERACE-CA26-26-D,0.0,2026-02-04 00:00:00+00:00,KXHOUSERACE,other,637,
212,KXHOUSERACE-CA31-26-D,0.0,2026-02-04 00:00:00+00:00,KXHOUSERACE,other,637,
212,KXHOUSERACE-CA35-26-D,0.0,2026-02-04 00:00:00+00:00,KXHOUSERACE,other,637,
213,KXHOUSERACE-IN02-26-R,1.0,2026-02-04 00:00:00+00:00,KXHOUSERACE,other,637,300.0
213,KXHOUSERACE-AL05-26-R,0.0,2026-02-04 00:00:00+00:00,KXHOUSERACE,other,637,
213,KXHOUSERACE-AZ03-26-D,0.0,2026-02-04 00:00:00+00:00,KXHOUSERACE,other,637,
213,KXHOUSERACE-AZ07-26-D,0.0,2026-02-04 00:00:00+00:00,KXHOUSERACE,other,637,
213,KXHOUSERACE-CA01-26-D,0.0,2026-02-04 00:00:00+00:00,KXHOUSERACE,other,637,
213,KXHOUSERACE-CA10-26-D,0.0,2026-02-04 00:00:00+00:00,KXHOUSERACE,other,637,
213,KXHOUSERACE-CA18-26-D,0.0,2026-02-04 00:00:00+00:00,KXHOUSERACE,other,637,
213,KXHOUSERACE-CA20-26-R,0.0,2026-02-04 00:00:00+00:00,KXHOUSERACE,other,637,
213,KXHOUSERACE-CA26-26-D,0.0,2026-02-04 00:00:00+00:00,KXHOUSERACE,other,637,
213,KXHOUSERACE-CA31-26-D,0.0,2026-02-04 00:00:00+00:00,KXHOUSERACE,other,637,
213,KXHOUSERACE-CA35-26-D,0.0,2026-02-04 00:00:00+00:00,KXHOUSERACE,other,637,
214,KXHOUSERACE-MD02-26-D,1.0,2026-02-04 00:00:00+00:00,KXHOUSERACE,other,637,150.0
214,KXHOUSERACE-DEAL-26-D,0.0,2026-02-04 00:00:00+00:00,KXHOUSERACE,other,637,
214,KXHOUSERACE-KS01-26-R,0.0,2026-02-04 00:00:00+00:00,KXHOUSERACE,other,637,
214,KXHOUSERACE-KS04-26-R,0.0,2026-02-04 00:00:00+00:00,KXHOUSERACE,other,637,
214,KXHOUSERACE-KY05-26-R,0.0,2026-02-04 00:00:00+00:00,KXHOUSERACE,other,637,
214,KXHOUSERACE-LA01-26-R,0.0,2026-02-04 00:00:00+00:00,KXHOUSERACE,other,637,
214,KXHOUSERACE-LA03-26-R,0.0,2026-02-04 00:00:00+00:00,KXHOUSERACE,other,637,
214,KXHOUSERACE-LA04-26-R,0.0,2026-02-04 00:00:00+00:00,KXHOUSERACE,other,637,
214,KXHOUSERACE-LA06-26-D,0.0,2026-02-04 00:00:00+00:00,KXHOUSERACE,other,637,
214,KXHOUSERACE-MA01-26-D,0.0,2026-02-04 00:00:00+00:00,KXHOUSERACE,other,637,
214,KXHOUSERACE-MA02-26-D,0.0,2026-02-04 00:00:00+00:00,KXHOUSERACE,other,637,
215,KXHOUSERACE-MN04-26-D,1.0,2026-02-04 00:00:00+00:00,KXHOUSERACE,other,637,150.0
215,KXHOUSERACE-OH08-26-D,0.0,2026-02-04 00:00:00+00:00,KXHOUSERACE,other,637,
215,KXHOUSERACE-MN06-26-D,0.0,2026-02-04 00:00:00+00:00,KXHOUSERACE,other,637,
215,KXHOUSERACE-CA23-26-D,0.0,2026-02-04 00:00:00+00:00,KXHOUSERACE,other,637,
215,KXHOUSERACE-VA06-26-D,0.0,2026-02-04 00:00:00+00:00,KXHOUSERACE,other,637,
215,KXHOUSERACE-TX12-26-D,0.0,2026-02-04 00:00:00+00:00,KXHOUSERACE,other,637,
215,KXHOUSERACE-FL15-26-D,0.0,2026-02-04 00:00:00+00:00,KXHOUSERACE,other,637,
215,KXHOUSERACE-NC10-26-R,0.0,2026-02-04 00:00:00+00:00,KXHOUSERACE,other,637,
215,KXHOUSERACE-CA17-26-R,0.0,2026-02-04 00:00:00+00:00,KXHOUSERACE,other,637,
215,KXHOUSERACE-AZ08-26-D,0.0,2026-02-04 00:00:00+00:00,KXHOUSERACE,other,637,
215,KXHOUSERACE-NC07-26-D,0.0,2026-02-04 00:00:00+00:00,KXHOUSERACE,other,637,
216,KXHOUSERACE-NC05-26-R,1.0,2026-02-04 00:00:00+00:00,KXHOUSERACE,other,637,150.0
216,KXHOUSERACE-NC05-26-D,0.0,2026-02-04 00:00:00+00:00,KXHOUSERACE,other,637,
216,KXHOUSERACE-SDAL-26-R,0.0,2026-02-04 00:00:00+00:00,KXHOUSERACE,other,637,
216,KXHOUSERACE-VTAL-26-D,0.0,2026-02-04 00:00:00+00:00,KXHOUSERACE,other,637,
216,KXHOUSERACE-FL11-26-R,0.0,2026-02-04 00:00:00+00:00,KXHOUSERACE,other,637,
216,KXHOUSERACE-FL21-26-R,0.0,2026-02-04 00:00:00+00:00,KXHOUSERACE,other,637,
216,KXHOUSERACE-OH15-26-D,0.0,2026-02-04 00:00:00+00:00,KXHOUSERACE,other,637,
216,KXHOUSERACE-MN08-26-R,0.0,2026-02-04 00:00:00+00:00,KXHOUSERACE,other,637,
216,KXHOUSERACE-FL11-26-D,0.0,2026-02-04 00:00:00+00:00,KXHOUSERACE,other,637,
216,KXHOUSERACE-FL21-26-D,0.0,2026-02-04 00:00:00+00:00,KXHOUSERACE,other,637,
216,KXHOUSERACE-MN08-26-D,0.0,2026-02-04 00:00:00+00:00,KXHOUSERACE,other,637,
217,KXHOUSERACE-NJ11-26-D,1.0,2026-02-04 00:00:00+00:00,KXHOUSERACE,other,637,150.0
217,KXHOUSERACE-TX03-26-D,0.0,2026-02-04 00:00:00+00:00,KXHOUSERACE,other,637,
217,KXHOUSERACE-TX05-26-D,0.0,2026-02-04 00:00:00+00:00,KXHOUSERACE,other,637,
217,KXHOUSERACE-TX36-26-R,0.0,2026-02-04 00:00:00+00:00,KXHOUSERACE,other,637,
217,KXHOUSERACE-CA46-26-D,0.0,2026-02-04 00:00:00+00:00,KXHOUSERACE,other,637,
217,KXHOUSERACE-IL08-26-D,0.0,2026-02-04 00:00:00+00:00,KXHOUSERACE,other,637,
217,KXHOUSERACE-MO04-26-D,0.0,2026-02-04 00:00:00+00:00,KXHOUSERACE,other,637,
217,KXHOUSERACE-TN07-26-R,0.0,2026-02-04 00:00:00+00:00,KXHOUSERACE,other,637,
217,KXHOUSERACE-NC09-26-D,0.0,2026-02-04 00:00:00+00:00,KXHOUSERACE,other,637,
217,KXHOUSERACE-NC06-26-R,0.0,2026-02-04 00:00:00+00:00,KXHOUSERACE,other,637,
217,KXHOUSERACE-CA19-26-R,0.0,2026-02-04 00:00:00+00:00,KXHOUSERACE,other,637,
218,KXHOUSERACE-NY24-26-D,1.0,2026-02-04 00:00:00+00:00,KXHOUSERACE,other,637,300.0
218,KXHOUSERACE-OH07-26-R,0.0,2026-02-04 00:00:00+00:00,KXHOUSERACE,other,637,
218,KXHOUSERACE-AZ08-26-R,0.0,2026-02-04 00:00:00+00:00,KXHOUSERACE,other,637,
218,KXHOUSERACE-TX12-26-R,0.0,2026-02-04 00:00:00+00:00,KXHOUSERACE,other,637,
218,KXHOUSERACE-CA23-26-R,0.0,2026-02-04 00:00:00+00:00,KXHOUSERACE,other,637,
218,KXHOUSERACE-OH08-26-R,0.0,2026-02-04 00:00:00+00:00,KXHOUSERACE,other,637,
218,KXHOUSERACE-MO01-26-D,0.0,2026-02-04 00:00:00+00:00,KXHOUSERACE,other,637,
218,KXHOUSERACE-MN06-26-R,0.0,2026-02-04 00:00:00+00:00,KXHOUSERACE,other,637,
218,KXHOUSERACE-VA06-26-R,0.0,2026-02-04 00:00:00+00:00,KXHOUSERACE,other,637,
218,KXHOUSERACE-FL15-26-R,0.0,2026-02-04 00:00:00+00:00,KXHOUSERACE,other,637,
218,KXHOUSERACE-NC07-26-R,0.0,2026-02-04 00:00:00+00:00,KXHOUSERACE,other,637,
219,KXHOUSERACE-NY24-26-R,1.0,2026-02-04 00:00:00+00:00,KXHOUSERACE,other,637,300.0
219,KXHOUSERACE-MN08-26-D,0.0,2026-02-04 00:00:00+00:00,KXHOUSERACE,other,637,
219,KXHOUSERACE-FL11-26-D,0.0,2026-02-04 00:00:00+00:00,KXHOUSERACE,other,637,
219,KXHOUSERACE-FL21-26-D,0.0,2026-02-04 00:00:00+00:00,KXHOUSERACE,other,637,
219,KXHOUSERACE-SC01-26-R,0.0,2026-02-04 00:00:00+00:00,KXHOUSERACE,other,637,
219,KXHOUSERACE-NM03-26-D,0.0,2026-02-04 00:00:00+00:00,KXHOUSERACE,other,637,
219,KXHOUSERACE-MN08-26-R,0.0,2026-02-04 00:00:00+00:00,KXHOUSERACE,other,637,
219,KXHOUSERACE-VA06-26-R,0.0,2026-02-04 00:00:00+00:00,KXHOUSERACE,other,637,
219,KXHOUSERACE-MO01-26-D,0.0,2026-02-04 00:00:00+00:00,KXHOUSERACE,other,637,
219,KXHOUSERACE-OH07-26-R,0.0,2026-02-04 00:00:00+00:00,KXHOUSERACE,other,637,
219,KXHOUSERACE-FL11-26-R,0.0,2026-02-04 00:00:00+00:00,KXHOUSERACE,other,637,
220,KXHOUSERACE-OH14-26-R,1.0,2026-02-04 00:00:00+00:00,KXHOUSERACE,other,637,150.0
220,KXHOUSERACE-TX38-26-D,0.0,2026-02-04 00:00:00+00:00,KXHOUSERACE,other,637,
220,KXHOUSERACE-TX20-26-D,0.0,2026-02-04 00:00:00+00:00,KXHOUSERACE,other,637,
220,KXHOUSERACE-FL07-26-D,0.0,2026-02-04 00:00:00+00:00,KXHOUSERACE,other,637,
220,KXHOUSERACE-TX22-26-D,0.0,2026-02-04 00:00:00+00:00,KXHOUSERACE,other,637,
220,KXHOUSERACE-NC03-26-R,0.0,2026-02-04 00:00:00+00:00,KXHOUSERACE,other,637,
220,KXHOUSERACE-NJ06-26-R,0.0,2026-02-04 00:00:00+00:00,KXHOUSERACE,other,637,
220,KXHOUSERACE-TX25-26-D,0.0,2026-02-04 00:00:00+00:00,KXHOUSERACE,other,637,
220,KXHOUSERACE-TX31-26-D,0.0,2026-02-04 00:00:00+00:00,KXHOUSERACE,other,637,
220,KXHOUSERACE-NC13-26-D,0.0,2026-02-04 00:00:00+00:00,KXHOUSERACE,other,637,
220,KXHOUSERACE-NDAL-26-D,0.0,2026-02-04 00:00:00+00:00,KXHOUSERACE,other,637,
221,KXHOUSERACE-PA04-26-D,1.0,2026-02-04 00:00:00+00:00,KXHOUSERACE,other,637,150.0
221,KXHOUSERACE-DEAL-26-D,0.0,2026-02-04 00:00:00+00:00,KXHOUSERACE,other,637,
221,KXHOUSERACE-KS01-26-R,0.0,2026-02-04 00:00:00+00:00,KXHOUSERACE,other,637,
221,KXHOUSERACE-KS04-26-R,0.0,2026-02-04 00:00:00+00:00,KXHOUSERACE,other,637,
221,KXHOUSERACE-KY05-26-R,0.0,2026-02-04 00:00:00+00:00,KXHOUSERACE,other,637,
221,KXHOUSERACE-LA01-26-R,0.0,2026-02-04 00:00:00+00:00,KXHOUSERACE,other,637,
221,KXHOUSERACE-LA03-26-R,0.0,2026-02-04 00:00:00+00:00,KXHOUSERACE,other,637,
221,KXHOUSERACE-LA04-26-R,0.0,2026-02-04 00:00:00+00:00,KXHOUSERACE,other,637,
221,KXHOUSERACE-LA06-26-D,0.0,2026-02-04 00:00:00+00:00,KXHOUSERACE,other,637,
221,KXHOUSERACE-MA01-26-D,0.0,2026-02-04 00:00:00+00:00,KXHOUSERACE,other,637,
221,KXHOUSERACE-MA02-26-D,0.0,2026-02-04 00:00:00+00:00,KXHOUSERACE,other,637,
222,KXHOUSERACE-PA15-26-R,1.0,2026-02-04 00:00:00+00:00,KXHOUSERACE,other,637,300.0
222,KXHOUSERACE-NE03-26-R,0.0,2026-02-04 00:00:00+00:00,KXHOUSERACE,other,637,
222,KXHOUSERACE-NC03-26-D,0.0,2026-02-04 00:00:00+00:00,KXHOUSERACE,other,637,
222,KXHOUSERACE-FL04-26-D,0.0,2026-02-04 00:00:00+00:00,KXHOUSERACE,other,637,
222,KXHOUSERACE-TN06-26-R,0.0,2026-02-04 00:00:00+00:00,KXHOUSERACE,other,637,
222,KXHOUSERACE-IN05-26-D,0.0,2026-02-04 00:00:00+00:00,KXHOUSERACE,other,637,
222,KXHOUSERACE-PA14-26-R,0.0,2026-02-04 00:00:00+00:00,KXHOUSERACE,other,637,
222,KXHOUSERACE-NC10-26-D,0.0,2026-02-04 00:00:00+00:00,KXHOUSERACE,other,637,
222,KXHOUSERACE-KY04-26-R,0.0,2026-02-04 00:00:00+00:00,KXHOUSERACE,other,637,
222,KXHOUSERACE-NY07-26-D,0.0,2026-02-04 00:00:00+00:00,KXHOUSERACE,other,637,
222,KXHOUSERACE-NY08-26-D,0.0,2026-02-04 00:00:00+00:00,KXHOUSERACE,other,637,
223,KXHOUSERACE-SC02-26-R,1.0,2026-02-04 00:00:00+00:00,KXHOUSERACE,other,637,150.0
223,KXHOUSERACE-TX38-26-D,0.0,2026-02-04 00:00:00+00:00,KXHOUSERACE,other,637,
223,KXHOUSERACE-TX20-26-D,0.0,2026-02-04 00:00:00+00:00,KXHOUSERACE,other,637,
223,KXHOUSERACE-FL07-26-D,0.0,2026-02-04 00:00:00+00:00,KXHOUSERACE,other,637,
223,KXHOUSERACE-TX22-26-D,0.0,2026-02-04 00:00:00+00:00,KXHOUSERACE,other,637,
223,KXHOUSERACE-NC03-26-R,0.0,2026-02-04 00:00:00+00:00,KXHOUSERACE,other,637,
223,KXHOUSERACE-NJ06-26-R,0.0,2026-02-04 00:00:00+00:00,KXHOUSERACE,other,637,
223,KXHOUSERACE-TX25-26-D,0.0,2026-02-04 00:00:00+00:00,KXHOUSERACE,other,637,
223,KXHOUSERACE-TX31-26-D,0.0,2026-02-04 00:00:00+00:00,KXHOUSERACE,other,637,
223,KXHOUSERACE-NC13-26-D,0.0,2026-02-04 00:00:00+00:00,KXHOUSERACE,other,637,
223,KXHOUSERACE-NDAL-26-D,0.0,2026-02-04 00:00:00+00:00,KXHOUSERACE,other,637,
224,KXHOUSERACE-SC04-26-R,1.0,2026-02-04 00:00:00+00:00,KXHOUSERACE,other,637,300.0
224,KXHOUSERACE-GA01-26-R,0.0,2026-02-04 00:00:00+00:00,KXHOUSERACE,other,637,
224,KXHOUSERACE-WI08-26-D,0.0,2026-02-04 00:00:00+00:00,KXHOUSERACE,other,637,
224,KXHOUSERACE-FL03-26-R,0.0,2026-02-04 00:00:00+00:00,KXHOUSERACE,other,637,
224,KXHOUSERACE-MN07-26-D,0.0,2026-02-04 00:00:00+00:00,KXHOUSERACE,other,637,
224,KXHOUSERACE-FL28-26-D,0.0,2026-02-04 00:00:00+00:00,KXHOUSERACE,other,637,
224,KXHOUSERACE-NC13-26-D,0.0,2026-02-04 00:00:00+00:00,KXHOUSERACE,other,637,
224,KXHOUSERACE-TX31-26-D,0.0,2026-02-04 00:00:00+00:00,KXHOUSERACE,other,637,
224,KXHOUSERACE-CO01-26-D,0.0,2026-02-04 00:00:00+00:00,KXHOUSERACE,other,637,
224,KXHOUSERACE-TX25-26-D,0.0,2026-02-04 00:00:00+00:00,KXHOUSERACE,other,637,
224,KXHOUSERACE-NJ06-26-R,0.0,2026-02-04 00:00:00+00:00,KXHOUSERACE,other,637,
225,KXHOUSERACE-SC07-26-R,1.0,2026-02-04 00:00:00+00:00,KXHOUSERACE,other,637,300.0
225,KXHOUSERACE-WI08-26-D,0.0,2026-02-04 00:00:00+00:00,KXHOUSERACE,other,637,
225,KXHOUSERACE-GA01-26-R,0.0,2026-02-04 00:00:00+00:00,KXHOUSERACE,other,637,
225,KXHOUSERACE-FL03-26-R,0.0,2026-02-04 00:00:00+00:00,KXHOUSERACE,other,637,
225,KXHOUSERACE-FL28-26-D,0.0,2026-02-04 00:00:00+00:00,KXHOUSERACE,other,637,
225,KXHOUSERACE-CO01-26-D,0.0,2026-02-04 00:00:00+00:00,KXHOUSERACE,other,637,
225,KXHOUSERACE-MN07-26-D,0.0,2026-02-04 00:00:00+00:00,KXHOUSERACE,other,637,
225,KXHOUSERACE-NC13-26-D,0.0,2026-02-04 00:00:00+00:00,KXHOUSERACE,other,637,
225,KXHOUSERACE-TX20-26-R,0.0,2026-02-04 00:00:00+00:00,KXHOUSERACE,other,637,
225,KXHOUSERACE-TX31-26-D,0.0,2026-02-04 00:00:00+00:00,KXHOUSERACE,other,637,
225,KXHOUSERACE-TX25-26-D,0.0,2026-02-04 00:00:00+00:00,KXHOUSERACE,other,637,
226,KXHOUSERACE-TX03-26-R,1.0,2026-02-04 00:00:00+00:00,KXHOUSERACE,other,637,150.0
226,KXHOUSERACE-FL28-26-R,0.0,2026-02-04 00:00:00+00:00,KXHOUSERACE,other,637,
226,KXHOUSERACE-MO01-26-R,0.0,2026-02-04 00:00:00+00:00,KXHOUSERACE,other,637,
226,KXHOUSERACE-NC09-26-R,0.0,2026-02-04 00:00:00+00:00,KXHOUSERACE,other,637,
226,KXHOUSERACE-TX02-26-R,0.0,2026-02-04 00:00:00+00:00,KXHOUSERACE,other,637,
226,KXHOUSERACE-TX14-26-D,0.0,2026-02-04 00:00:00+00:00,KXHOUSERACE,other,637,
226,KXHOUSERACE-AZ08-26-D,0.0,2026-02-04 00:00:00+00:00,KXHOUSERACE,other,637,
226,KXHOUSERACE-NC10-26-R,0.0,2026-02-04 00:00:00+00:00,KXHOUSERACE,other,637,
226,KXHOUSERACE-FL15-26-D,0.0,2026-02-04 00:00:00+00:00,KXHOUSERACE,other,637,
226,KXHOUSERACE-TX12-26-D,0.0,2026-02-04 00:00:00+00:00,KXHOUSERACE,other,637,
226,KXHOUSERACE-CA23-26-D,0.0,2026-02-04 00:00:00+00:00,KXHOUSERACE,other,637,
227,KXHOUSERACE-TX04-26-R,1.0,2026-02-04 00:00:00+00:00,KXHOUSERACE,other,637,150.0
227,KXHOUSERACE-DEAL-26-D,0.0,2026-02-04 00:00:00+00:00,KXHOUSERACE,other,637,
227,KXHOUSERACE-KS01-26-R,0.0,2026-02-04 00:00:00+00:00,KXHOUSERACE,other,637,
227,KXHOUSERACE-KS04-26-R,0.0,2026-02-04 00:00:00+00:00,KXHOUSERACE,other,637,
227,KXHOUSERACE-KY05-26-R,0.0,2026-02-04 00:00:00+00:00,KXHOUSERACE,other,637,
227,KXHOUSERACE-LA01-26-R,0.0,2026-02-04 00:00:00+00:00,KXHOUSERACE,other,637,
227,KXHOUSERACE-LA03-26-R,0.0,2026-02-04 00:00:00+00:00,KXHOUSERACE,other,637,
227,KXHOUSERACE-LA04-26-R,0.0,2026-02-04 00:00:00+00:00,KXHOUSERACE,other,637,
227,KXHOUSERACE-LA06-26-D,0.0,2026-02-04 00:00:00+00:00,KXHOUSERACE,other,637,
227,KXHOUSERACE-MA01-26-D,0.0,2026-02-04 00:00:00+00:00,KXHOUSERACE,other,637,
227,KXHOUSERACE-MA02-26-D,0.0,2026-02-04 00:00:00+00:00,KXHOUSERACE,other,637,
228,KXHOUSERACE-TX05-26-R,1.0,2026-02-04 00:00:00+00:00,KXHOUSERACE,other,637,150.0
228,KXHOUSERACE-FL28-26-R,0.0,2026-02-04 00:00:00+00:00,KXHOUSERACE,other,637,
228,KXHOUSERACE-MO01-26-R,0.0,2026-02-04 00:00:00+00:00,KXHOUSERACE,other,637,
228,KXHOUSERACE-NC09-26-R,0.0,2026-02-04 00:00:00+00:00,KXHOUSERACE,other,637,
228,KXHOUSERACE-TX02-26-R,0.0,2026-02-04 00:00:00+00:00,KXHOUSERACE,other,637,
228,KXHOUSERACE-TX14-26-D,0.0,2026-02-04 00:00:00+00:00,KXHOUSERACE,other,637,
228,KXHOUSERACE-AZ08-26-D,0.0,2026-02-04 00:00:00+00:00,KXHOUSERACE,other,637,
228,KXHOUSERACE-NC10-26-R,0.0,2026-02-04 00:00:00+00:00,KXHOUSERACE,other,637,
228,KXHOUSERACE-FL15-26-D,0.0,2026-02-04 00:00:00+00:00,KXHOUSERACE,other,637,
228,KXHOUSERACE-TX12-26-D,0.0,2026-02-04 00:00:00+00:00,KXHOUSERACE,other,637,
228,KXHOUSERACE-CA23-26-D,0.0,2026-02-04 00:00:00+00:00,KXHOUSERACE,other,637,
229,KXHOUSERACE-TX06-26-R,1.0,2026-02-04 00:00:00+00:00,KXHOUSERACE,other,637,150.0
229,KXHOUSERACE-NC06-26-R,0.0,2026-02-04 00:00:00+00:00,KXHOUSERACE,other,637,
229,KXHOUSERACE-NC09-26-D,0.0,2026-02-04 00:00:00+00:00,KXHOUSERACE,other,637,
229,KXHOUSERACE-MO04-26-D,0.0,2026-02-04 00:00:00+00:00,KXHOUSERACE,other,637,
229,KXHOUSERACE-TN07-26-R,0.0,2026-02-04 00:00:00+00:00,KXHOUSERACE,other,637,
229,KXHOUSERACE-CA19-26-R,0.0,2026-02-04 00:00:00+00:00,KXHOUSERACE,other,637,
229,KXHOUSERACE-GA07-26-R,0.0,2026-02-04 00:00:00+00:00,KXHOUSERACE,other,637,
229,KXHOUSERACE-IN05-26-R,0.0,2026-02-04 00:00:00+00:00,KXHOUSERACE,other,637,
229,KXHOUSERACE-TX03-26-D,0.0,2026-02-04 00:00:00+00:00,KXHOUSERACE,other,637,
229,KXHOUSERACE-TX05-26-D,0.0,2026-02-04 00:00:00+00:00,KXHOUSERACE,other,637,
229,KXHOUSERACE-TX36-26-R,0.0,2026-02-04 00:00:00+00:00,KXHOUSERACE,other,637,
230,KXHOUSERACE-TX10-26-R,1.0,2026-02-04 00:00:00+00:00,KXHOUSERACE,other,637,300.0
230,KXHOUSERACE-CA05-26-R,0.0,2026-02-04 00:00:00+00:00,KXHOUSERACE,other,637,
230,KXHOUSERACE-MI01-26-R,0.0,2026-02-04 00:00:00+00:00,KXHOUSERACE,other,637,
230,KXHOUSERACE-TX21-26-R,0.0,2026-02-04 00:00:00+00:00,KXHOUSERACE,other,637,
230,KXHOUSERACE-NC07-26-R,0.0,2026-02-04 00:00:00+00:00,KXHOUSERACE,other,637,
230,KXHOUSERACE-NC14-26-R,0.0,2026-02-04 00:00:00+00:00,KXHOUSERACE,other,637,
230,KXHOUSERACE-CA25-26-D,0.0,2026-02-04 00:00:00+00:00,KXHOUSERACE,other,637,
230,KXHOUSERACE-FL15-26-R,0.0,2026-02-04 00:00:00+00:00,KXHOUSERACE,other,637,
230,KXHOUSERACE-NJ03-26-D,0.0,2026-02-04 00:00:00+00:00,KXHOUSERACE,other,637,
230,KXHOUSERACE-MN06-26-R,0.0,2026-02-04 00:00:00+00:00,KXHOUSERACE,other,637,
230,KXHOUSERACE-OH08-26-R,0.0,2026-02-04 00:00:00+00:00,KXHOUSERACE,other,637,
231,KXHOUSERACE-TX14-26-R,1.0,2026-02-04 00:00:00+00:00,KXHOUSERACE,other,637,150.0
231,KXHOUSERACE-NC06-26-R,0.0,2026-02-04 00:00:00+00:00,KXHOUSERACE,other,637,
231,KXHOUSERACE-NC09-26-D,0.0,2026-02-04 00:00:00+00:00,KXHOUSERACE,other,637,
231,KXHOUSERACE-MO04-26-D,0.0,2026-02-04 00:00:00+00:00,KXHOUSERACE,other,637,
231,KXHOUSERACE-TN07-26-R,0.0,2026-02-04 00:00:00+00:00,KXHOUSERACE,other,637,
231,KXHOUSERACE-CA19-26-R,0.0,2026-02-04 00:00:00+00:00,KXHOUSERACE,other,637,
231,KXHOUSERACE-GA07-26-R,0.0,2026-02-04 00:00:00+00:00,KXHOUSERACE,other,637,
231,KXHOUSERACE-IN05-26-R,0.0,2026-02-04 00:00:00+00:00,KXHOUSERACE,other,637,
231,KXHOUSERACE-TX03-26-D,0.0,2026-02-04 00:00:00+00:00,KXHOUSERACE,other,637,
231,KXHOUSERACE-TX05-26-D,0.0,2026-02-04 00:00:00+00:00,KXHOUSERACE,other,637,
231,KXHOUSERACE-TX36-26-R,0.0,2026-02-04 00:00:00+00:00,KXHOUSERACE,other,637,
232,KXHOUSERACE-TX22-26-R,1.0,2026-02-04 00:00:00+00:00,KXHOUSERACE,other,637,300.0
232,KXHOUSERACE-TN05-26-R,0.0,2026-02-04 00:00:00+00:00,KXHOUSERACE,other,637,
232,KXHOUSERACE-TX25-26-R,0.0,2026-02-04 00:00:00+00:00,KXHOUSERACE,other,637,
232,KXHOUSERACE-CO01-26-R,0.0,2026-02-04 00:00:00+00:00,KXHOUSERACE,other,637,
232,KXHOUSERACE-NC13-26-R,0.0,2026-02-04 00:00:00+00:00,KXHOUSERACE,other,637,
232,KXHOUSERACE-MN07-26-R,0.0,2026-02-04 00:00:00+00:00,KXHOUSERACE,other,637,
232,KXHOUSERACE-NJ03-26-D,0.0,2026-02-04 00:00:00+00:00,KXHOUSERACE,other,637,
232,KXHOUSERACE-CA25-26-D,0.0,2026-02-04 00:00:00+00:00,KXHOUSERACE,other,637,
232,KXHOUSERACE-NC14-26-R,0.0,2026-02-04 00:00:00+00:00,KXHOUSERACE,other,637,
232,KXHOUSERACE-CA05-26-R,0.0,2026-02-04 00:00:00+00:00,KXHOUSERACE,other,637,
232,KXHOUSERACE-MI01-26-R,0.0,2026-02-04 00:00:00+00:00,KXHOUSERACE,other,637,
233,KXHOUSERACE-TX27-26-R,1.0,2026-02-04 00:00:00+00:00,KXHOUSERACE,other,637,300.0
233,KXHOUSERACE-CA05-26-R,0.0,2026-02-04 00:00:00+00:00,KXHOUSERACE,other,637,
233,KXHOUSERACE-MI01-26-R,0.0,2026-02-04 00:00:00+00:00,KXHOUSERACE,other,637,
233,KXHOUSERACE-TX21-26-R,0.0,2026-02-04 00:00:00+00:00,KXHOUSERACE,other,637,
233,KXHOUSERACE-NC07-26-R,0.0,2026-02-04 00:00:00+00:00,KXHOUSERACE,other,637,
233,KXHOUSERACE-NC14-26-R,0.0,2026-02-04 00:00:00+00:00,KXHOUSERACE,other,637,
233,KXHOUSERACE-CA25-26-D,0.0,2026-02-04 00:00:00+00:00,KXHOUSERACE,other,637,
233,KXHOUSERACE-FL15-26-R,0.0,2026-02-04 00:00:00+00:00,KXHOUSERACE,other,637,
233,KXHOUSERACE-NJ03-26-D,0.0,2026-02-04 00:00:00+00:00,KXHOUSERACE,other,637,
233,KXHOUSERACE-MN06-26-R,0.0,2026-02-04 00:00:00+00:00,KXHOUSERACE,other,637,
233,KXHOUSERACE-OH08-26-R,0.0,2026-02-04 00:00:00+00:00,KXHOUSERACE,other,637,
234,KXHOUSERACE-TX38-26-R,1.0,2026-02-04 00:00:00+00:00,KXHOUSERACE,other,637,450.0
234,KXHOUSERACE-TN05-26-R,0.0,2026-02-04 00:00:00+00:00,KXHOUSERACE,other,637,
234,KXHOUSERACE-TX25-26-R,0.0,2026-02-04 00:00:00+00:00,KXHOUSERACE,other,637,
234,KXHOUSERACE-CO01-26-R,0.0,2026-02-04 00:00:00+00:00,KXHOUSERACE,other,637,
234,KXHOUSERACE-NC13-26-R,0.0,2026-02-04 00:00:00+00:00,KXHOUSERACE,other,637,
234,KXHOUSERACE-MN07-26-R,0.0,2026-02-04 00:00:00+00:00,KXHOUSERACE,other,637,
234,KXHOUSERACE-NJ03-26-D,0.0,2026-02-04 00:00:00+00:00,KXHOUSERACE,other,637,
234,KXHOUSERACE-CA25-26-D,0.0,2026-02-04 00:00:00+00:00,KXHOUSERACE,other,637,
234,KXHOUSERACE-NC14-26-R,0.0,2026-02-04 00:00:00+00:00,KXHOUSERACE,other,637,
234,KXHOUSERACE-CA05-26-R,0.0,2026-02-04 00:00:00+00:00,KXHOUSERACE,other,637,
234,KXHOUSERACE-MI01-26-R,0.0,2026-02-04 00:00:00+00:00,KXHOUSERACE,other,637,
235,KXIMPEACHCABINET-29JAN20,1.0,2026-02-04 00:00:00+00:00,KXIMPEACHCABINET,other,1081,150.0
235,KXIMPEACHCABINET-28JAN01,0.0,2026-02-04 00:00:00+00:00,KXIMPEACHCABINET,other,1081,
236,KXLATVIAPARLIAMENT-26DEC31-JV,1.0,2026-02-04 00:00:00+00:00,KXLATVIAPARLIAMENT,other,695,300.0
236,KXLATVIAPARLIAMENT-26DEC31-PRO,0.0,2026-02-04 00:00:00+00:00,KXLATVIAPARLIAMENT,other,695,
236,KXLATVIAPARLIAMENT-26DEC31-ZZS,0.0,2026-02-04 00:00:00+00:00,KXLATVIAPARLIAMENT,other,695,
236,KXLATVIAPARLIAMENT-26DEC31-AS,0.0,2026-02-04 00:00:00+00:00,KXLATVIAPARLIAMENT,other,695,
236,KXLATVIAPARLIAMENT-26DEC31-S,0.0,2026-02-04 00:00:00+00:00,KXLATVIAPARLIAMENT,other,695,
236,KXLATVIAPARLIAMENT-26DEC31-ST,0.0,2026-02-04 00:00:00+00:00,KXLATVIAPARLIAMENT,other,695,
236,KXLATVIAPARLIAMENT-26DEC31-SV,0.0,2026-02-04 00:00:00+00:00,KXLATVIAPARLIAMENT,other,695,
237,KXLEADERSOUT-27JAN01-DNOBECUA,1.0,2026-02-04 00:00:00+00:00,KXLEADERSOUT,other,332,150.0
237,KXLEADERSOUT-27JAN01-CRAMSAFR,0.0,2026-02-04 00:00:00+00:00,KXLEADERSOUT,other,332,
237,KXLEADERSOUT-27JAN01-VPUTRUS,0.0,2026-02-04 00:00:00+00:00,KXLEADERSOUT,other,332,
237,KXLEADERSOUT-27JAN01-LSILBRA,0.0,2026-02-04 00:00:00+00:00,KXLEADERSOUT,other,332,
237,KXLEADERSOUT-27JAN01-RERDTUR,0.0,2026-02-04 00:00:00+00:00,KXLEADERSOUT,other,332,
237,KXLEADERSOUT-27JAN01-FTSHPDRC,0.0,2026-02-04 00:00:00+00:00,KXLEADERSOUT,other,332,
237,KXLEADERSOUT-27JAN01-EMACFRA,0.0,2026-02-04 00:00:00+00:00,KXLEADERSOUT,other,332,
237,KXLEADERSOUT-27JAN01-STAKJAP,0.0,2026-02-04 00:00:00+00:00,KXLEADERSOUT,other,332,
237,KXLEADERSOUT-27JAN01-CSHEPMEX,0.0,2026-02-04 00:00:00+00:00,KXLEADERSOUT,other,332,
237,KXLEADERSOUT-27JAN01-FMERCGER,0.0,2026-02-04 00:00:00+00:00,KXLEADERSOUT,other,332,
237,KXLEADERSOUT-27JAN01-GMELITA,0.0,2026-02-04 00:00:00+00:00,KXLEADERSOUT,other,332,
239,KXLEBANONPARLI-26-HEZBOLLAH,1.0,2026-02-04 00:00:00+00:00,KXLEBANONPARLI,other,827,150.0
239,KXLEBANONPARLI-26-FPM,0.0,2026-02-04 00:00:00+00:00,KXLEBANONPARLI,other,827,
239,KXLEBANONPARLI-26-IND,0.0,2026-02-04 00:00:00+00:00,KXLEBANONPARLI,other,827,
239,KXLEBANONPARLI-26-KATAEB,0.0,2026-02-04 00:00:00+00:00,KXLEBANONPARLI,other,827,
239,KXLEBANONPARLI-26-MARADE,0.0,2026-02-04 00:00:00+00:00,KXLEBANONPARLI,other,827,
239,KXLEBANONPARLI-26-PSP,0.0,2026-02-04 00:00:00+00:00,KXLEBANONPARLI,other,827,
239,KXLEBANONPARLI-26-TASHNAG,0.0,2026-02-04 00:00:00+00:00,KXLEBANONPARLI,other,827,
240,KXMARALAGO-27-RDES,1.0,2026-02-04 00:00:00+00:00,KXMARALAGO,other,331,150.0
240,KXMARALAGO-27-JFIS,0.0,2026-02-04 00:00:00+00:00,KXMARALAGO,other,331,
240,KXMARALAGO-27-BNET,0.0,2026-02-04 00:00:00+00:00,KXMARALAGO,other,331,
240,KXMARALAGO-27-VPUT,0.0,2026-02-04 00:00:00+00:00,KXMARALAGO,other,331,
241,KXNCCOURT-26-SSTE,1.0,2026-02-04 00:00:00+00:00,KXNCCOURT,other,637,300.0
241,KXNCCOURT-26-AEAR,0.0,2026-02-04 00:00:00+00:00,KXNCCOURT,other,637,
243,KXPARLITURKEY-28-AKP,1.0,2026-02-04 00:00:00+00:00,KXPARLITURKEY,other,1188,150.0
243,KXPARLITURKEY-28-DEM,0.0,2026-02-04 00:00:00+00:00,KXPARLITURKEY,other,1188,
243,KXPARLITURKEY-28-MHP,0.0,2026-02-04 00:00:00+00:00,KXPARLITURKEY,other,1188,
244,KXPHILIPPINESHOUSE-28-NPC,1.0,2026-02-04 00:00:00+00:00,KXPHILIPPINESHOUSE,other,1212,450.0
244,KXPHILIPPINESHOUSE-28-NACION,0.0,2026-02-04 00:00:00+00:00,KXPHILIPPINESHOUSE,other,1212,
245,KXPHILIPPINESHOUSE-28-NUP,1.0,2026-02-04 00:00:00+00:00,KXPHILIPPINESHOUSE,other,1212,450.0
245,KXPHILIPPINESHOUSE-28-NACION,0.0,2026-02-04 00:00:00+00:00,KXPHILIPPINESHOUSE,other,1212,
246,KXPHILIPPINESHOUSE-28-PFP,1.0,2026-02-04 00:00:00+00:00,KXPHILIPPINESHOUSE,other,1212,450.0
246,KXPHILIPPINESHOUSE-28-NACION,0.0,2026-02-04 00:00:00+00:00,KXPHILIPPINESHOUSE,other,1212,
247,KXPRESTURKEYR1-28-EIMA,1.0,2026-02-04 00:00:00+00:00,KXPRESTURKEYR1,other,1188,450.0
247,KXPRESTURKEYR1-28-MYAV,0.0,2026-02-04 00:00:00+00:00,KXPRESTURKEYR1,other,1188,
248,KXRECOGPALESTINE-27-DUT,1.0,2026-02-04 00:00:00+00:00,KXRECOGPALESTINE,other,331,150.0
248,KXRECOGPALESTINE-27-SK,0.0,2026-02-04 00:00:00+00:00,KXRECOGPALESTINE,other,331,
248,KXRECOGPALESTINE-27-USA,0.0,2026-02-04 00:00:00+00:00,KXRECOGPALESTINE,other,331,
249,KXRECOGPALESTINE-27-FIN,1.0,2026-02-04 00:00:00+00:00,KXRECOGPALESTINE,other,331,300.0
249,KXRECOGPALESTINE-27-SK,0.0,2026-02-04 00:00:00+00:00,KXRECOGPALESTINE,other,331,
249,KXRECOGPALESTINE-27-USA,0.0,2026-02-04 00:00:00+00:00,KXRECOGPALESTINE,other,331,
250,KXRECOGPALESTINE-27-NZ,1.0,2026-02-04 00:00:00+00:00,KXRECOGPALESTINE,other,331,300.0
250,KXRECOGPALESTINE-27-SK,0.0,2026-02-04 00:00:00+00:00,KXRECOGPALESTINE,other,331,
250,KXRECOGPALESTINE-27-USA,0.0,2026-02-04 00:00:00+00:00,KXRECOGPALESTINE,other,331,
251,KXRECOGPALESTINE-27-PAN,1.0,2026-02-04 00:00:00+00:00,KXRECOGPALESTINE,other,331,300.0
251,KXRECOGPALESTINE-27-SK,0.0,2026-02-04 00:00:00+00:00,KXRECOGPALESTINE,other,331,
251,KXRECOGPALESTINE-27-USA,0.0,2026-02-04 00:00:00+00:00,KXRECOGPALESTINE,other,331,
252,KXRECOGPALESTINE-27-SIN,1.0,2026-02-04 00:00:00+00:00,KXRECOGPALESTINE,other,331,150.0
252,KXRECOGPALESTINE-27-SK,0.0,2026-02-04 00:00:00+00:00,KXRECOGPALESTINE,other,331,
252,KXRECOGPALESTINE-27-USA,0.0,2026-02-04 00:00:00+00:00,KXRECOGPALESTINE,other,331,
253,KXRECOGPALESTINE-27-SWI,1.0,2026-02-04 00:00:00+00:00,KXRECOGPALESTINE,other,331,300.0
253,KXRECOGPALESTINE-27-SK,0.0,2026-02-04 00:00:00+00:00,KXRECOGPALESTINE,other,331,
253,KXRECOGPALESTINE-27-USA,0.0,2026-02-04 00:00:00+00:00,KXRECOGPALESTINE,other,331,
254,KXRECOGSOMALI-29-27,1.0,2026-02-04 00:00:00+00:00,KXRECOGSOMALI,other,331,150.0
254,KXRECOGSOMALI-29,0.0,2026-02-04 00:00:00+00:00,KXRECOGSOMALI,other,331,
256,KXTRUMPADMINLEAVE-26DEC31-CWRI,1.0,2026-02-04 00:00:00+00:00,KXTRUMPADMINLEAVE,other,331,150.0
256,KXTRUMPADMINLEAVE-26DEC31-SWIL,0.0,2026-02-04 00:00:00+00:00,KXTRUMPADMINLEAVE,other,331,
256,KXTRUMPADMINLEAVE-26DEC31-DBUR,0.0,2026-02-04 00:00:00+00:00,KXTRUMPADMINLEAVE,other,331,
257,KXTRUMPADMINLEAVE-26DEC31-JRAT,1.0,2026-02-04 00:00:00+00:00,KXTRUMPADMINLEAVE,other,331,150.0
257,KXTRUMPADMINLEAVE-26DEC31-DBUR,0.0,2026-02-04 00:00:00+00:00,KXTRUMPADMINLEAVE,other,331,
257,KXTRUMPADMINLEAVE-26DEC31-SWIL,0.0,2026-02-04 00:00:00+00:00,KXTRUMPADMINLEAVE,other,331,
258,KXTRUMPPARDON-27JAN01-KROD,1.0,2026-02-04 00:00:00+00:00,KXTRUMPPARDON,other,331,150.0
258,KXTRUMPPARDON-27JAN01-EHOL,0.0,2026-02-04 00:00:00+00:00,KXTRUMPPARDON,other,331,
258,KXTRUMPPARDON-27JAN01-THAT,0.0,2026-02-04 00:00:00+00:00,KXTRUMPPARDON,other,331,
258,KXTRUMPPARDON-27JAN01-MSH,0.0,2026-02-04 00:00:00+00:00,KXTRUMPPARDON,other,331,
258,KXTRUMPPARDON-27JAN01-ABOC,0.0,2026-02-04 00:00:00+00:00,KXTRUMPPARDON,other,331,
258,KXTRUMPPARDON-27JAN01-ESNO,0.0,2026-02-04 00:00:00+00:00,KXTRUMPPARDON,other,331,
258,KXTRUMPPARDON-27JAN01-DJT,0.0,2026-02-04 00:00:00+00:00,KXTRUMPPARDON,other,331,
258,KXTRUMPPARDON-27JAN01-SCOM,0.0,2026-02-04 00:00:00+00:00,KXTRUMPPARDON,other,331,
258,KXTRUMPPARDON-27JAN01-NMAD,0.0,2026-02-04 00:00:00+00:00,KXTRUMPPARDON,other,331,
258,KXTRUMPPARDON-27JAN01-JMAL,0.0,2026-02-04 00:00:00+00:00,KXTRUMPPARDON,other,331,
259,KXTRUMPPARDON-27JAN01-RVER,1.0,2026-02-04 00:00:00+00:00,KXTRUMPPARDON,other,331,450.0
259,KXTRUMPPARDON-27JAN01-MSH,0.0,2026-02-04 00:00:00+00:00,KXTRUMPPARDON,other,331,
259,KXTRUMPPARDON-27JAN01-ABOC,0.0,2026-02-04 00:00:00+00:00,KXTRUMPPARDON,other,331,
259,KXTRUMPPARDON-27JAN01-ESNO,0.0,2026-02-04 00:00:00+00:00,KXTRUMPPARDON,other,331,
259,KXTRUMPPARDON-27JAN01-DJT,0.0,2026-02-04 00:00:00+00:00,KXTRUMPPARDON,other,331,
259,KXTRUMPPARDON-27JAN01-SCOM,0.0,2026-02-04 00:00:00+00:00,KXTRUMPPARDON,other,331,
259,KXTRUMPPARDON-27JAN01-NMAD,0.0,2026-02-04 00:00:00+00:00,KXTRUMPPARDON,other,331,
259,KXTRUMPPARDON-27JAN01-EHOL,0.0,2026-02-04 00:00:00+00:00,KXTRUMPPARDON,other,331,
259,KXTRUMPPARDON-27JAN01-JMAL,0.0,2026-02-04 00:00:00+00:00,KXTRUMPPARDON,other,331,
259,KXTRUMPPARDON-27JAN01-THAT,0.0,2026-02-04 00:00:00+00:00,KXTRUMPPARDON,other,331,
260,KXTRUMPPARDON-27JAN01-SBAN,1.0,2026-02-04 00:00:00+00:00,KXTRUMPPARDON,other,331,150.0
260,KXTRUMPPARDON-27JAN01-MSH,0.0,2026-02-04 00:00:00+00:00,KXTRUMPPARDON,other,331,
260,KXTRUMPPARDON-27JAN01-EHOL,0.0,2026-02-04 00:00:00+00:00,KXTRUMPPARDON,other,331,
260,KXTRUMPPARDON-27JAN01-ABOC,0.0,2026-02-04 00:00:00+00:00,KXTRUMPPARDON,other,331,
260,KXTRUMPPARDON-27JAN01-ESNO,0.0,2026-02-04 00:00:00+00:00,KXTRUMPPARDON,other,331,
260,KXTRUMPPARDON-27JAN01-DJT,0.0,2026-02-04 00:00:00+00:00,KXTRUMPPARDON,other,331,
260,KXTRUMPPARDON-27JAN01-SCOM,0.0,2026-02-04 00:00:00+00:00,KXTRUMPPARDON,other,331,
260,KXTRUMPPARDON-27JAN01-NMAD,0.0,2026-02-04 00:00:00+00:00,KXTRUMPPARDON,other,331,
260,KXTRUMPPARDON-27JAN01-JMAL,0.0,2026-02-04 00:00:00+00:00,KXTRUMPPARDON,other,331,
260,KXTRUMPPARDON-27JAN01-THAT,0.0,2026-02-04 00:00:00+00:00,KXTRUMPPARDON,other,331,
261,KXTRUMPPARDONS-29JAN21-BAR,1.0,2026-02-04 00:00:00+00:00,KXTRUMPPARDONS,other,1082,150.0
261,KXTRUMPPARDONS-29JAN21-JKUS,0.0,2026-02-04 00:00:00+00:00,KXTRUMPPARDONS,other,1082,
261,KXTRUMPPARDONS-29JAN21-DCHA,0.0,2026-02-04 00:00:00+00:00,KXTRUMPPARDONS,other,1082,
261,KXTRUMPPARDONS-29JAN21-DJTR,0.0,2026-02-04 00:00:00+00:00,KXTRUMPPARDONS,other,1082,
261,KXTRUMPPARDONS-29JAN21-THAT,0.0,2026-02-04 00:00:00+00:00,KXTRUMPPARDONS,other,1082,
261,KXTRUMPPARDONS-29JAN21-ESNO,0.0,2026-02-04 00:00:00+00:00,KXTRUMPPARDONS,other,1082,
261,KXTRUMPPARDONS-29JAN21-PMIC,0.0,2026-02-04 00:00:00+00:00,KXTRUMPPARDONS,other,1082,
261,KXTRUMPPARDONS-29JAN21-EADA,0.0,2026-02-04 00:00:00+00:00,KXTRUMPPARDONS,other,1082,
261,KXTRUMPPARDONS-29JAN21-JASS,0.0,2026-02-04 00:00:00+00:00,KXTRUMPPARDONS,other,1082,
261,KXTRUMPPARDONS-29JAN21-SBF,0.0,2026-02-04 00:00:00+00:00,KXTRUMPPARDONS,other,1082,
261,KXTRUMPPARDONS-29JAN21-GMAX,0.0,2026-02-04 00:00:00+00:00,KXTRUMPPARDONS,other,1082,
262,KXTRUMPPARDONS-29JAN21-DKWO,1.0,2026-02-04 00:00:00+00:00,KXTRUMPPARDONS,other,1082,450.0
262,KXTRUMPPARDONS-29JAN21-GMAX,0.0,2026-02-04 00:00:00+00:00,KXTRUMPPARDONS,other,1082,
262,KXTRUMPPARDONS-29JAN21-SBF,0.0,2026-02-04 00:00:00+00:00,KXTRUMPPARDONS,other,1082,
262,KXTRUMPPARDONS-29JAN21-JASS,0.0,2026-02-04 00:00:00+00:00,KXTRUMPPARDONS,other,1082,
262,KXTRUMPPARDONS-29JAN21-EADA,0.0,2026-02-04 00:00:00+00:00,KXTRUMPPARDONS,other,1082,
262,KXTRUMPPARDONS-29JAN21-PMIC,0.0,2026-02-04 00:00:00+00:00,KXTRUMPPARDONS,other,1082,
262,KXTRUMPPARDONS-29JAN21-ESNO,0.0,2026-02-04 00:00:00+00:00,KXTRUMPPARDONS,other,1082,
262,KXTRUMPPARDONS-29JAN21-HBID,0.0,2026-02-04 00:00:00+00:00,KXTRUMPPARDONS,other,1082,
262,KXTRUMPPARDONS-29JAN21-DCHA,0.0,2026-02-04 00:00:00+00:00,KXTRUMPPARDONS,other,1082,
262,KXTRUMPPARDONS-29JAN21-JKUS,0.0,2026-02-04 00:00:00+00:00,KXTRUMPPARDONS,other,1082,
262,KXTRUMPPARDONS-29JAN21-DJTR,0.0,2026-02-04 00:00:00+00:00,KXTRUMPPARDONS,other,1082,
263,KXTRUMPPARDONS-29JAN21-SBAN,1.0,2026-02-04 00:00:00+00:00,KXTRUMPPARDONS,other,1082,150.0
263,KXTRUMPPARDONS-29JAN21-ESNO,0.0,2026-02-04 00:00:00+00:00,KXTRUMPPARDONS,other,1082,
263,KXTRUMPPARDONS-29JAN21-PMIC,0.0,2026-02-04 00:00:00+00:00,KXTRUMPPARDONS,other,1082,
263,KXTRUMPPARDONS-29JAN21-EADA,0.0,2026-02-04 00:00:00+00:00,KXTRUMPPARDONS,other,1082,
263,KXTRUMPPARDONS-29JAN21-DCHA,0.0,2026-02-04 00:00:00+00:00,KXTRUMPPARDONS,other,1082,
263,KXTRUMPPARDONS-29JAN21-JASS,0.0,2026-02-04 00:00:00+00:00,KXTRUMPPARDONS,other,1082,
263,KXTRUMPPARDONS-29JAN21-JKUS,0.0,2026-02-04 00:00:00+00:00,KXTRUMPPARDONS,other,1082,
263,KXTRUMPPARDONS-29JAN21-SBF,0.0,2026-02-04 00:00:00+00:00,KXTRUMPPARDONS,other,1082,
263,KXTRUMPPARDONS-29JAN21-GMAX,0.0,2026-02-04 00:00:00+00:00,KXTRUMPPARDONS,other,1082,
263,KXTRUMPPARDONS-29JAN21-DJTR,0.0,2026-02-04 00:00:00+00:00,KXTRUMPPARDONS,other,1082,
263,KXTRUMPPARDONS-29JAN21-THAT,0.0,2026-02-04 00:00:00+00:00,KXTRUMPPARDONS,other,1082,
265,KXVANCOUVERMAYOR-26OCT17-JCOU,1.0,2026-02-04 00:00:00+00:00,KXVANCOUVERMAYOR,other,620,600.0
265,KXVANCOUVERMAYOR-26OCT17-KLAP,0.0,2026-02-04 00:00:00+00:00,KXVANCOUVERMAYOR,other,620,
265,KXVANCOUVERMAYOR-26OCT17-SORR,0.0,2026-02-04 00:00:00+00:00,KXVANCOUVERMAYOR,other,620,
265,KXVANCOUVERMAYOR-26OCT17-RBLI,0.0,2026-02-04 00:00:00+00:00,KXVANCOUVERMAYOR,other,620,
266,KXVANCOUVERMAYOR-26OCT17-KSIM,1.0,2026-02-04 00:00:00+00:00,KXVANCOUVERMAYOR,other,620,300.0
266,KXVANCOUVERMAYOR-26OCT17-KLAP,0.0,2026-02-04 00:00:00+00:00,KXVANCOUVERMAYOR,other,620,
266,KXVANCOUVERMAYOR-26OCT17-SORR,0.0,2026-02-04 00:00:00+00:00,KXVANCOUVERMAYOR,other,620,
266,KXVANCOUVERMAYOR-26OCT17-RBLI,0.0,2026-02-04 00:00:00+00:00,KXVANCOUVERMAYOR,other,620,
267,KXVPBREAKS-26-1,1.0,2026-02-04 00:00:00+00:00,KXVPBREAKS,other,332,300.0
267,KXVPBREAKS-26-4,0.0,2026-02-04 00:00:00+00:00,KXVPBREAKS,other,332,
267,KXVPBREAKS-26-5,0.0,2026-02-04 00:00:00+00:00,KXVPBREAKS,other,332,
267,KXVPBREAKS-26-6,0.0,2026-02-04 00:00:00+00:00,KXVPBREAKS,other,332,
267,KXVPBREAKS-26-7,0.0,2026-02-04 00:00:00+00:00,KXVPBREAKS,other,332,
267,KXVPBREAKS-26-8,0.0,2026-02-04 00:00:00+00:00,KXVPBREAKS,other,332,
267,KXVPBREAKS-26-9,0.0,2026-02-04 00:00:00+00:00,KXVPBREAKS,other,332,
268,KXVPBREAKS-26-2,1.0,2026-02-04 00:00:00+00:00,KXVPBREAKS,other,332,450.0
268,KXVPBREAKS-26-4,0.0,2026-02-04 00:00:00+00:00,KXVPBREAKS,other,332,
268,KXVPBREAKS-26-5,0.0,2026-02-04 00:00:00+00:00,KXVPBREAKS,other,332,
268,KXVPBREAKS-26-6,0.0,2026-02-04 00:00:00+00:00,KXVPBREAKS,other,332,
268,KXVPBREAKS-26-7,0.0,2026-02-04 00:00:00+00:00,KXVPBREAKS,other,332,
268,KXVPBREAKS-26-8,0.0,2026-02-04 00:00:00+00:00,KXVPBREAKS,other,332,
268,KXVPBREAKS-26-9,0.0,2026-02-04 00:00:00+00:00,KXVPBREAKS,other,332,
269,KXWA4PRIMARY-26-AMCK,1.0,2026-02-04 00:00:00+00:00,KXWA4PRIMARY,other,182,450.0
269,KXWA4PRIMARY-26-DNEW,0.0,2026-02-04 00:00:00+00:00,KXWA4PRIMARY,other,182,
271,KXWHVISIT-27-ACHA,1.0,2026-02-04 00:00:00+00:00,KXWHVISIT,other,331,150.0
271,KXWHVISIT-27-BMAH,0.0,2026-02-04 00:00:00+00:00,KXWHVISIT,other,331,
271,KXWHVISIT-27-VPUT,0.0,2026-02-04 00:00:00+00:00,KXWHVISIT,other,331,
271,KXWHVISIT-27-AALS,0.0,2026-02-04 00:00:00+00:00,KXWHVISIT,other,331,
272,KXWITHDRAW-29-WBANK,1.0,2026-02-04 00:00:00+00:00,KXWITHDRAW,other,1081,150.0
272,KXWITHDRAW-29-UN,0.0,2026-02-04 00:00:00+00:00,KXWITHDRAW,other,1081,
272,KXWITHDRAW-29-IMF,0.0,2026-02-04 00:00:00+00:00,KXWITHDRAW,other,1081,
272,KXWITHDRAW-29-IDB,0.0,2026-02-04 00:00:00+00:00,KXWITHDRAW,other,1081,
272,KXWITHDRAW-29-WTO,0.0,2026-02-04 00:00:00+00:00,KXWITHDRAW,other,1081,
272,KXWITHDRAW-29-IAEA,0.0,2026-02-04 00:00:00+00:00,KXWITHDRAW,other,1081,
272,KXWITHDRAW-29-INTERPOL,0.0,2026-02-04 00:00:00+00:00,KXWITHDRAW,other,1081,
272,KXWITHDRAW-29-G7,0.0,2026-02-04 00:00:00+00:00,KXWITHDRAW,other,1081,
272,KXWITHDRAW-29-G20,0.0,2026-02-04 00:00:00+00:00,KXWITHDRAW,other,1081,
273,KXXISUCCESSOR-45JAN01-CQI,1.0,2026-02-04 00:00:00+00:00,KXXISUCCESSOR,other,6906,300.0
273,KXXISUCCESSOR-45JAN01-MXIN,0.0,2026-02-04 00:00:00+00:00,KXXISUCCESSOR,other,6906,
273,KXXISUCCESSOR-45JAN01-YYON,0.0,2026-02-04 00:00:00+00:00,KXXISUCCESSOR,other,6906,
273,KXXISUCCESSOR-45JAN01-ZGUO,0.0,2026-02-04 00:00:00+00:00,KXXISUCCESSOR,other,6906,
273,KXXISUCCESSOR-45JAN01-WHUN,0.0,2026-02-04 00:00:00+00:00,KXXISUCCESSOR,other,6906,
273,KXXISUCCESSOR-45JAN01-YLI,0.0,2026-02-04 00:00:00+00:00,KXXISUCCESSOR,other,6906,
273,KXXISUCCESSOR-45JAN01-CMIN,0.0,2026-02-04 00:00:00+00:00,KXXISUCCESSOR,other,6906,
273,KXXISUCCESSOR-45JAN01-HLIF,0.0,2026-02-04 00:00:00+00:00,KXXISUCCESSOR,other,6906,
273,KXXISUCCESSOR-45JAN01-LGAN,0.0,2026-02-04 00:00:00+00:00,KXXISUCCESSOR,other,6906,
274,HOUSEFL13-26-R,1.0,2026-02-10 00:00:00+00:00,HOUSEFL13,other,631,150.0
274,HOUSEFL13-26-D,0.0,2026-02-10 00:00:00+00:00,HOUSEFL13,other,631,
275,HOUSEMI3-26-D,1.0,2026-02-10 00:00:00+00:00,HOUSEMI3,other,631,150.0
275,HOUSEMI3-26-R,0.0,2026-02-10 00:00:00+00:00,HOUSEMI3,other,631,
276,HOUSENY22-26-D,1.0,2026-02-10 00:00:00+00:00,HOUSENY22,other,631,150.0
276,HOUSENY22-26-R,0.0,2026-02-10 00:00:00+00:00,HOUSENY22,other,631,
277,HOUSEPA10-26-D,1.0,2026-02-10 00:00:00+00:00,HOUSEPA10,other,631,150.0
277,HOUSEPA10-26-R,0.0,2026-02-10 00:00:00+00:00,HOUSEPA10,other,631,
278,KX2028DRUN-28-PMUR,1.0,2026-02-10 00:00:00+00:00,KX2028DRUN,other,690,150.0
278,KX2028DRUN-28-CBOOK,0.0,2026-02-10 00:00:00+00:00,KX2028DRUN,other,690,
278,KX2028DRUN-28-WMOO,0.0,2026-02-10 00:00:00+00:00,KX2028DRUN,other,690,
278,KX2028DRUN-28-REMA,0.0,2026-02-10 00:00:00+00:00,KX2028DRUN,other,690,
278,KX2028DRUN-28-GWHI,0.0,2026-02-10 00:00:00+00:00,KX2028DRUN,other,690,
278,KX2028DRUN-28-ESLO,0.0,2026-02-10 00:00:00+00:00,KX2028DRUN,other,690,
278,KX2028DRUN-28-JFET,0.0,2026-02-10 00:00:00+00:00,KX2028DRUN,other,690,
278,KX2028DRUN-28-MKEL,0.0,2026-02-10 00:00:00+00:00,KX2028DRUN,other,690,
278,KX2028DRUN-28-MCUB,0.0,2026-02-10 00:00:00+00:00,KX2028DRUN,other,690,
278,KX2028DRUN-28-CHOL,0.0,2026-02-10 00:00:00+00:00,KX2028DRUN,other,690,
278,KX2028DRUN-28-SAS,0.0,2026-02-10 00:00:00+00:00,KX2028DRUN,other,690,
279,KXARGENTINAPRES-27-JMIL,1.0,2026-02-10 00:00:00+00:00,KXARGENTINAPRES,other,993,150.0
279,KXARGENTINAPRES-27-PBULL,0.0,2026-02-10 00:00:00+00:00,KXARGENTINAPRES,other,993,
279,KXARGENTINAPRES-27-EDEP,0.0,2026-02-10 00:00:00+00:00,KXARGENTINAPRES,other,993,
279,KXARGENTINAPRES-27-HROD,0.0,2026-02-10 00:00:00+00:00,KXARGENTINAPRES,other,993,
285,KXDECLAREPRESFIRSTD-28NOV07-KHAR,1.0,2026-02-10 00:00:00+00:00,KXDECLAREPRESFIRSTD,other,1001,300.0
285,KXDECLAREPRESFIRSTD-28NOV07-AOCA,0.0,2026-02-10 00:00:00+00:00,KXDECLAREPRESFIRSTD,other,1001,
285,KXDECLAREPRESFIRSTD-28NOV07-JOSS,0.0,2026-02-10 00:00:00+00:00,KXDECLAREPRESFIRSTD,other,1001,
285,KXDECLAREPRESFIRSTD-28NOV07-WMOO,0.0,2026-02-10 00:00:00+00:00,KXDECLAREPRESFIRSTD,other,1001,
285,KXDECLAREPRESFIRSTD-28NOV07-GWHI,0.0,2026-02-10 00:00:00+00:00,KXDECLAREPRESFIRSTD,other,1001,
285,KXDECLAREPRESFIRSTD-28NOV07-JSHA,0.0,2026-02-10 00:00:00+00:00,KXDECLAREPRESFIRSTD,other,1001,
285,KXDECLAREPRESFIRSTD-28NOV07-PBUT,0.0,2026-02-10 00:00:00+00:00,KXDECLAREPRESFIRSTD,other,1001,
286,KXFEDGOVNOM-27-JSHE,1.0,2026-02-10 00:00:00+00:00,KXFEDGOVNOM,other,325,150.0
286,KXFEDGOVNOM-27-DMAL,0.0,2026-02-10 00:00:00+00:00,KXFEDGOVNOM,other,325,
286,KXFEDGOVNOM-27-MBOW,0.0,2026-02-10 00:00:00+00:00,KXFEDGOVNOM,other,325,
286,KXFEDGOVNOM-27-JBUL,0.0,2026-02-10 00:00:00+00:00,KXFEDGOVNOM,other,325,
286,KXFEDGOVNOM-27-LLOG,0.0,2026-02-10 00:00:00+00:00,KXFEDGOVNOM,other,325,
286,KXFEDGOVNOM-27-SBES,0.0,2026-02-10 00:00:00+00:00,KXFEDGOVNOM,other,325,
286,KXFEDGOVNOM-27-CWAL,0.0,2026-02-10 00:00:00+00:00,KXFEDGOVNOM,other,325,
286,KXFEDGOVNOM-27-MSUM,0.0,2026-02-10 00:00:00+00:00,KXFEDGOVNOM,other,325,
286,KXFEDGOVNOM-27-PJEF,0.0,2026-02-10 00:00:00+00:00,KXFEDGOVNOM,other,325,
286,KXFEDGOVNOM-27-KHAS,0.0,2026-02-10 00:00:00+00:00,KXFEDGOVNOM,other,325,
286,KXFEDGOVNOM-27-RRIE,0.0,2026-02-10 00:00:00+00:00,KXFEDGOVNOM,other,325,
287,KXGOVAK-26-DBRO,1.0,2026-02-10 00:00:00+00:00,KXGOVAK,other,631,150.0
287,KXGOVAK-26-TTAY,0.0,2026-02-10 00:00:00+00:00,KXGOVAK,other,631,
287,KXGOVAK-26-ACRU,0.0,2026-02-10 00:00:00+00:00,KXGOVAK,other,631,
287,KXGOVAK-26-SHUG,0.0,2026-02-10 00:00:00+00:00,KXGOVAK,other,631,
287,KXGOVAK-26-LMUR,0.0,2026-02-10 00:00:00+00:00,KXGOVAK,other,631,
287,KXGOVAK-26-MHEI,0.0,2026-02-10 00:00:00+00:00,KXGOVAK,other,631,
287,KXGOVAK-26-EDEV,0.0,2026-02-10 00:00:00+00:00,KXGOVAK,other,631,
287,KXGOVAK-26-MCLA,0.0,2026-02-10 00:00:00+00:00,KXGOVAK,other,631,
288,KXGOVAK-26-NDAH,1.0,2026-02-10 00:00:00+00:00,KXGOVAK,other,631,150.0
288,KXGOVAK-26-LMUR,0.0,2026-02-10 00:00:00+00:00,KXGOVAK,other,631,
288,KXGOVAK-26-TTAY,0.0,2026-02-10 00:00:00+00:00,KXGOVAK,other,631,
288,KXGOVAK-26-ACRU,0.0,2026-02-10 00:00:00+00:00,KXGOVAK,other,631,
288,KXGOVAK-26-SHUG,0.0,2026-02-10 00:00:00+00:00,KXGOVAK,other,631,
288,KXGOVAK-26-MHEI,0.0,2026-02-10 00:00:00+00:00,KXGOVAK,other,631,
288,KXGOVAK-26-EDEV,0.0,2026-02-10 00:00:00+00:00,KXGOVAK,other,631,
288,KXGOVAK-26-MCLA,0.0,2026-02-10 00:00:00+00:00,KXGOVAK,other,631,
289,KXGOVAK-26-TBEG,1.0,2026-02-10 00:00:00+00:00,KXGOVAK,other,631,150.0
289,KXGOVAK-26-LMUR,0.0,2026-02-10 00:00:00+00:00,KXGOVAK,other,631,
289,KXGOVAK-26-TTAY,0.0,2026-02-10 00:00:00+00:00,KXGOVAK,other,631,
289,KXGOVAK-26-ACRU,0.0,2026-02-10 00:00:00+00:00,KXGOVAK,other,631,
289,KXGOVAK-26-SHUG,0.0,2026-02-10 00:00:00+00:00,KXGOVAK,other,631,
289,KXGOVAK-26-MHEI,0.0,2026-02-10 00:00:00+00:00,KXGOVAK,other,631,
289,KXGOVAK-26-EDEV,0.0,2026-02-10 00:00:00+00:00,KXGOVAK,other,631,
289,KXGOVAK-26-MCLA,0.0,2026-02-10 00:00:00+00:00,KXGOVAK,other,631,
290,KXGOVKSNOMD-26-EC,1.0,2026-02-10 00:00:00+00:00,KXGOVKSNOMD,other,176,150.0
290,KXGOVKSNOMD-26-DT,0.0,2026-02-10 00:00:00+00:00,KXGOVKSNOMD,other,176,
290,KXGOVKSNOMD-26-JL,0.0,2026-02-10 00:00:00+00:00,KXGOVKSNOMD,other,176,
291,KXGOVMINOMR-26-JJ,1.0,2026-02-10 00:00:00+00:00,KXGOVMINOMR,other,176,150.0
291,KXGOVMINOMR-26-PJ,0.0,2026-02-10 00:00:00+00:00,KXGOVMINOMR,other,176,
291,KXGOVMINOMR-26-AN,0.0,2026-02-10 00:00:00+00:00,KXGOVMINOMR,other,176,
291,KXGOVMINOMR-26-MC,0.0,2026-02-10 00:00:00+00:00,KXGOVMINOMR,other,176,
291,KXGOVMINOMR-26-MR,0.0,2026-02-10 00:00:00+00:00,KXGOVMINOMR,other,176,
291,KXGOVMINOMR-26-PM,0.0,2026-02-10 00:00:00+00:00,KXGOVMINOMR,other,176,
291,KXGOVMINOMR-26-KR,0.0,2026-02-10 00:00:00+00:00,KXGOVMINOMR,other,176,
291,KXGOVMINOMR-26-TL,0.0,2026-02-10 00:00:00+00:00,KXGOVMINOMR,other,176,
291,KXGOVMINOMR-26-JL,0.0,2026-02-10 00:00:00+00:00,KXGOVMINOMR,other,176,
291,KXGOVMINOMR-26-CM,0.0,2026-02-10 00:00:00+00:00,KXGOVMINOMR,other,176,
291,KXGOVMINOMR-26-GS,0.0,2026-02-10 00:00:00+00:00,KXGOVMINOMR,other,176,
292,KXHOUSENC11-26-DEM,1.0,2026-02-10 00:00:00+00:00,KXHOUSENC11,other,631,150.0
292,KXHOUSENC11-26-GOP,0.0,2026-02-10 00:00:00+00:00,KXHOUSENC11,other,631,
293,KXHOUSERACE-AL03-26-R,1.0,2026-02-10 00:00:00+00:00,KXHOUSERACE,other,631,150.0
293,KXHOUSERACE-AL01-26-R,0.0,2026-02-10 00:00:00+00:00,KXHOUSERACE,other,631,
293,KXHOUSERACE-AL05-26-R,0.0,2026-02-10 00:00:00+00:00,KXHOUSERACE,other,631,
293,KXHOUSERACE-CA01-26-D,0.0,2026-02-10 00:00:00+00:00,KXHOUSERACE,other,631,
293,KXHOUSERACE-CA10-26-D,0.0,2026-02-10 00:00:00+00:00,KXHOUSERACE,other,631,
293,KXHOUSERACE-CA18-26-D,0.0,2026-02-10 00:00:00+00:00,KXHOUSERACE,other,631,
293,KXHOUSERACE-CA20-26-R,0.0,2026-02-10 00:00:00+00:00,KXHOUSERACE,other,631,
293,KXHOUSERACE-CA26-26-D,0.0,2026-02-10 00:00:00+00:00,KXHOUSERACE,other,631,
293,KXHOUSERACE-CA31-26-D,0.0,2026-02-10 00:00:00+00:00,KXHOUSERACE,other,631,
293,KXHOUSERACE-CA35-26-D,0.0,2026-02-10 00:00:00+00:00,KXHOUSERACE,other,631,
293,KXHOUSERACE-CA42-26-D,0.0,2026-02-10 00:00:00+00:00,KXHOUSERACE,other,631,
294,KXHOUSERACE-AL06-26-R,1.0,2026-02-10 00:00:00+00:00,KXHOUSERACE,other,631,150.0
294,KXHOUSERACE-TX03-26-D,0.0,2026-02-10 00:00:00+00:00,KXHOUSERACE,other,631,
294,KXHOUSERACE-TX05-26-D,0.0,2026-02-10 00:00:00+00:00,KXHOUSERACE,other,631,
294,KXHOUSERACE-FL01-26-R,0.0,2026-02-10 00:00:00+00:00,KXHOUSERACE,other,631,
294,KXHOUSERACE-PA14-26-R,0.0,2026-02-10 00:00:00+00:00,KXHOUSERACE,other,631,
294,KXHOUSERACE-NJ06-26-R,0.0,2026-02-10 00:00:00+00:00,KXHOUSERACE,other,631,
294,KXHOUSERACE-PA05-26-D,0.0,2026-02-10 00:00:00+00:00,KXHOUSERACE,other,631,
294,KXHOUSERACE-WV01-26-R,0.0,2026-02-10 00:00:00+00:00,KXHOUSERACE,other,631,
294,KXHOUSERACE-TX36-26-R,0.0,2026-02-10 00:00:00+00:00,KXHOUSERACE,other,631,
294,KXHOUSERACE-UT04-26-D,0.0,2026-02-10 00:00:00+00:00,KXHOUSERACE,other,631,
294,KXHOUSERACE-NJ11-26-R,0.0,2026-02-10 00:00:00+00:00,KXHOUSERACE,other,631,
295,KXHOUSERACE-AL07-26-D,1.0,2026-02-10 00:00:00+00:00,KXHOUSERACE,other,631,150.0
295,KXHOUSERACE-AL01-26-R,0.0,2026-02-10 00:00:00+00:00,KXHOUSERACE,other,631,
295,KXHOUSERACE-AL05-26-R,0.0,2026-02-10 00:00:00+00:00,KXHOUSERACE,other,631,
295,KXHOUSERACE-CA01-26-D,0.0,2026-02-10 00:00:00+00:00,KXHOUSERACE,other,631,
295,KXHOUSERACE-CA10-26-D,0.0,2026-02-10 00:00:00+00:00,KXHOUSERACE,other,631,
295,KXHOUSERACE-CA18-26-D,0.0,2026-02-10 00:00:00+00:00,KXHOUSERACE,other,631,
295,KXHOUSERACE-CA20-26-R,0.0,2026-02-10 00:00:00+00:00,KXHOUSERACE,other,631,
295,KXHOUSERACE-CA26-26-D,0.0,2026-02-10 00:00:00+00:00,KXHOUSERACE,other,631,
295,KXHOUSERACE-CA31-26-D,0.0,2026-02-10 00:00:00+00:00,KXHOUSERACE,other,631,
295,KXHOUSERACE-CA35-26-D,0.0,2026-02-10 00:00:00+00:00,KXHOUSERACE,other,631,
295,KXHOUSERACE-CA42-26-D,0.0,2026-02-10 00:00:00+00:00,KXHOUSERACE,other,631,
296,KXHOUSERACE-AZ09-26-R,1.0,2026-02-10 00:00:00+00:00,KXHOUSERACE,other,631,150.0
296,KXHOUSERACE-MD01-26-D,0.0,2026-02-10 00:00:00+00:00,KXHOUSERACE,other,631,
296,KXHOUSERACE-IN05-26-R,0.0,2026-02-10 00:00:00+00:00,KXHOUSERACE,other,631,
296,KXHOUSERACE-GA07-26-R,0.0,2026-02-10 00:00:00+00:00,KXHOUSERACE,other,631,
296,KXHOUSERACE-IL08-26-D,0.0,2026-02-10 00:00:00+00:00,KXHOUSERACE,other,631,
296,KXHOUSERACE-CA46-26-D,0.0,2026-02-10 00:00:00+00:00,KXHOUSERACE,other,631,
296,KXHOUSERACE-TX20-26-R,0.0,2026-02-10 00:00:00+00:00,KXHOUSERACE,other,631,
296,KXHOUSERACE-MO04-26-D,0.0,2026-02-10 00:00:00+00:00,KXHOUSERACE,other,631,
296,KXHOUSERACE-TX06-26-D,0.0,2026-02-10 00:00:00+00:00,KXHOUSERACE,other,631,
296,KXHOUSERACE-NC06-26-R,0.0,2026-02-10 00:00:00+00:00,KXHOUSERACE,other,631,
296,KXHOUSERACE-TX25-26-D,0.0,2026-02-10 00:00:00+00:00,KXHOUSERACE,other,631,
297,KXHOUSERACE-CA17-26-D,1.0,2026-02-10 00:00:00+00:00,KXHOUSERACE,other,631,150.0
297,KXHOUSERACE-MI01-26-D,0.0,2026-02-10 00:00:00+00:00,KXHOUSERACE,other,631,
297,KXHOUSERACE-FL16-26-D,0.0,2026-02-10 00:00:00+00:00,KXHOUSERACE,other,631,
297,KXHOUSERACE-TX10-26-D,0.0,2026-02-10 00:00:00+00:00,KXHOUSERACE,other,631,
297,KXHOUSERACE-TX27-26-D,0.0,2026-02-10 00:00:00+00:00,KXHOUSERACE,other,631,
297,KXHOUSERACE-FL07-26-D,0.0,2026-02-10 00:00:00+00:00,KXHOUSERACE,other,631,
297,KXHOUSERACE-MN06-26-D,0.0,2026-02-10 00:00:00+00:00,KXHOUSERACE,other,631,
297,KXHOUSERACE-NC07-26-D,0.0,2026-02-10 00:00:00+00:00,KXHOUSERACE,other,631,
297,KXHOUSERACE-NJ03-26-R,0.0,2026-02-10 00:00:00+00:00,KXHOUSERACE,other,631,
297,KXHOUSERACE-CA17-26-R,0.0,2026-02-10 00:00:00+00:00,KXHOUSERACE,other,631,
297,KXHOUSERACE-OH08-26-D,0.0,2026-02-10 00:00:00+00:00,KXHOUSERACE,other,631,
298,KXHOUSERACE-CA19-26-D,1.0,2026-02-10 00:00:00+00:00,KXHOUSERACE,other,631,300.0
298,KXHOUSERACE-AL01-26-R,0.0,2026-02-10 00:00:00+00:00,KXHOUSERACE,other,631,
298,KXHOUSERACE-AL05-26-R,0.0,2026-02-10 00:00:00+00:00,KXHOUSERACE,other,631,
298,KXHOUSERACE-CA01-26-D,0.0,2026-02-10 00:00:00+00:00,KXHOUSERACE,other,631,
298,KXHOUSERACE-CA10-26-D,0.0,2026-02-10 00:00:00+00:00,KXHOUSERACE,other,631,
298,KXHOUSERACE-CA18-26-D,0.0,2026-02-10 00:00:00+00:00,KXHOUSERACE,other,631,
298,KXHOUSERACE-CA20-26-R,0.0,2026-02-10 00:00:00+00:00,KXHOUSERACE,other,631,
298,KXHOUSERACE-CA26-26-D,0.0,2026-02-10 00:00:00+00:00,KXHOUSERACE,other,631,
298,KXHOUSERACE-CA31-26-D,0.0,2026-02-10 00:00:00+00:00,KXHOUSERACE,other,631,
298,KXHOUSERACE-CA35-26-D,0.0,2026-02-10 00:00:00+00:00,KXHOUSERACE,other,631,
298,KXHOUSERACE-CA42-26-D,0.0,2026-02-10 00:00:00+00:00,KXHOUSERACE,other,631,
299,KXHOUSERACE-CA28-26-D,1.0,2026-02-10 00:00:00+00:00,KXHOUSERACE,other,631,150.0
299,KXHOUSERACE-AL01-26-R,0.0,2026-02-10 00:00:00+00:00,KXHOUSERACE,other,631,
299,KXHOUSERACE-AL05-26-R,0.0,2026-02-10 00:00:00+00:00,KXHOUSERACE,other,631,
299,KXHOUSERACE-CA01-26-D,0.0,2026-02-10 00:00:00+00:00,KXHOUSERACE,other,631,
299,KXHOUSERACE-CA10-26-D,0.0,2026-02-10 00:00:00+00:00,KXHOUSERACE,other,631,
299,KXHOUSERACE-CA18-26-D,0.0,2026-02-10 00:00:00+00:00,KXHOUSERACE,other,631,
299,KXHOUSERACE-CA20-26-R,0.0,2026-02-10 00:00:00+00:00,KXHOUSERACE,other,631,
299,KXHOUSERACE-CA26-26-D,0.0,2026-02-10 00:00:00+00:00,KXHOUSERACE,other,631,
299,KXHOUSERACE-CA31-26-D,0.0,2026-02-10 00:00:00+00:00,KXHOUSERACE,other,631,
299,KXHOUSERACE-CA35-26-D,0.0,2026-02-10 00:00:00+00:00,KXHOUSERACE,other,631,
299,KXHOUSERACE-CA42-26-D,0.0,2026-02-10 00:00:00+00:00,KXHOUSERACE,other,631,
300,KXHOUSERACE-CO02-26-D,1.0,2026-02-10 00:00:00+00:00,KXHOUSERACE,other,631,150.0
300,KXHOUSERACE-AL01-26-R,0.0,2026-02-10 00:00:00+00:00,KXHOUSERACE,other,631,
300,KXHOUSERACE-AL05-26-R,0.0,2026-02-10 00:00:00+00:00,KXHOUSERACE,other,631,
300,KXHOUSERACE-CA01-26-D,0.0,2026-02-10 00:00:00+00:00,KXHOUSERACE,other,631,
300,KXHOUSERACE-CA10-26-D,0.0,2026-02-10 00:00:00+00:00,KXHOUSERACE,other,631,
300,KXHOUSERACE-CA18-26-D,0.0,2026-02-10 00:00:00+00:00,KXHOUSERACE,other,631,
300,KXHOUSERACE-CA20-26-R,0.0,2026-02-10 00:00:00+00:00,KXHOUSERACE,other,631,
300,KXHOUSERACE-CA26-26-D,0.0,2026-02-10 00:00:00+00:00,KXHOUSERACE,other,631,
300,KXHOUSERACE-CA31-26-D,0.0,2026-02-10 00:00:00+00:00,KXHOUSERACE,other,631,
300,KXHOUSERACE-CA35-26-D,0.0,2026-02-10 00:00:00+00:00,KXHOUSERACE,other,631,
300,KXHOUSERACE-CA42-26-D,0.0,2026-02-10 00:00:00+00:00,KXHOUSERACE,other,631,
301,KXHOUSERACE-CT01-26-D,1.0,2026-02-10 00:00:00+00:00,KXHOUSERACE,other,631,150.0
301,KXHOUSERACE-AL01-26-R,0.0,2026-02-10 00:00:00+00:00,KXHOUSERACE,other,631,
301,KXHOUSERACE-AL05-26-R,0.0,2026-02-10 00:00:00+00:00,KXHOUSERACE,other,631,
301,KXHOUSERACE-CA01-26-D,0.0,2026-02-10 00:00:00+00:00,KXHOUSERACE,other,631,
301,KXHOUSERACE-CA10-26-D,0.0,2026-02-10 00:00:00+00:00,KXHOUSERACE,other,631,
301,KXHOUSERACE-CA18-26-D,0.0,2026-02-10 00:00:00+00:00,KXHOUSERACE,other,631,
301,KXHOUSERACE-CA20-26-R,0.0,2026-02-10 00:00:00+00:00,KXHOUSERACE,other,631,
301,KXHOUSERACE-CA26-26-D,0.0,2026-02-10 00:00:00+00:00,KXHOUSERACE,other,631,
301,KXHOUSERACE-CA31-26-D,0.0,2026-02-10 00:00:00+00:00,KXHOUSERACE,other,631,
301,KXHOUSERACE-CA35-26-D,0.0,2026-02-10 00:00:00+00:00,KXHOUSERACE,other,631,
301,KXHOUSERACE-CA42-26-D,0.0,2026-02-10 00:00:00+00:00,KXHOUSERACE,other,631,
302,KXHOUSERACE-GA08-26-R,1.0,2026-02-10 00:00:00+00:00,KXHOUSERACE,other,631,300.0
302,KXHOUSERACE-AL01-26-R,0.0,2026-02-10 00:00:00+00:00,KXHOUSERACE,other,631,
302,KXHOUSERACE-AL05-26-R,0.0,2026-02-10 00:00:00+00:00,KXHOUSERACE,other,631,
302,KXHOUSERACE-CA01-26-D,0.0,2026-02-10 00:00:00+00:00,KXHOUSERACE,other,631,
302,KXHOUSERACE-CA10-26-D,0.0,2026-02-10 00:00:00+00:00,KXHOUSERACE,other,631,
302,KXHOUSERACE-CA18-26-D,0.0,2026-02-10 00:00:00+00:00,KXHOUSERACE,other,631,
302,KXHOUSERACE-CA20-26-R,0.0,2026-02-10 00:00:00+00:00,KXHOUSERACE,other,631,
302,KXHOUSERACE-CA26-26-D,0.0,2026-02-10 00:00:00+00:00,KXHOUSERACE,other,631,
302,KXHOUSERACE-CA31-26-D,0.0,2026-02-10 00:00:00+00:00,KXHOUSERACE,other,631,
302,KXHOUSERACE-CA35-26-D,0.0,2026-02-10 00:00:00+00:00,KXHOUSERACE,other,631,
302,KXHOUSERACE-CA42-26-D,0.0,2026-02-10 00:00:00+00:00,KXHOUSERACE,other,631,
303,KXHOUSERACE-GA11-26-R,1.0,2026-02-10 00:00:00+00:00,KXHOUSERACE,other,631,150.0
303,KXHOUSERACE-AL01-26-R,0.0,2026-02-10 00:00:00+00:00,KXHOUSERACE,other,631,
303,KXHOUSERACE-AL05-26-R,0.0,2026-02-10 00:00:00+00:00,KXHOUSERACE,other,631,
303,KXHOUSERACE-CA01-26-D,0.0,2026-02-10 00:00:00+00:00,KXHOUSERACE,other,631,
303,KXHOUSERACE-CA10-26-D,0.0,2026-02-10 00:00:00+00:00,KXHOUSERACE,other,631,
303,KXHOUSERACE-CA18-26-D,0.0,2026-02-10 00:00:00+00:00,KXHOUSERACE,other,631,
303,KXHOUSERACE-CA20-26-R,0.0,2026-02-10 00:00:00+00:00,KXHOUSERACE,other,631,
303,KXHOUSERACE-CA26-26-D,0.0,2026-02-10 00:00:00+00:00,KXHOUSERACE,other,631,
303,KXHOUSERACE-CA31-26-D,0.0,2026-02-10 00:00:00+00:00,KXHOUSERACE,other,631,
303,KXHOUSERACE-CA35-26-D,0.0,2026-02-10 00:00:00+00:00,KXHOUSERACE,other,631,
303,KXHOUSERACE-CA42-26-D,0.0,2026-02-10 00:00:00+00:00,KXHOUSERACE,other,631,
304,KXHOUSERACE-GA14-26-R,1.0,2026-02-10 00:00:00+00:00,KXHOUSERACE,other,631,150.0
304,KXHOUSERACE-AL01-26-R,0.0,2026-02-10 00:00:00+00:00,KXHOUSERACE,other,631,
304,KXHOUSERACE-AL05-26-R,0.0,2026-02-10 00:00:00+00:00,KXHOUSERACE,other,631,
304,KXHOUSERACE-CA01-26-D,0.0,2026-02-10 00:00:00+00:00,KXHOUSERACE,other,631,
304,KXHOUSERACE-CA10-26-D,0.0,2026-02-10 00:00:00+00:00,KXHOUSERACE,other,631,
304,KXHOUSERACE-CA18-26-D,0.0,2026-02-10 00:00:00+00:00,KXHOUSERACE,other,631,
304,KXHOUSERACE-CA20-26-R,0.0,2026-02-10 00:00:00+00:00,KXHOUSERACE,other,631,
304,KXHOUSERACE-CA26-26-D,0.0,2026-02-10 00:00:00+00:00,KXHOUSERACE,other,631,
304,KXHOUSERACE-CA31-26-D,0.0,2026-02-10 00:00:00+00:00,KXHOUSERACE,other,631,
304,KXHOUSERACE-CA35-26-D,0.0,2026-02-10 00:00:00+00:00,KXHOUSERACE,other,631,
304,KXHOUSERACE-CA42-26-D,0.0,2026-02-10 00:00:00+00:00,KXHOUSERACE,other,631,
305,KXHOUSERACE-MD01-26-R,1.0,2026-02-10 00:00:00+00:00,KXHOUSERACE,other,631,150.0
305,KXHOUSERACE-NJ06-26-R,0.0,2026-02-10 00:00:00+00:00,KXHOUSERACE,other,631,
305,KXHOUSERACE-PA05-26-D,0.0,2026-02-10 00:00:00+00:00,KXHOUSERACE,other,631,
305,KXHOUSERACE-WV01-26-R,0.0,2026-02-10 00:00:00+00:00,KXHOUSERACE,other,631,
305,KXHOUSERACE-TX36-26-R,0.0,2026-02-10 00:00:00+00:00,KXHOUSERACE,other,631,
305,KXHOUSERACE-UT04-26-D,0.0,2026-02-10 00:00:00+00:00,KXHOUSERACE,other,631,
305,KXHOUSERACE-TX03-26-D,0.0,2026-02-10 00:00:00+00:00,KXHOUSERACE,other,631,
305,KXHOUSERACE-TX05-26-D,0.0,2026-02-10 00:00:00+00:00,KXHOUSERACE,other,631,
305,KXHOUSERACE-TN06-26-R,0.0,2026-02-10 00:00:00+00:00,KXHOUSERACE,other,631,
305,KXHOUSERACE-FL01-26-R,0.0,2026-02-10 00:00:00+00:00,KXHOUSERACE,other,631,
305,KXHOUSERACE-NC10-26-D,0.0,2026-02-10 00:00:00+00:00,KXHOUSERACE,other,631,
306,KXHOUSERACE-MN05-26-D,1.0,2026-02-10 00:00:00+00:00,KXHOUSERACE,other,631,150.0
306,KXHOUSERACE-NC10-26-D,0.0,2026-02-10 00:00:00+00:00,KXHOUSERACE,other,631,
306,KXHOUSERACE-TN06-26-R,0.0,2026-02-10 00:00:00+00:00,KXHOUSERACE,other,631,
306,KXHOUSERACE-TX02-26-D,0.0,2026-02-10 00:00:00+00:00,KXHOUSERACE,other,631,
306,KXHOUSERACE-UT04-26-D,0.0,2026-02-10 00:00:00+00:00,KXHOUSERACE,other,631,
306,KXHOUSERACE-TX36-26-R,0.0,2026-02-10 00:00:00+00:00,KXHOUSERACE,other,631,
306,KXHOUSERACE-NJ06-26-R,0.0,2026-02-10 00:00:00+00:00,KXHOUSERACE,other,631,
306,KXHOUSERACE-PA05-26-D,0.0,2026-02-10 00:00:00+00:00,KXHOUSERACE,other,631,
306,KXHOUSERACE-WV01-26-R,0.0,2026-02-10 00:00:00+00:00,KXHOUSERACE,other,631,
306,KXHOUSERACE-NC09-26-D,0.0,2026-02-10 00:00:00+00:00,KXHOUSERACE,other,631,
306,KXHOUSERACE-TX03-26-D,0.0,2026-02-10 00:00:00+00:00,KXHOUSERACE,other,631,
307,KXHOUSERACE-MO02-26-R,1.0,2026-02-10 00:00:00+00:00,KXHOUSERACE,other,631,300.0
307,KXHOUSERACE-DEAL-26-D,0.0,2026-02-10 00:00:00+00:00,KXHOUSERACE,other,631,
307,KXHOUSERACE-KS01-26-R,0.0,2026-02-10 00:00:00+00:00,KXHOUSERACE,other,631,
307,KXHOUSERACE-KS04-26-R,0.0,2026-02-10 00:00:00+00:00,KXHOUSERACE,other,631,
307,KXHOUSERACE-LA01-26-R,0.0,2026-02-10 00:00:00+00:00,KXHOUSERACE,other,631,
307,KXHOUSERACE-LA03-26-R,0.0,2026-02-10 00:00:00+00:00,KXHOUSERACE,other,631,
307,KXHOUSERACE-LA04-26-R,0.0,2026-02-10 00:00:00+00:00,KXHOUSERACE,other,631,
307,KXHOUSERACE-LA06-26-D,0.0,2026-02-10 00:00:00+00:00,KXHOUSERACE,other,631,
307,KXHOUSERACE-MA01-26-D,0.0,2026-02-10 00:00:00+00:00,KXHOUSERACE,other,631,
307,KXHOUSERACE-MA02-26-D,0.0,2026-02-10 00:00:00+00:00,KXHOUSERACE,other,631,
307,KXHOUSERACE-MA03-26-D,0.0,2026-02-10 00:00:00+00:00,KXHOUSERACE,other,631,
308,KXHOUSERACE-MO06-26-R,1.0,2026-02-10 00:00:00+00:00,KXHOUSERACE,other,631,150.0
308,KXHOUSERACE-DEAL-26-D,0.0,2026-02-10 00:00:00+00:00,KXHOUSERACE,other,631,
308,KXHOUSERACE-KS01-26-R,0.0,2026-02-10 00:00:00+00:00,KXHOUSERACE,other,631,
308,KXHOUSERACE-KS04-26-R,0.0,2026-02-10 00:00:00+00:00,KXHOUSERACE,other,631,
308,KXHOUSERACE-LA01-26-R,0.0,2026-02-10 00:00:00+00:00,KXHOUSERACE,other,631,
308,KXHOUSERACE-LA03-26-R,0.0,2026-02-10 00:00:00+00:00,KXHOUSERACE,other,631,
308,KXHOUSERACE-LA04-26-R,0.0,2026-02-10 00:00:00+00:00,KXHOUSERACE,other,631,
308,KXHOUSERACE-LA06-26-D,0.0,2026-02-10 00:00:00+00:00,KXHOUSERACE,other,631,
308,KXHOUSERACE-MA01-26-D,0.0,2026-02-10 00:00:00+00:00,KXHOUSERACE,other,631,
308,KXHOUSERACE-MA02-26-D,0.0,2026-02-10 00:00:00+00:00,KXHOUSERACE,other,631,
308,KXHOUSERACE-MA03-26-D,0.0,2026-02-10 00:00:00+00:00,KXHOUSERACE,other,631,
309,KXHOUSERACE-NE01-26-D,1.0,2026-02-10 00:00:00+00:00,KXHOUSERACE,other,631,150.0
309,KXHOUSERACE-TN07-26-R,0.0,2026-02-10 00:00:00+00:00,KXHOUSERACE,other,631,
309,KXHOUSERACE-IN05-26-D,0.0,2026-02-10 00:00:00+00:00,KXHOUSERACE,other,631,
309,KXHOUSERACE-WI08-26-D,0.0,2026-02-10 00:00:00+00:00,KXHOUSERACE,other,631,
309,KXHOUSERACE-NC06-26-R,0.0,2026-02-10 00:00:00+00:00,KXHOUSERACE,other,631,
309,KXHOUSERACE-TX06-26-D,0.0,2026-02-10 00:00:00+00:00,KXHOUSERACE,other,631,
309,KXHOUSERACE-NE03-26-R,0.0,2026-02-10 00:00:00+00:00,KXHOUSERACE,other,631,
309,KXHOUSERACE-TX20-26-R,0.0,2026-02-10 00:00:00+00:00,KXHOUSERACE,other,631,
309,KXHOUSERACE-CA46-26-D,0.0,2026-02-10 00:00:00+00:00,KXHOUSERACE,other,631,
309,KXHOUSERACE-IL08-26-D,0.0,2026-02-10 00:00:00+00:00,KXHOUSERACE,other,631,
309,KXHOUSERACE-IN05-26-R,0.0,2026-02-10 00:00:00+00:00,KXHOUSERACE,other,631,
310,KXHOUSERACE-NE01-26-R,1.0,2026-02-10 00:00:00+00:00,KXHOUSERACE,other,631,150.0
310,KXHOUSERACE-NC07-26-D,0.0,2026-02-10 00:00:00+00:00,KXHOUSERACE,other,631,
310,KXHOUSERACE-CA17-26-R,0.0,2026-02-10 00:00:00+00:00,KXHOUSERACE,other,631,
310,KXHOUSERACE-OH08-26-D,0.0,2026-02-10 00:00:00+00:00,KXHOUSERACE,other,631,
310,KXHOUSERACE-MN06-26-D,0.0,2026-02-10 00:00:00+00:00,KXHOUSERACE,other,631,
310,KXHOUSERACE-CA23-26-D,0.0,2026-02-10 00:00:00+00:00,KXHOUSERACE,other,631,
310,KXHOUSERACE-FL15-26-D,0.0,2026-02-10 00:00:00+00:00,KXHOUSERACE,other,631,
310,KXHOUSERACE-NC14-26-D,0.0,2026-02-10 00:00:00+00:00,KXHOUSERACE,other,631,
310,KXHOUSERACE-MI01-26-D,0.0,2026-02-10 00:00:00+00:00,KXHOUSERACE,other,631,
310,KXHOUSERACE-FL16-26-D,0.0,2026-02-10 00:00:00+00:00,KXHOUSERACE,other,631,
310,KXHOUSERACE-TX10-26-D,0.0,2026-02-10 00:00:00+00:00,KXHOUSERACE,other,631,
311,KXHOUSERACE-NJ04-26-R,1.0,2026-02-10 00:00:00+00:00,KXHOUSERACE,other,631,150.0
311,KXHOUSERACE-NC03-26-D,0.0,2026-02-10 00:00:00+00:00,KXHOUSERACE,other,631,
311,KXHOUSERACE-NY08-26-D,0.0,2026-02-10 00:00:00+00:00,KXHOUSERACE,other,631,
311,KXHOUSERACE-NY07-26-D,0.0,2026-02-10 00:00:00+00:00,KXHOUSERACE,other,631,
311,KXHOUSERACE-OH06-26-R,0.0,2026-02-10 00:00:00+00:00,KXHOUSERACE,other,631,
311,KXHOUSERACE-PA11-26-R,0.0,2026-02-10 00:00:00+00:00,KXHOUSERACE,other,631,
311,KXHOUSERACE-WA02-26-D,0.0,2026-02-10 00:00:00+00:00,KXHOUSERACE,other,631,
311,KXHOUSERACE-WA10-26-D,0.0,2026-02-10 00:00:00+00:00,KXHOUSERACE,other,631,
311,KXHOUSERACE-GA12-26-D,0.0,2026-02-10 00:00:00+00:00,KXHOUSERACE,other,631,
311,KXHOUSERACE-GA01-26-D,0.0,2026-02-10 00:00:00+00:00,KXHOUSERACE,other,631,
311,KXHOUSERACE-AR02-26-R,0.0,2026-02-10 00:00:00+00:00,KXHOUSERACE,other,631,
312,KXHOUSERACE-NJ10-26-D,1.0,2026-02-10 00:00:00+00:00,KXHOUSERACE,other,631,150.0
312,KXHOUSERACE-TX02-26-D,0.0,2026-02-10 00:00:00+00:00,KXHOUSERACE,other,631,
312,KXHOUSERACE-NC09-26-D,0.0,2026-02-10 00:00:00+00:00,KXHOUSERACE,other,631,
312,KXHOUSERACE-NC10-26-D,0.0,2026-02-10 00:00:00+00:00,KXHOUSERACE,other,631,
312,KXHOUSERACE-TN06-26-R,0.0,2026-02-10 00:00:00+00:00,KXHOUSERACE,other,631,
312,KXHOUSERACE-NE03-26-R,0.0,2026-02-10 00:00:00+00:00,KXHOUSERACE,other,631,
312,KXHOUSERACE-UT04-26-D,0.0,2026-02-10 00:00:00+00:00,KXHOUSERACE,other,631,
312,KXHOUSERACE-TX36-26-R,0.0,2026-02-10 00:00:00+00:00,KXHOUSERACE,other,631,
312,KXHOUSERACE-NJ06-26-R,0.0,2026-02-10 00:00:00+00:00,KXHOUSERACE,other,631,
312,KXHOUSERACE-PA05-26-D,0.0,2026-02-10 00:00:00+00:00,KXHOUSERACE,other,631,
312,KXHOUSERACE-WV01-26-R,0.0,2026-02-10 00:00:00+00:00,KXHOUSERACE,other,631,
313,KXHOUSERACE-NJ12-26-D,1.0,2026-02-10 00:00:00+00:00,KXHOUSERACE,other,631,450.0
313,KXHOUSERACE-TN07-26-D,0.0,2026-02-10 00:00:00+00:00,KXHOUSERACE,other,631,
313,KXHOUSERACE-AR04-26-D,0.0,2026-02-10 00:00:00+00:00,KXHOUSERACE,other,631,
313,KXHOUSERACE-AL06-26-D,0.0,2026-02-10 00:00:00+00:00,KXHOUSERACE,other,631,
313,KXHOUSERACE-TX36-26-D,0.0,2026-02-10 00:00:00+00:00,KXHOUSERACE,other,631,
313,KXHOUSERACE-WI07-26-R,0.0,2026-02-10 00:00:00+00:00,KXHOUSERACE,other,631,
313,KXHOUSERACE-CA36-26-R,0.0,2026-02-10 00:00:00+00:00,KXHOUSERACE,other,631,
313,KXHOUSERACE-CA46-26-R,0.0,2026-02-10 00:00:00+00:00,KXHOUSERACE,other,631,
313,KXHOUSERACE-PA05-26-R,0.0,2026-02-10 00:00:00+00:00,KXHOUSERACE,other,631,
313,KXHOUSERACE-WV01-26-D,0.0,2026-02-10 00:00:00+00:00,KXHOUSERACE,other,631,
313,KXHOUSERACE-WV02-26-D,0.0,2026-02-10 00:00:00+00:00,KXHOUSERACE,other,631,
314,KXHOUSERACE-OH05-26-R,1.0,2026-02-10 00:00:00+00:00,KXHOUSERACE,other,631,150.0
314,KXHOUSERACE-DEAL-26-D,0.0,2026-02-10 00:00:00+00:00,KXHOUSERACE,other,631,
314,KXHOUSERACE-KS01-26-R,0.0,2026-02-10 00:00:00+00:00,KXHOUSERACE,other,631,
314,KXHOUSERACE-KS04-26-R,0.0,2026-02-10 00:00:00+00:00,KXHOUSERACE,other,631,
314,KXHOUSERACE-LA01-26-R,0.0,2026-02-10 00:00:00+00:00,KXHOUSERACE,other,631,
314,KXHOUSERACE-LA03-26-R,0.0,2026-02-10 00:00:00+00:00,KXHOUSERACE,other,631,
314,KXHOUSERACE-LA04-26-R,0.0,2026-02-10 00:00:00+00:00,KXHOUSERACE,other,631,
314,KXHOUSERACE-LA06-26-D,0.0,2026-02-10 00:00:00+00:00,KXHOUSERACE,other,631,
314,KXHOUSERACE-MA01-26-D,0.0,2026-02-10 00:00:00+00:00,KXHOUSERACE,other,631,
314,KXHOUSERACE-MA02-26-D,0.0,2026-02-10 00:00:00+00:00,KXHOUSERACE,other,631,
314,KXHOUSERACE-MA03-26-D,0.0,2026-02-10 00:00:00+00:00,KXHOUSERACE,other,631,
315,KXHOUSERACE-OH07-26-D,1.0,2026-02-10 00:00:00+00:00,KXHOUSERACE,other,631,150.0
315,KXHOUSERACE-NC10-26-R,0.0,2026-02-10 00:00:00+00:00,KXHOUSERACE,other,631,
315,KXHOUSERACE-CO01-26-R,0.0,2026-02-10 00:00:00+00:00,KXHOUSERACE,other,631,
315,KXHOUSERACE-TX02-26-R,0.0,2026-02-10 00:00:00+00:00,KXHOUSERACE,other,631,
315,KXHOUSERACE-VA06-26-D,0.0,2026-02-10 00:00:00+00:00,KXHOUSERACE,other,631,
315,KXHOUSERACE-NC09-26-R,0.0,2026-02-10 00:00:00+00:00,KXHOUSERACE,other,631,
315,KXHOUSERACE-NC14-26-D,0.0,2026-02-10 00:00:00+00:00,KXHOUSERACE,other,631,
315,KXHOUSERACE-FL15-26-D,0.0,2026-02-10 00:00:00+00:00,KXHOUSERACE,other,631,
315,KXHOUSERACE-NM03-26-R,0.0,2026-02-10 00:00:00+00:00,KXHOUSERACE,other,631,
315,KXHOUSERACE-MO01-26-R,0.0,2026-02-10 00:00:00+00:00,KXHOUSERACE,other,631,
315,KXHOUSERACE-CA23-26-D,0.0,2026-02-10 00:00:00+00:00,KXHOUSERACE,other,631,
316,KXHOUSERACE-PA13-26-R,1.0,2026-02-10 00:00:00+00:00,KXHOUSERACE,other,631,150.0
316,KXHOUSERACE-DEAL-26-D,0.0,2026-02-10 00:00:00+00:00,KXHOUSERACE,other,631,
316,KXHOUSERACE-KS01-26-R,0.0,2026-02-10 00:00:00+00:00,KXHOUSERACE,other,631,
316,KXHOUSERACE-KS04-26-R,0.0,2026-02-10 00:00:00+00:00,KXHOUSERACE,other,631,
316,KXHOUSERACE-LA01-26-R,0.0,2026-02-10 00:00:00+00:00,KXHOUSERACE,other,631,
316,KXHOUSERACE-LA03-26-R,0.0,2026-02-10 00:00:00+00:00,KXHOUSERACE,other,631,
316,KXHOUSERACE-LA04-26-R,0.0,2026-02-10 00:00:00+00:00,KXHOUSERACE,other,631,
316,KXHOUSERACE-LA06-26-D,0.0,2026-02-10 00:00:00+00:00,KXHOUSERACE,other,631,
316,KXHOUSERACE-MA01-26-D,0.0,2026-02-10 00:00:00+00:00,KXHOUSERACE,other,631,
316,KXHOUSERACE-MA02-26-D,0.0,2026-02-10 00:00:00+00:00,KXHOUSERACE,other,631,
316,KXHOUSERACE-MA03-26-D,0.0,2026-02-10 00:00:00+00:00,KXHOUSERACE,other,631,
317,KXHOUSERACE-SC01-26-D,1.0,2026-02-10 00:00:00+00:00,KXHOUSERACE,other,631,150.0
317,KXHOUSERACE-NC10-26-R,0.0,2026-02-10 00:00:00+00:00,KXHOUSERACE,other,631,
317,KXHOUSERACE-CO01-26-R,0.0,2026-02-10 00:00:00+00:00,KXHOUSERACE,other,631,
317,KXHOUSERACE-TX02-26-R,0.0,2026-02-10 00:00:00+00:00,KXHOUSERACE,other,631,
317,KXHOUSERACE-VA06-26-D,0.0,2026-02-10 00:00:00+00:00,KXHOUSERACE,other,631,
317,KXHOUSERACE-NC09-26-R,0.0,2026-02-10 00:00:00+00:00,KXHOUSERACE,other,631,
317,KXHOUSERACE-NC14-26-D,0.0,2026-02-10 00:00:00+00:00,KXHOUSERACE,other,631,
317,KXHOUSERACE-FL15-26-D,0.0,2026-02-10 00:00:00+00:00,KXHOUSERACE,other,631,
317,KXHOUSERACE-CA23-26-D,0.0,2026-02-10 00:00:00+00:00,KXHOUSERACE,other,631,
317,KXHOUSERACE-NM03-26-R,0.0,2026-02-10 00:00:00+00:00,KXHOUSERACE,other,631,
317,KXHOUSERACE-MO01-26-R,0.0,2026-02-10 00:00:00+00:00,KXHOUSERACE,other,631,
318,KXHOUSERACE-SC03-26-R,1.0,2026-02-10 00:00:00+00:00,KXHOUSERACE,other,631,150.0
318,KXHOUSERACE-DEAL-26-D,0.0,2026-02-10 00:00:00+00:00,KXHOUSERACE,other,631,
318,KXHOUSERACE-KS01-26-R,0.0,2026-02-10 00:00:00+00:00,KXHOUSERACE,other,631,
318,KXHOUSERACE-KS04-26-R,0.0,2026-02-10 00:00:00+00:00,KXHOUSERACE,other,631,
318,KXHOUSERACE-LA01-26-R,0.0,2026-02-10 00:00:00+00:00,KXHOUSERACE,other,631,
318,KXHOUSERACE-LA03-26-R,0.0,2026-02-10 00:00:00+00:00,KXHOUSERACE,other,631,
318,KXHOUSERACE-LA04-26-R,0.0,2026-02-10 00:00:00+00:00,KXHOUSERACE,other,631,
318,KXHOUSERACE-LA06-26-D,0.0,2026-02-10 00:00:00+00:00,KXHOUSERACE,other,631,
318,KXHOUSERACE-MA01-26-D,0.0,2026-02-10 00:00:00+00:00,KXHOUSERACE,other,631,
318,KXHOUSERACE-MA02-26-D,0.0,2026-02-10 00:00:00+00:00,KXHOUSERACE,other,631,
318,KXHOUSERACE-MA03-26-D,0.0,2026-02-10 00:00:00+00:00,KXHOUSERACE,other,631,
319,KXHOUSERACE-TN08-26-R,1.0,2026-02-10 00:00:00+00:00,KXHOUSERACE,other,631,300.0
319,KXHOUSERACE-KY05-26-R,0.0,2026-02-10 00:00:00+00:00,KXHOUSERACE,other,631,
319,KXHOUSERACE-OH04-26-R,0.0,2026-02-10 00:00:00+00:00,KXHOUSERACE,other,631,
319,KXHOUSERACE-TX16-26-D,0.0,2026-02-10 00:00:00+00:00,KXHOUSERACE,other,631,
319,KXHOUSERACE-AZ03-26-D,0.0,2026-02-10 00:00:00+00:00,KXHOUSERACE,other,631,
319,KXHOUSERACE-WI04-26-D,0.0,2026-02-10 00:00:00+00:00,KXHOUSERACE,other,631,
319,KXHOUSERACE-DEAL-26-D,0.0,2026-02-10 00:00:00+00:00,KXHOUSERACE,other,631,
319,KXHOUSERACE-KS01-26-R,0.0,2026-02-10 00:00:00+00:00,KXHOUSERACE,other,631,
319,KXHOUSERACE-KS04-26-R,0.0,2026-02-10 00:00:00+00:00,KXHOUSERACE,other,631,
319,KXHOUSERACE-LA01-26-R,0.0,2026-02-10 00:00:00+00:00,KXHOUSERACE,other,631,
319,KXHOUSERACE-LA03-26-R,0.0,2026-02-10 00:00:00+00:00,KXHOUSERACE,other,631,
320,KXHOUSERACE-TX31-26-R,1.0,2026-02-10 00:00:00+00:00,KXHOUSERACE,other,631,300.0
320,KXHOUSERACE-NJ03-26-D,0.0,2026-02-10 00:00:00+00:00,KXHOUSERACE,other,631,
320,KXHOUSERACE-CA05-26-R,0.0,2026-02-10 00:00:00+00:00,KXHOUSERACE,other,631,
320,KXHOUSERACE-TX21-26-R,0.0,2026-02-10 00:00:00+00:00,KXHOUSERACE,other,631,
320,KXHOUSERACE-MI01-26-R,0.0,2026-02-10 00:00:00+00:00,KXHOUSERACE,other,631,
320,KXHOUSERACE-CA25-26-D,0.0,2026-02-10 00:00:00+00:00,KXHOUSERACE,other,631,
320,KXHOUSERACE-NC07-26-R,0.0,2026-02-10 00:00:00+00:00,KXHOUSERACE,other,631,
320,KXHOUSERACE-TX14-26-D,0.0,2026-02-10 00:00:00+00:00,KXHOUSERACE,other,631,
320,KXHOUSERACE-FL15-26-R,0.0,2026-02-10 00:00:00+00:00,KXHOUSERACE,other,631,
320,KXHOUSERACE-NC13-26-R,0.0,2026-02-10 00:00:00+00:00,KXHOUSERACE,other,631,
320,KXHOUSERACE-MN06-26-R,0.0,2026-02-10 00:00:00+00:00,KXHOUSERACE,other,631,
321,KXHOUSERACE-UT04-26-R,1.0,2026-02-10 00:00:00+00:00,KXHOUSERACE,other,631,150.0
321,KXHOUSERACE-NC03-26-R,0.0,2026-02-10 00:00:00+00:00,KXHOUSERACE,other,631,
321,KXHOUSERACE-TX20-26-D,0.0,2026-02-10 00:00:00+00:00,KXHOUSERACE,other,631,
321,KXHOUSERACE-NJ06-26-D,0.0,2026-02-10 00:00:00+00:00,KXHOUSERACE,other,631,
321,KXHOUSERACE-FL28-26-D,0.0,2026-02-10 00:00:00+00:00,KXHOUSERACE,other,631,
321,KXHOUSERACE-FL03-26-R,0.0,2026-02-10 00:00:00+00:00,KXHOUSERACE,other,631,
321,KXHOUSERACE-NC13-26-D,0.0,2026-02-10 00:00:00+00:00,KXHOUSERACE,other,631,
321,KXHOUSERACE-TX22-26-D,0.0,2026-02-10 00:00:00+00:00,KXHOUSERACE,other,631,
321,KXHOUSERACE-CO01-26-D,0.0,2026-02-10 00:00:00+00:00,KXHOUSERACE,other,631,
321,KXHOUSERACE-CA25-26-R,0.0,2026-02-10 00:00:00+00:00,KXHOUSERACE,other,631,
321,KXHOUSERACE-TX31-26-D,0.0,2026-02-10 00:00:00+00:00,KXHOUSERACE,other,631,
322,KXHOUSERACE-VA09-26-R,1.0,2026-02-10 00:00:00+00:00,KXHOUSERACE,other,631,300.0
322,KXHOUSERACE-DEAL-26-D,0.0,2026-02-10 00:00:00+00:00,KXHOUSERACE,other,631,
322,KXHOUSERACE-KS01-26-R,0.0,2026-02-10 00:00:00+00:00,KXHOUSERACE,other,631,
322,KXHOUSERACE-KS04-26-R,0.0,2026-02-10 00:00:00+00:00,KXHOUSERACE,other,631,
322,KXHOUSERACE-LA01-26-R,0.0,2026-02-10 00:00:00+00:00,KXHOUSERACE,other,631,
322,KXHOUSERACE-LA03-26-R,0.0,2026-02-10 00:00:00+00:00,KXHOUSERACE,other,631,
322,KXHOUSERACE-LA04-26-R,0.0,2026-02-10 00:00:00+00:00,KXHOUSERACE,other,631,
322,KXHOUSERACE-LA06-26-D,0.0,2026-02-10 00:00:00+00:00,KXHOUSERACE,other,631,
322,KXHOUSERACE-MA01-26-D,0.0,2026-02-10 00:00:00+00:00,KXHOUSERACE,other,631,
322,KXHOUSERACE-MA02-26-D,0.0,2026-02-10 00:00:00+00:00,KXHOUSERACE,other,631,
322,KXHOUSERACE-MA03-26-D,0.0,2026-02-10 00:00:00+00:00,KXHOUSERACE,other,631,
323,KXHOUSERACE-WA07-26-D,1.0,2026-02-10 00:00:00+00:00,KXHOUSERACE,other,631,150.0
323,KXHOUSERACE-WA02-26-D,0.0,2026-02-10 00:00:00+00:00,KXHOUSERACE,other,631,
323,KXHOUSERACE-WA10-26-D,0.0,2026-02-10 00:00:00+00:00,KXHOUSERACE,other,631,
323,KXHOUSERACE-NY07-26-D,0.0,2026-02-10 00:00:00+00:00,KXHOUSERACE,other,631,
323,KXHOUSERACE-AR02-26-R,0.0,2026-02-10 00:00:00+00:00,KXHOUSERACE,other,631,
323,KXHOUSERACE-CA50-26-D,0.0,2026-02-10 00:00:00+00:00,KXHOUSERACE,other,631,
323,KXHOUSERACE-WA09-26-D,0.0,2026-02-10 00:00:00+00:00,KXHOUSERACE,other,631,
323,KXHOUSERACE-NC03-26-D,0.0,2026-02-10 00:00:00+00:00,KXHOUSERACE,other,631,
323,KXHOUSERACE-PA12-26-D,0.0,2026-02-10 00:00:00+00:00,KXHOUSERACE,other,631,
323,KXHOUSERACE-TN02-26-R,0.0,2026-02-10 00:00:00+00:00,KXHOUSERACE,other,631,
323,KXHOUSERACE-TN04-26-R,0.0,2026-02-10 00:00:00+00:00,KXHOUSERACE,other,631,
324,KXHOUSERACE-WI06-26-R,1.0,2026-02-10 00:00:00+00:00,KXHOUSERACE,other,631,150.0
324,KXHOUSERACE-WA02-26-D,0.0,2026-02-10 00:00:00+00:00,KXHOUSERACE,other,631,
324,KXHOUSERACE-WA10-26-D,0.0,2026-02-10 00:00:00+00:00,KXHOUSERACE,other,631,
324,KXHOUSERACE-NY07-26-D,0.0,2026-02-10 00:00:00+00:00,KXHOUSERACE,other,631,
324,KXHOUSERACE-AR02-26-R,0.0,2026-02-10 00:00:00+00:00,KXHOUSERACE,other,631,
324,KXHOUSERACE-CA50-26-D,0.0,2026-02-10 00:00:00+00:00,KXHOUSERACE,other,631,
324,KXHOUSERACE-WA09-26-D,0.0,2026-02-10 00:00:00+00:00,KXHOUSERACE,other,631,
324,KXHOUSERACE-NC03-26-D,0.0,2026-02-10 00:00:00+00:00,KXHOUSERACE,other,631,
324,KXHOUSERACE-PA12-26-D,0.0,2026-02-10 00:00:00+00:00,KXHOUSERACE,other,631,
324,KXHOUSERACE-TN02-26-R,0.0,2026-02-10 00:00:00+00:00,KXHOUSERACE,other,631,
324,KXHOUSERACE-TN04-26-R,0.0,2026-02-10 00:00:00+00:00,KXHOUSERACE,other,631,
325,KXHOUSERACE-WI08-26-R,1.0,2026-02-10 00:00:00+00:00,KXHOUSERACE,other,631,150.0
325,KXHOUSERACE-AZ08-26-D,0.0,2026-02-10 00:00:00+00:00,KXHOUSERACE,other,631,
325,KXHOUSERACE-NDAL-26-D,0.0,2026-02-10 00:00:00+00:00,KXHOUSERACE,other,631,
325,KXHOUSERACE-MO04-26-R,0.0,2026-02-10 00:00:00+00:00,KXHOUSERACE,other,631,
325,KXHOUSERACE-MO01-26-R,0.0,2026-02-10 00:00:00+00:00,KXHOUSERACE,other,631,
325,KXHOUSERACE-NM03-26-R,0.0,2026-02-10 00:00:00+00:00,KXHOUSERACE,other,631,
325,KXHOUSERACE-NC09-26-R,0.0,2026-02-10 00:00:00+00:00,KXHOUSERACE,other,631,
325,KXHOUSERACE-VA06-26-D,0.0,2026-02-10 00:00:00+00:00,KXHOUSERACE,other,631,
325,KXHOUSERACE-TX12-26-D,0.0,2026-02-10 00:00:00+00:00,KXHOUSERACE,other,631,
325,KXHOUSERACE-CA19-26-R,0.0,2026-02-10 00:00:00+00:00,KXHOUSERACE,other,631,
325,KXHOUSERACE-NC10-26-R,0.0,2026-02-10 00:00:00+00:00,KXHOUSERACE,other,631,
326,KXHOUSERACE-WV02-26-R,1.0,2026-02-10 00:00:00+00:00,KXHOUSERACE,other,631,150.0
326,KXHOUSERACE-TN06-26-R,0.0,2026-02-10 00:00:00+00:00,KXHOUSERACE,other,631,
326,KXHOUSERACE-NC10-26-D,0.0,2026-02-10 00:00:00+00:00,KXHOUSERACE,other,631,
326,KXHOUSERACE-UT04-26-D,0.0,2026-02-10 00:00:00+00:00,KXHOUSERACE,other,631,
326,KXHOUSERACE-TX36-26-R,0.0,2026-02-10 00:00:00+00:00,KXHOUSERACE,other,631,
326,KXHOUSERACE-NJ06-26-R,0.0,2026-02-10 00:00:00+00:00,KXHOUSERACE,other,631,
326,KXHOUSERACE-PA05-26-D,0.0,2026-02-10 00:00:00+00:00,KXHOUSERACE,other,631,
326,KXHOUSERACE-WV01-26-R,0.0,2026-02-10 00:00:00+00:00,KXHOUSERACE,other,631,
326,KXHOUSERACE-TX02-26-D,0.0,2026-02-10 00:00:00+00:00,KXHOUSERACE,other,631,
326,KXHOUSERACE-TX03-26-D,0.0,2026-02-10 00:00:00+00:00,KXHOUSERACE,other,631,
326,KXHOUSERACE-TX05-26-D,0.0,2026-02-10 00:00:00+00:00,KXHOUSERACE,other,631,
327,KXHOUSETX32-26-R,1.0,2026-02-10 00:00:00+00:00,KXHOUSETX32,other,631,150.0
327,KXHOUSETX32-26-D,0.0,2026-02-10 00:00:00+00:00,KXHOUSETX32,other,631,
328,KXLAIOUT-LCHI-27JUL01,1.0,2026-02-10 00:00:00+00:00,KXLAIOUT,other,506,300.0
328,KXLAIOUT-LCHI-27JAN01,0.0,2026-02-10 00:00:00+00:00,KXLAIOUT,other,506,
329,KXLOSEREELECTIONDSEN-2026-1,1.0,2026-02-10 00:00:00+00:00,KXLOSEREELECTIONDSEN,other,324,150.0
329,KXLOSEREELECTIONDSEN-2026-0,0.0,2026-02-10 00:00:00+00:00,KXLOSEREELECTIONDSEN,other,324,
329,KXLOSEREELECTIONDSEN-2026-2,0.0,2026-02-10 00:00:00+00:00,KXLOSEREELECTIONDSEN,other,324,
329,KXLOSEREELECTIONDSEN-2026-3,0.0,2026-02-10 00:00:00+00:00,KXLOSEREELECTIONDSEN,other,324,
329,KXLOSEREELECTIONDSEN-2026-4,0.0,2026-02-10 00:00:00+00:00,KXLOSEREELECTIONDSEN,other,324,
329,KXLOSEREELECTIONDSEN-2026-5,0.0,2026-02-10 00:00:00+00:00,KXLOSEREELECTIONDSEN,other,324,
330,KXMARALAGO-27-JBEZ,1.0,2026-02-10 00:00:00+00:00,KXMARALAGO,other,325,450.0
330,KXMARALAGO-27-JFIS,0.0,2026-02-10 00:00:00+00:00,KXMARALAGO,other,325,
330,KXMARALAGO-27-BNET,0.0,2026-02-10 00:00:00+00:00,KXMARALAGO,other,325,
330,KXMARALAGO-27-VPUT,0.0,2026-02-10 00:00:00+00:00,KXMARALAGO,other,325,
331,KXMARALAGO-27-JHUA,1.0,2026-02-10 00:00:00+00:00,KXMARALAGO,other,325,300.0
331,KXMARALAGO-27-JFIS,0.0,2026-02-10 00:00:00+00:00,KXMARALAGO,other,325,
331,KXMARALAGO-27-BNET,0.0,2026-02-10 00:00:00+00:00,KXMARALAGO,other,325,
331,KXMARALAGO-27-VPUT,0.0,2026-02-10 00:00:00+00:00,KXMARALAGO,other,325,
334,KXRECOGPALESTINE-27-ITA,1.0,2026-02-10 00:00:00+00:00,KXRECOGPALESTINE,other,325,300.0
334,KXRECOGPALESTINE-27-SK,0.0,2026-02-10 00:00:00+00:00,KXRECOGPALESTINE,other,325,
334,KXRECOGPALESTINE-27-USA,0.0,2026-02-10 00:00:00+00:00,KXRECOGPALESTINE,other,325,
335,KXRECOGPALESTINE-27-JAP,1.0,2026-02-10 00:00:00+00:00,KXRECOGPALESTINE,other,325,450.0
335,KXRECOGPALESTINE-27-SK,0.0,2026-02-10 00:00:00+00:00,KXRECOGPALESTINE,other,325,
335,KXRECOGPALESTINE-27-USA,0.0,2026-02-10 00:00:00+00:00,KXRECOGPALESTINE,other,325,
336,KXREDISTRICTING-26-GA,1.0,2026-02-10 00:00:00+00:00,KXREDISTRICTING,other,264,150.0
336,KXREDISTRICTING-26-VIR,0.0,2026-02-10 00:00:00+00:00,KXREDISTRICTING,other,264,
336,KXREDISTRICTING-26-FL,0.0,2026-02-10 00:00:00+00:00,KXREDISTRICTING,other,264,
336,KXREDISTRICTING-26-NJ,0.0,2026-02-10 00:00:00+00:00,KXREDISTRICTING,other,264,
336,KXREDISTRICTING-26-NC,0.0,2026-02-10 00:00:00+00:00,KXREDISTRICTING,other,264,
336,KXREDISTRICTING-26-OH,0.0,2026-02-10 00:00:00+00:00,KXREDISTRICTING,other,264,
336,KXREDISTRICTING-26-CA,0.0,2026-02-10 00:00:00+00:00,KXREDISTRICTING,other,264,
336,KXREDISTRICTING-26-MN,0.0,2026-02-10 00:00:00+00:00,KXREDISTRICTING,other,264,
336,KXREDISTRICTING-26-WA,0.0,2026-02-10 00:00:00+00:00,KXREDISTRICTING,other,264,
337,KXREDISTRICTING-26-IL,1.0,2026-02-10 00:00:00+00:00,KXREDISTRICTING,other,264,150.0
337,KXREDISTRICTING-26-FL,0.0,2026-02-10 00:00:00+00:00,KXREDISTRICTING,other,264,
337,KXREDISTRICTING-26-NJ,0.0,2026-02-10 00:00:00+00:00,KXREDISTRICTING,other,264,
337,KXREDISTRICTING-26-NC,0.0,2026-02-10 00:00:00+00:00,KXREDISTRICTING,other,264,
337,KXREDISTRICTING-26-OH,0.0,2026-02-10 00:00:00+00:00,KXREDISTRICTING,other,264,
337,KXREDISTRICTING-26-CA,0.0,2026-02-10 00:00:00+00:00,KXREDISTRICTING,other,264,
337,KXREDISTRICTING-26-MN,0.0,2026-02-10 00:00:00+00:00,KXREDISTRICTING,other,264,
337,KXREDISTRICTING-26-WA,0.0,2026-02-10 00:00:00+00:00,KXREDISTRICTING,other,264,
337,KXREDISTRICTING-26-VIR,0.0,2026-02-10 00:00:00+00:00,KXREDISTRICTING,other,264,
338,KXREDISTRICTING-26-WI,1.0,2026-02-10 00:00:00+00:00,KXREDISTRICTING,other,264,150.0
338,KXREDISTRICTING-26-FL,0.0,2026-02-10 00:00:00+00:00,KXREDISTRICTING,other,264,
338,KXREDISTRICTING-26-NJ,0.0,2026-02-10 00:00:00+00:00,KXREDISTRICTING,other,264,
338,KXREDISTRICTING-26-VIR,0.0,2026-02-10 00:00:00+00:00,KXREDISTRICTING,other,264,
338,KXREDISTRICTING-26-NC,0.0,2026-02-10 00:00:00+00:00,KXREDISTRICTING,other,264,
338,KXREDISTRICTING-26-OH,0.0,2026-02-10 00:00:00+00:00,KXREDISTRICTING,other,264,
338,KXREDISTRICTING-26-CA,0.0,2026-02-10 00:00:00+00:00,KXREDISTRICTING,other,264,
338,KXREDISTRICTING-26-MN,0.0,2026-02-10 00:00:00+00:00,KXREDISTRICTING,other,264,
338,KXREDISTRICTING-26-WA,0.0,2026-02-10 00:00:00+00:00,KXREDISTRICTING,other,264,
339,KXSENATEMAD-26-SMOU,1.0,2026-02-10 00:00:00+00:00,KXSENATEMAD,other,204,150.0
339,KXSENATEMAD-26-EMAR,0.0,2026-02-10 00:00:00+00:00,KXSENATEMAD,other,204,
339,KXSENATEMAD-26-APRE,0.0,2026-02-10 00:00:00+00:00,KXSENATEMAD,other,204,
339,KXSENATEMAD-26-ARIK,0.0,2026-02-10 00:00:00+00:00,KXSENATEMAD,other,204,
340,KXTRUMPAPPROVALBELOW-26DEC31-38,1.0,2026-02-10 00:00:00+00:00,KXTRUMPAPPROVALBELOW,other,176,150.0
340,KXTRUMPAPPROVALBELOW-26DEC31-35,0.0,2026-02-10 00:00:00+00:00,KXTRUMPAPPROVALBELOW,other,176,
340,KXTRUMPAPPROVALBELOW-26DEC31-36,0.0,2026-02-10 00:00:00+00:00,KXTRUMPAPPROVALBELOW,other,176,
340,KXTRUMPAPPROVALBELOW-26DEC31-34,0.0,2026-02-10 00:00:00+00:00,KXTRUMPAPPROVALBELOW,other,176,
340,KXTRUMPAPPROVALBELOW-26DEC31-37,0.0,2026-02-10 00:00:00+00:00,KXTRUMPAPPROVALBELOW,other,176,
340,KXTRUMPAPPROVALBELOW-26DEC31-33,0.0,2026-02-10 00:00:00+00:00,KXTRUMPAPPROVALBELOW,other,176,
341,KXTRUMPMEETING-27JAN01-NCSHE,1.0,2026-02-10 00:00:00+00:00,KXTRUMPMEETING,other,159,150.0
341,KXTRUMPMEETING-27JAN01-NKJU,0.0,2026-02-10 00:00:00+00:00,KXTRUMPMEETING,other,159,
342,KXTRUMPMEETING-27JAN01-NMTG,1.0,2026-02-10 00:00:00+00:00,KXTRUMPMEETING,other,325,150.0
342,KXTRUMPMEETING-27JAN01-NKJU,0.0,2026-02-10 00:00:00+00:00,KXTRUMPMEETING,other,325,
343,KXTRUMPPARDON-27JAN01-JASS,1.0,2026-02-10 00:00:00+00:00,KXTRUMPPARDON,other,325,150.0
343,KXTRUMPPARDON-27JAN01-ABOC,0.0,2026-02-10 00:00:00+00:00,KXTRUMPPARDON,other,325,
343,KXTRUMPPARDON-27JAN01-DJT,0.0,2026-02-10 00:00:00+00:00,KXTRUMPPARDON,other,325,
343,KXTRUMPPARDON-27JAN01-ESNO,0.0,2026-02-10 00:00:00+00:00,KXTRUMPPARDON,other,325,
343,KXTRUMPPARDON-27JAN01-SCOM,0.0,2026-02-10 00:00:00+00:00,KXTRUMPPARDON,other,325,
343,KXTRUMPPARDON-27JAN01-NMAD,0.0,2026-02-10 00:00:00+00:00,KXTRUMPPARDON,other,325,
343,KXTRUMPPARDON-27JAN01-JMAL,0.0,2026-02-10 00:00:00+00:00,KXTRUMPPARDON,other,325,
343,KXTRUMPPARDON-27JAN01-MSH,0.0,2026-02-10 00:00:00+00:00,KXTRUMPPARDON,other,325,
343,KXTRUMPPARDON-27JAN01-EHOL,0.0,2026-02-10 00:00:00+00:00,KXTRUMPPARDON,other,325,
343,KXTRUMPPARDON-27JAN01-THAT,0.0,2026-02-10 00:00:00+00:00,KXTRUMPPARDON,other,325,
344,KXTRUMPPARDON-27JAN01-KPET,1.0,2026-02-10 00:00:00+00:00,KXTRUMPPARDON,other,325,150.0
344,KXTRUMPPARDON-27JAN01-MSH,0.0,2026-02-10 00:00:00+00:00,KXTRUMPPARDON,other,325,
344,KXTRUMPPARDON-27JAN01-ABOC,0.0,2026-02-10 00:00:00+00:00,KXTRUMPPARDON,other,325,
344,KXTRUMPPARDON-27JAN01-DJT,0.0,2026-02-10 00:00:00+00:00,KXTRUMPPARDON,other,325,
344,KXTRUMPPARDON-27JAN01-ESNO,0.0,2026-02-10 00:00:00+00:00,KXTRUMPPARDON,other,325,
344,KXTRUMPPARDON-27JAN01-EHOL,0.0,2026-02-10 00:00:00+00:00,KXTRUMPPARDON,other,325,
344,KXTRUMPPARDON-27JAN01-SCOM,0.0,2026-02-10 00:00:00+00:00,KXTRUMPPARDON,other,325,
344,KXTRUMPPARDON-27JAN01-NMAD,0.0,2026-02-10 00:00:00+00:00,KXTRUMPPARDON,other,325,
344,KXTRUMPPARDON-27JAN01-JMAL,0.0,2026-02-10 00:00:00+00:00,KXTRUMPPARDON,other,325,
344,KXTRUMPPARDON-27JAN01-THAT,0.0,2026-02-10 00:00:00+00:00,KXTRUMPPARDON,other,325,
345,KXTRUMPPARDONS-29JAN21-KAND,1.0,2026-02-10 00:00:00+00:00,KXTRUMPPARDONS,other,1076,300.0
345,KXTRUMPPARDONS-29JAN21-EADA,0.0,2026-02-10 00:00:00+00:00,KXTRUMPPARDONS,other,1076,
345,KXTRUMPPARDONS-29JAN21-PMIC,0.0,2026-02-10 00:00:00+00:00,KXTRUMPPARDONS,other,1076,
345,KXTRUMPPARDONS-29JAN21-JASS,0.0,2026-02-10 00:00:00+00:00,KXTRUMPPARDONS,other,1076,
345,KXTRUMPPARDONS-29JAN21-ESNO,0.0,2026-02-10 00:00:00+00:00,KXTRUMPPARDONS,other,1076,
345,KXTRUMPPARDONS-29JAN21-GMAX,0.0,2026-02-10 00:00:00+00:00,KXTRUMPPARDONS,other,1076,
345,KXTRUMPPARDONS-29JAN21-SBF,0.0,2026-02-10 00:00:00+00:00,KXTRUMPPARDONS,other,1076,
345,KXTRUMPPARDONS-29JAN21-DCHA,0.0,2026-02-10 00:00:00+00:00,KXTRUMPPARDONS,other,1076,
345,KXTRUMPPARDONS-29JAN21-JKUS,0.0,2026-02-10 00:00:00+00:00,KXTRUMPPARDONS,other,1076,
345,KXTRUMPPARDONS-29JAN21-DJTR,0.0,2026-02-10 00:00:00+00:00,KXTRUMPPARDONS,other,1076,
345,KXTRUMPPARDONS-29JAN21-THAT,0.0,2026-02-10 00:00:00+00:00,KXTRUMPPARDONS,other,1076,
346,KXUKPARTY-29-C,1.0,2026-02-10 00:00:00+00:00,KXUKPARTY,other,1298,150.0
346,KXUKPARTY-29-L,0.0,2026-02-10 00:00:00+00:00,KXUKPARTY,other,1298,
346,KXUKPARTY-29-GRE,0.0,2026-02-10 00:00:00+00:00,KXUKPARTY,other,1298,
346,KXUKPARTY-29-Y,0.0,2026-02-10 00:00:00+00:00,KXUKPARTY,other,1298,
346,KXUKPARTY-29-LD,0.0,2026-02-10 00:00:00+00:00,KXUKPARTY,other,1298,
346,KXUKPARTY-29-BRUV,0.0,2026-02-10 00:00:00+00:00,KXUKPARTY,other,1298,
346,KXUKPARTY-29-R,0.0,2026-02-10 00:00:00+00:00,KXUKPARTY,other,1298,
347,KXVAHOUSEDEM-26NOV03-10,1.0,2026-02-10 00:00:00+00:00,KXVAHOUSEDEM,other,631,300.0
347,KXVAHOUSEDEM-26NOV03-8,0.0,2026-02-10 00:00:00+00:00,KXVAHOUSEDEM,other,631,
347,KXVAHOUSEDEM-26NOV03-6,0.0,2026-02-10 00:00:00+00:00,KXVAHOUSEDEM,other,631,
347,KXVAHOUSEDEM-26NOV03-BELOW6,0.0,2026-02-10 00:00:00+00:00,KXVAHOUSEDEM,other,631,
350,KXWHVISIT-27-AAHM,1.0,2026-02-10 00:00:00+00:00,KXWHVISIT,other,325,450.0
350,KXWHVISIT-27-VPUT,0.0,2026-02-10 00:00:00+00:00,KXWHVISIT,other,325,
350,KXWHVISIT-27-AALS,0.0,2026-02-10 00:00:00+00:00,KXWHVISIT,other,325,
350,KXWHVISIT-27-BMAH,0.0,2026-02-10 00:00:00+00:00,KXWHVISIT,other,325,
351,KXXISUCCESSOR-45JAN01-DXUE,1.0,2026-02-10 00:00:00+00:00,KXXISUCCESSOR,other,6900,150.0
351,KXXISUCCESSOR-45JAN01-WHUN,0.0,2026-02-10 00:00:00+00:00,KXXISUCCESSOR,other,6900,
351,KXXISUCCESSOR-45JAN01-MXIN,0.0,2026-02-10 00:00:00+00:00,KXXISUCCESSOR,other,6900,
351,KXXISUCCESSOR-45JAN01-YYON,0.0,2026-02-10 00:00:00+00:00,KXXISUCCESSOR,other,6900,
351,KXXISUCCESSOR-45JAN01-ZGUO,0.0,2026-02-10 00:00:00+00:00,KXXISUCCESSOR,other,6900,
351,KXXISUCCESSOR-45JAN01-YLI,0.0,2026-02-10 00:00:00+00:00,KXXISUCCESSOR,other,6900,
351,KXXISUCCESSOR-45JAN01-CMIN,0.0,2026-02-10 00:00:00+00:00,KXXISUCCESSOR,other,6900,
351,KXXISUCCESSOR-45JAN01-HLIF,0.0,2026-02-10 00:00:00+00:00,KXXISUCCESSOR,other,6900,
351,KXXISUCCESSOR-45JAN01-LGAN,0.0,2026-02-10 00:00:00+00:00,KXXISUCCESSOR,other,6900,
352,KXXITAIWAN-28JAN01,1.0,2026-02-10 00:00:00+00:00,KXXITAIWAN,other,690,150.0
352,KXXITAIWAN-27JAN01,0.0,2026-02-10 00:00:00+00:00,KXXITAIWAN,other,690,
352,KXXITAIWAN-29JAN01,0.0,2026-02-10 00:00:00+00:00,KXXITAIWAN,other,690,
353,HOUSEAZ6-26-R,1.0,2026-02-19 00:00:00+00:00,HOUSEAZ6,other,622,150.0
353,HOUSEAZ6-26-D,0.0,2026-02-19 00:00:00+00:00,HOUSEAZ6,other,622,
354,HOUSECA3-26-D,1.0,2026-02-19 00:00:00+00:00,HOUSECA3,other,622,150.0
354,HOUSECA3-26-R,0.0,2026-02-19 00:00:00+00:00,HOUSECA3,other,622,
355,KXBULGARIAPRES-26NOV15-RZHE,1.0,2026-02-19 00:00:00+00:00,KXBULGARIAPRES,other,634,450.0
355,KXBULGARIAPRES-26NOV15-VTER,0.0,2026-02-19 00:00:00+00:00,KXBULGARIAPRES,other,634,
355,KXBULGARIAPRES-26NOV15-KKOS,0.0,2026-02-19 00:00:00+00:00,KXBULGARIAPRES,other,634,
355,KXBULGARIAPRES-26NOV15-KZAR,0.0,2026-02-19 00:00:00+00:00,KXBULGARIAPRES,other,634,
355,KXBULGARIAPRES-26NOV15-BKOT,0.0,2026-02-19 00:00:00+00:00,KXBULGARIAPRES,other,634,
355,KXBULGARIAPRES-26NOV15-AATA,0.0,2026-02-19 00:00:00+00:00,KXBULGARIAPRES,other,634,
355,KXBULGARIAPRES-26NOV15-YSTO,0.0,2026-02-19 00:00:00+00:00,KXBULGARIAPRES,other,634,
355,KXBULGARIAPRES-26NOV15-NKIS,0.0,2026-02-19 00:00:00+00:00,KXBULGARIAPRES,other,634,
355,KXBULGARIAPRES-26NOV15-IYOT,0.0,2026-02-19 00:00:00+00:00,KXBULGARIAPRES,other,634,
356,KXFINLANDPARLI-27-SDP,1.0,2026-02-19 00:00:00+00:00,KXFINLANDPARLI,other,800,150.0
356,KXFINLANDPARLI-27-FINNS,0.0,2026-02-19 00:00:00+00:00,KXFINLANDPARLI,other,800,
356,KXFINLANDPARLI-27-GREEN,0.0,2026-02-19 00:00:00+00:00,KXFINLANDPARLI,other,800,
356,KXFINLANDPARLI-27-LEFT,0.0,2026-02-19 00:00:00+00:00,KXFINLANDPARLI,other,800,
357,KXHOUSERACE-FL04-26-R,1.0,2026-02-19 00:00:00+00:00,KXHOUSERACE,other,622,150.0
357,KXHOUSERACE-MI01-26-D,0.0,2026-02-19 00:00:00+00:00,KXHOUSERACE,other,622,
357,KXHOUSERACE-FL04-26-D,0.0,2026-02-19 00:00:00+00:00,KXHOUSERACE,other,622,
357,KXHOUSERACE-FL16-26-D,0.0,2026-02-19 00:00:00+00:00,KXHOUSERACE,other,622,
357,KXHOUSERACE-GA07-26-R,0.0,2026-02-19 00:00:00+00:00,KXHOUSERACE,other,622,
357,KXHOUSERACE-NJ03-26-R,0.0,2026-02-19 00:00:00+00:00,KXHOUSERACE,other,622,
357,KXHOUSERACE-FL28-26-D,0.0,2026-02-19 00:00:00+00:00,KXHOUSERACE,other,622,
357,KXHOUSERACE-IL08-26-D,0.0,2026-02-19 00:00:00+00:00,KXHOUSERACE,other,622,
357,KXHOUSERACE-OH08-26-D,0.0,2026-02-19 00:00:00+00:00,KXHOUSERACE,other,622,
357,KXHOUSERACE-TX10-26-D,0.0,2026-02-19 00:00:00+00:00,KXHOUSERACE,other,622,
357,KXHOUSERACE-CA46-26-D,0.0,2026-02-19 00:00:00+00:00,KXHOUSERACE,other,622,
358,KXHOUSERACE-GA13-26-D,1.0,2026-02-19 00:00:00+00:00,KXHOUSERACE,other,622,150.0
358,KXHOUSERACE-DEAL-26-D,0.0,2026-02-19 00:00:00+00:00,KXHOUSERACE,other,622,
358,KXHOUSERACE-IL07-26-D,0.0,2026-02-19 00:00:00+00:00,KXHOUSERACE,other,622,
358,KXHOUSERACE-KS04-26-R,0.0,2026-02-19 00:00:00+00:00,KXHOUSERACE,other,622,
358,KXHOUSERACE-LA03-26-R,0.0,2026-02-19 00:00:00+00:00,KXHOUSERACE,other,622,
358,KXHOUSERACE-LA04-26-R,0.0,2026-02-19 00:00:00+00:00,KXHOUSERACE,other,622,
358,KXHOUSERACE-LA06-26-D,0.0,2026-02-19 00:00:00+00:00,KXHOUSERACE,other,622,
358,KXHOUSERACE-MA02-26-D,0.0,2026-02-19 00:00:00+00:00,KXHOUSERACE,other,622,
358,KXHOUSERACE-MA03-26-D,0.0,2026-02-19 00:00:00+00:00,KXHOUSERACE,other,622,
358,KXHOUSERACE-MA04-26-D,0.0,2026-02-19 00:00:00+00:00,KXHOUSERACE,other,622,
358,KXHOUSERACE-MA05-26-D,0.0,2026-02-19 00:00:00+00:00,KXHOUSERACE,other,622,
359,KXHOUSERACE-IA04-26-R,1.0,2026-02-19 00:00:00+00:00,KXHOUSERACE,other,622,450.0
359,KXHOUSERACE-NE03-26-D,0.0,2026-02-19 00:00:00+00:00,KXHOUSERACE,other,622,
359,KXHOUSERACE-CA30-26-D,0.0,2026-02-19 00:00:00+00:00,KXHOUSERACE,other,622,
359,KXHOUSERACE-PA14-26-R,0.0,2026-02-19 00:00:00+00:00,KXHOUSERACE,other,622,
359,KXHOUSERACE-WA09-26-D,0.0,2026-02-19 00:00:00+00:00,KXHOUSERACE,other,622,
359,KXHOUSERACE-UT04-26-D,0.0,2026-02-19 00:00:00+00:00,KXHOUSERACE,other,622,
359,KXHOUSERACE-CA36-26-D,0.0,2026-02-19 00:00:00+00:00,KXHOUSERACE,other,622,
359,KXHOUSERACE-GA01-26-D,0.0,2026-02-19 00:00:00+00:00,KXHOUSERACE,other,622,
359,KXHOUSERACE-TN09-26-D,0.0,2026-02-19 00:00:00+00:00,KXHOUSERACE,other,622,
359,KXHOUSERACE-TX05-26-D,0.0,2026-02-19 00:00:00+00:00,KXHOUSERACE,other,622,
359,KXHOUSERACE-TX03-26-D,0.0,2026-02-19 00:00:00+00:00,KXHOUSERACE,other,622,
360,KXHOUSERACE-MA09-26-D,1.0,2026-02-19 00:00:00+00:00,KXHOUSERACE,other,622,150.0
360,KXHOUSERACE-DEAL-26-D,0.0,2026-02-19 00:00:00+00:00,KXHOUSERACE,other,622,
360,KXHOUSERACE-IL07-26-D,0.0,2026-02-19 00:00:00+00:00,KXHOUSERACE,other,622,
360,KXHOUSERACE-KS04-26-R,0.0,2026-02-19 00:00:00+00:00,KXHOUSERACE,other,622,
360,KXHOUSERACE-LA03-26-R,0.0,2026-02-19 00:00:00+00:00,KXHOUSERACE,other,622,
360,KXHOUSERACE-LA04-26-R,0.0,2026-02-19 00:00:00+00:00,KXHOUSERACE,other,622,
360,KXHOUSERACE-LA06-26-D,0.0,2026-02-19 00:00:00+00:00,KXHOUSERACE,other,622,
360,KXHOUSERACE-MA02-26-D,0.0,2026-02-19 00:00:00+00:00,KXHOUSERACE,other,622,
360,KXHOUSERACE-MA03-26-D,0.0,2026-02-19 00:00:00+00:00,KXHOUSERACE,other,622,
360,KXHOUSERACE-MA04-26-D,0.0,2026-02-19 00:00:00+00:00,KXHOUSERACE,other,622,
360,KXHOUSERACE-MA05-26-D,0.0,2026-02-19 00:00:00+00:00,KXHOUSERACE,other,622,
361,KXHOUSERACE-MD03-26-D,1.0,2026-02-19 00:00:00+00:00,KXHOUSERACE,other,622,150.0
361,KXHOUSERACE-DEAL-26-D,0.0,2026-02-19 00:00:00+00:00,KXHOUSERACE,other,622,
361,KXHOUSERACE-IL07-26-D,0.0,2026-02-19 00:00:00+00:00,KXHOUSERACE,other,622,
361,KXHOUSERACE-KS04-26-R,0.0,2026-02-19 00:00:00+00:00,KXHOUSERACE,other,622,
361,KXHOUSERACE-LA03-26-R,0.0,2026-02-19 00:00:00+00:00,KXHOUSERACE,other,622,
361,KXHOUSERACE-LA04-26-R,0.0,2026-02-19 00:00:00+00:00,KXHOUSERACE,other,622,
361,KXHOUSERACE-LA06-26-D,0.0,2026-02-19 00:00:00+00:00,KXHOUSERACE,other,622,
361,KXHOUSERACE-MA02-26-D,0.0,2026-02-19 00:00:00+00:00,KXHOUSERACE,other,622,
361,KXHOUSERACE-MA03-26-D,0.0,2026-02-19 00:00:00+00:00,KXHOUSERACE,other,622,
361,KXHOUSERACE-MA04-26-D,0.0,2026-02-19 00:00:00+00:00,KXHOUSERACE,other,622,
361,KXHOUSERACE-MA05-26-D,0.0,2026-02-19 00:00:00+00:00,KXHOUSERACE,other,622,
362,KXHOUSERACE-MN03-26-D,1.0,2026-02-19 00:00:00+00:00,KXHOUSERACE,other,622,150.0
362,KXHOUSERACE-DEAL-26-D,0.0,2026-02-19 00:00:00+00:00,KXHOUSERACE,other,622,
362,KXHOUSERACE-IL07-26-D,0.0,2026-02-19 00:00:00+00:00,KXHOUSERACE,other,622,
362,KXHOUSERACE-KS04-26-R,0.0,2026-02-19 00:00:00+00:00,KXHOUSERACE,other,622,
362,KXHOUSERACE-LA03-26-R,0.0,2026-02-19 00:00:00+00:00,KXHOUSERACE,other,622,
362,KXHOUSERACE-LA04-26-R,0.0,2026-02-19 00:00:00+00:00,KXHOUSERACE,other,622,
362,KXHOUSERACE-LA06-26-D,0.0,2026-02-19 00:00:00+00:00,KXHOUSERACE,other,622,
362,KXHOUSERACE-MA02-26-D,0.0,2026-02-19 00:00:00+00:00,KXHOUSERACE,other,622,
362,KXHOUSERACE-MA03-26-D,0.0,2026-02-19 00:00:00+00:00,KXHOUSERACE,other,622,
362,KXHOUSERACE-MA04-26-D,0.0,2026-02-19 00:00:00+00:00,KXHOUSERACE,other,622,
362,KXHOUSERACE-MA05-26-D,0.0,2026-02-19 00:00:00+00:00,KXHOUSERACE,other,622,
363,KXHOUSERACE-MS03-26-R,1.0,2026-02-19 00:00:00+00:00,KXHOUSERACE,other,622,150.0
363,KXHOUSERACE-DEAL-26-D,0.0,2026-02-19 00:00:00+00:00,KXHOUSERACE,other,622,
363,KXHOUSERACE-IL07-26-D,0.0,2026-02-19 00:00:00+00:00,KXHOUSERACE,other,622,
363,KXHOUSERACE-KS04-26-R,0.0,2026-02-19 00:00:00+00:00,KXHOUSERACE,other,622,
363,KXHOUSERACE-LA03-26-R,0.0,2026-02-19 00:00:00+00:00,KXHOUSERACE,other,622,
363,KXHOUSERACE-LA04-26-R,0.0,2026-02-19 00:00:00+00:00,KXHOUSERACE,other,622,
363,KXHOUSERACE-LA06-26-D,0.0,2026-02-19 00:00:00+00:00,KXHOUSERACE,other,622,
363,KXHOUSERACE-MA02-26-D,0.0,2026-02-19 00:00:00+00:00,KXHOUSERACE,other,622,
363,KXHOUSERACE-MA03-26-D,0.0,2026-02-19 00:00:00+00:00,KXHOUSERACE,other,622,
363,KXHOUSERACE-MA04-26-D,0.0,2026-02-19 00:00:00+00:00,KXHOUSERACE,other,622,
363,KXHOUSERACE-MA05-26-D,0.0,2026-02-19 00:00:00+00:00,KXHOUSERACE,other,622,
364,KXHOUSERACE-NY09-26-D,1.0,2026-02-19 00:00:00+00:00,KXHOUSERACE,other,622,150.0
364,KXHOUSERACE-DEAL-26-D,0.0,2026-02-19 00:00:00+00:00,KXHOUSERACE,other,622,
364,KXHOUSERACE-IL07-26-D,0.0,2026-02-19 00:00:00+00:00,KXHOUSERACE,other,622,
364,KXHOUSERACE-KS04-26-R,0.0,2026-02-19 00:00:00+00:00,KXHOUSERACE,other,622,
364,KXHOUSERACE-LA03-26-R,0.0,2026-02-19 00:00:00+00:00,KXHOUSERACE,other,622,
364,KXHOUSERACE-LA04-26-R,0.0,2026-02-19 00:00:00+00:00,KXHOUSERACE,other,622,
364,KXHOUSERACE-LA06-26-D,0.0,2026-02-19 00:00:00+00:00,KXHOUSERACE,other,622,
364,KXHOUSERACE-MA02-26-D,0.0,2026-02-19 00:00:00+00:00,KXHOUSERACE,other,622,
364,KXHOUSERACE-MA03-26-D,0.0,2026-02-19 00:00:00+00:00,KXHOUSERACE,other,622,
364,KXHOUSERACE-MA04-26-D,0.0,2026-02-19 00:00:00+00:00,KXHOUSERACE,other,622,
364,KXHOUSERACE-MA05-26-D,0.0,2026-02-19 00:00:00+00:00,KXHOUSERACE,other,622,
365,KXHOUSERACE-OH11-26-D,1.0,2026-02-19 00:00:00+00:00,KXHOUSERACE,other,622,150.0
365,KXHOUSERACE-DEAL-26-D,0.0,2026-02-19 00:00:00+00:00,KXHOUSERACE,other,622,
365,KXHOUSERACE-IL07-26-D,0.0,2026-02-19 00:00:00+00:00,KXHOUSERACE,other,622,
365,KXHOUSERACE-KS04-26-R,0.0,2026-02-19 00:00:00+00:00,KXHOUSERACE,other,622,
365,KXHOUSERACE-LA03-26-R,0.0,2026-02-19 00:00:00+00:00,KXHOUSERACE,other,622,
365,KXHOUSERACE-LA04-26-R,0.0,2026-02-19 00:00:00+00:00,KXHOUSERACE,other,622,
365,KXHOUSERACE-LA06-26-D,0.0,2026-02-19 00:00:00+00:00,KXHOUSERACE,other,622,
365,KXHOUSERACE-MA02-26-D,0.0,2026-02-19 00:00:00+00:00,KXHOUSERACE,other,622,
365,KXHOUSERACE-MA03-26-D,0.0,2026-02-19 00:00:00+00:00,KXHOUSERACE,other,622,
365,KXHOUSERACE-MA04-26-D,0.0,2026-02-19 00:00:00+00:00,KXHOUSERACE,other,622,
365,KXHOUSERACE-MA05-26-D,0.0,2026-02-19 00:00:00+00:00,KXHOUSERACE,other,622,
366,KXMARALAGO-27-GMEL,1.0,2026-02-19 00:00:00+00:00,KXMARALAGO,other,316,150.0
366,KXMARALAGO-27-VPUT,0.0,2026-02-19 00:00:00+00:00,KXMARALAGO,other,316,
366,KXMARALAGO-27-JFIS,0.0,2026-02-19 00:00:00+00:00,KXMARALAGO,other,316,
366,KXMARALAGO-27-BNET,0.0,2026-02-19 00:00:00+00:00,KXMARALAGO,other,316,
367,KXMARALAGO-27-MTG,1.0,2026-02-19 00:00:00+00:00,KXMARALAGO,other,316,150.0
367,KXMARALAGO-27-VPUT,0.0,2026-02-19 00:00:00+00:00,KXMARALAGO,other,316,
367,KXMARALAGO-27-JFIS,0.0,2026-02-19 00:00:00+00:00,KXMARALAGO,other,316,
367,KXMARALAGO-27-BNET,0.0,2026-02-19 00:00:00+00:00,KXMARALAGO,other,316,
368,KXPARAGUAYSENATE-28-CO,1.0,2026-02-19 00:00:00+00:00,KXPARAGUAYSENATE,other,1166,600.0
368,KXPARAGUAYSENATE-28-CN2023,0.0,2026-02-19 00:00:00+00:00,KXPARAGUAYSENATE,other,1166,
368,KXPARAGUAYSENATE-28-PCN,0.0,2026-02-19 00:00:00+00:00,KXPARAGUAYSENATE,other,1166,
368,KXPARAGUAYSENATE-28-PEN,0.0,2026-02-19 00:00:00+00:00,KXPARAGUAYSENATE,other,1166,
368,KXPARAGUAYSENATE-28-PPQ,0.0,2026-02-19 00:00:00+00:00,KXPARAGUAYSENATE,other,1166,
369,KXTRUMPMEETING-27JAN01-NJPOW,1.0,2026-02-19 00:00:00+00:00,KXTRUMPMEETING,other,316,300.0
369,KXTRUMPMEETING-27JAN01-NKJU,0.0,2026-02-19 00:00:00+00:00,KXTRUMPMEETING,other,316,
370,KXTRUMPMEETING-27JAN01-NMBS,1.0,2026-02-19 00:00:00+00:00,KXTRUMPMEETING,other,316,300.0
370,KXTRUMPMEETING-27JAN01-NKJU,0.0,2026-02-19 00:00:00+00:00,KXTRUMPMEETING,other,316,
371,KXTRUMPMEETING-27JAN01-NVPUT,1.0,2026-02-19 00:00:00+00:00,KXTRUMPMEETING,other,316,300.0
371,KXTRUMPMEETING-27JAN01-NKJU,0.0,2026-02-19 00:00:00+00:00,KXTRUMPMEETING,other,316,
372,HOUSECA22-26-R,1.0,2026-02-27 00:00:00+00:00,HOUSECA22,other,614,150.0
372,HOUSECA22-26-D,0.0,2026-02-27 00:00:00+00:00,HOUSECA22,other,614,
374,KXDECLAREPRESFIRSTD-28NOV07-ABES,1.0,2026-02-27 00:00:00+00:00,KXDECLAREPRESFIRSTD,other,984,650.0
374,KXDECLAREPRESFIRSTD-28NOV07-PBUT,0.0,2026-02-27 00:00:00+00:00,KXDECLAREPRESFIRSTD,other,984,
374,KXDECLAREPRESFIRSTD-28NOV07-JSHA,0.0,2026-02-27 00:00:00+00:00,KXDECLAREPRESFIRSTD,other,984,
374,KXDECLAREPRESFIRSTD-28NOV07-GWHI,0.0,2026-02-27 00:00:00+00:00,KXDECLAREPRESFIRSTD,other,984,
374,KXDECLAREPRESFIRSTD-28NOV07-JOSS,0.0,2026-02-27 00:00:00+00:00,KXDECLAREPRESFIRSTD,other,984,
374,KXDECLAREPRESFIRSTD-28NOV07-AOCA,0.0,2026-02-27 00:00:00+00:00,KXDECLAREPRESFIRSTD,other,984,
374,KXDECLAREPRESFIRSTD-28NOV07-WMOO,0.0,2026-02-27 00:00:00+00:00,KXDECLAREPRESFIRSTD,other,984,
377,KXGOVWYNOMR-26-MDEG,1.0,2026-02-27 00:00:00+00:00,KXGOVWYNOMR,other,173,150.0
377,KXGOVWYNOMR-26-BBIE,0.0,2026-02-27 00:00:00+00:00,KXGOVWYNOMR,other,173,
377,KXGOVWYNOMR-26-HHAG,0.0,2026-02-27 00:00:00+00:00,KXGOVWYNOMR,other,173,
377,KXGOVWYNOMR-26-CGRA,0.0,2026-02-27 00:00:00+00:00,KXGOVWYNOMR,other,173,
378,KXHOUSERACE-AR03-26-R,1.0,2026-02-27 00:00:00+00:00,KXHOUSERACE,other,614,150.0
378,KXHOUSERACE-AL01-26-R,0.0,2026-02-27 00:00:00+00:00,KXHOUSERACE,other,614,
378,KXHOUSERACE-AL05-26-R,0.0,2026-02-27 00:00:00+00:00,KXHOUSERACE,other,614,
378,KXHOUSERACE-CA18-26-D,0.0,2026-02-27 00:00:00+00:00,KXHOUSERACE,other,614,
378,KXHOUSERACE-CA28-26-R,0.0,2026-02-27 00:00:00+00:00,KXHOUSERACE,other,614,
378,KXHOUSERACE-CA31-26-D,0.0,2026-02-27 00:00:00+00:00,KXHOUSERACE,other,614,
378,KXHOUSERACE-CA35-26-D,0.0,2026-02-27 00:00:00+00:00,KXHOUSERACE,other,614,
378,KXHOUSERACE-CA42-26-D,0.0,2026-02-27 00:00:00+00:00,KXHOUSERACE,other,614,
378,KXHOUSERACE-CA43-26-D,0.0,2026-02-27 00:00:00+00:00,KXHOUSERACE,other,614,
378,KXHOUSERACE-CA44-26-D,0.0,2026-02-27 00:00:00+00:00,KXHOUSERACE,other,614,
378,KXHOUSERACE-CA51-26-D,0.0,2026-02-27 00:00:00+00:00,KXHOUSERACE,other,614,
379,KXHOUSERACE-AZ05-26-R,1.0,2026-02-27 00:00:00+00:00,KXHOUSERACE,other,614,450.0
379,KXHOUSERACE-VA03-26-R,0.0,2026-02-27 00:00:00+00:00,KXHOUSERACE,other,614,
379,KXHOUSERACE-MN06-26-D,0.0,2026-02-27 00:00:00+00:00,KXHOUSERACE,other,614,
379,KXHOUSERACE-CA19-26-R,0.0,2026-02-27 00:00:00+00:00,KXHOUSERACE,other,614,
379,KXHOUSERACE-CA25-26-D,0.0,2026-02-27 00:00:00+00:00,KXHOUSERACE,other,614,
379,KXHOUSERACE-FL28-26-R,0.0,2026-02-27 00:00:00+00:00,KXHOUSERACE,other,614,
379,KXHOUSERACE-MO04-26-R,0.0,2026-02-27 00:00:00+00:00,KXHOUSERACE,other,614,
379,KXHOUSERACE-CA05-26-R,0.0,2026-02-27 00:00:00+00:00,KXHOUSERACE,other,614,
379,KXHOUSERACE-NJ03-26-D,0.0,2026-02-27 00:00:00+00:00,KXHOUSERACE,other,614,
379,KXHOUSERACE-TX21-26-R,0.0,2026-02-27 00:00:00+00:00,KXHOUSERACE,other,614,
379,KXHOUSERACE-MI01-26-R,0.0,2026-02-27 00:00:00+00:00,KXHOUSERACE,other,614,
380,KXHOUSERACE-CA16-26-D,1.0,2026-02-27 00:00:00+00:00,KXHOUSERACE,other,614,150.0
380,KXHOUSERACE-AL01-26-R,0.0,2026-02-27 00:00:00+00:00,KXHOUSERACE,other,614,
380,KXHOUSERACE-AL05-26-R,0.0,2026-02-27 00:00:00+00:00,KXHOUSERACE,other,614,
380,KXHOUSERACE-CA18-26-D,0.0,2026-02-27 00:00:00+00:00,KXHOUSERACE,other,614,
380,KXHOUSERACE-CA28-26-R,0.0,2026-02-27 00:00:00+00:00,KXHOUSERACE,other,614,
380,KXHOUSERACE-CA31-26-D,0.0,2026-02-27 00:00:00+00:00,KXHOUSERACE,other,614,
380,KXHOUSERACE-CA35-26-D,0.0,2026-02-27 00:00:00+00:00,KXHOUSERACE,other,614,
380,KXHOUSERACE-CA42-26-D,0.0,2026-02-27 00:00:00+00:00,KXHOUSERACE,other,614,
380,KXHOUSERACE-CA43-26-D,0.0,2026-02-27 00:00:00+00:00,KXHOUSERACE,other,614,
380,KXHOUSERACE-CA44-26-D,0.0,2026-02-27 00:00:00+00:00,KXHOUSERACE,other,614,
380,KXHOUSERACE-CA51-26-D,0.0,2026-02-27 00:00:00+00:00,KXHOUSERACE,other,614,
381,KXHOUSERACE-CA38-26-D,1.0,2026-02-27 00:00:00+00:00,KXHOUSERACE,other,614,300.0
381,KXHOUSERACE-NJ08-26-R,0.0,2026-02-27 00:00:00+00:00,KXHOUSERACE,other,614,
381,KXHOUSERACE-NJ01-26-D,0.0,2026-02-27 00:00:00+00:00,KXHOUSERACE,other,614,
381,KXHOUSERACE-PA05-26-R,0.0,2026-02-27 00:00:00+00:00,KXHOUSERACE,other,614,
381,KXHOUSERACE-MO06-26-D,0.0,2026-02-27 00:00:00+00:00,KXHOUSERACE,other,614,
381,KXHOUSERACE-TX30-26-R,0.0,2026-02-27 00:00:00+00:00,KXHOUSERACE,other,614,
381,KXHOUSERACE-GA07-26-D,0.0,2026-02-27 00:00:00+00:00,KXHOUSERACE,other,614,
381,KXHOUSERACE-KY05-26-R,0.0,2026-02-27 00:00:00+00:00,KXHOUSERACE,other,614,
381,KXHOUSERACE-IL09-26-R,0.0,2026-02-27 00:00:00+00:00,KXHOUSERACE,other,614,
381,KXHOUSERACE-CA17-26-R,0.0,2026-02-27 00:00:00+00:00,KXHOUSERACE,other,614,
381,KXHOUSERACE-FL08-26-D,0.0,2026-02-27 00:00:00+00:00,KXHOUSERACE,other,614,
382,KXHOUSERACE-IL09-26-D,1.0,2026-02-27 00:00:00+00:00,KXHOUSERACE,other,614,150.0
382,KXHOUSERACE-NC12-26-D,0.0,2026-02-27 00:00:00+00:00,KXHOUSERACE,other,614,
382,KXHOUSERACE-GA12-26-D,0.0,2026-02-27 00:00:00+00:00,KXHOUSERACE,other,614,
382,KXHOUSERACE-TX03-26-D,0.0,2026-02-27 00:00:00+00:00,KXHOUSERACE,other,614,
382,KXHOUSERACE-SC02-26-D,0.0,2026-02-27 00:00:00+00:00,KXHOUSERACE,other,614,
382,KXHOUSERACE-WV02-26-D,0.0,2026-02-27 00:00:00+00:00,KXHOUSERACE,other,614,
382,KXHOUSERACE-GA05-26-D,0.0,2026-02-27 00:00:00+00:00,KXHOUSERACE,other,614,
382,KXHOUSERACE-NE03-26-D,0.0,2026-02-27 00:00:00+00:00,KXHOUSERACE,other,614,
382,KXHOUSERACE-FL04-26-D,0.0,2026-02-27 00:00:00+00:00,KXHOUSERACE,other,614,
382,KXHOUSERACE-IN05-26-D,0.0,2026-02-27 00:00:00+00:00,KXHOUSERACE,other,614,
382,KXHOUSERACE-VA09-26-D,0.0,2026-02-27 00:00:00+00:00,KXHOUSERACE,other,614,
383,KXHOUSERACE-IL13-26-D,1.0,2026-02-27 00:00:00+00:00,KXHOUSERACE,other,614,300.0
383,KXHOUSERACE-NC12-26-R,0.0,2026-02-27 00:00:00+00:00,KXHOUSERACE,other,614,
383,KXHOUSERACE-CA36-26-R,0.0,2026-02-27 00:00:00+00:00,KXHOUSERACE,other,614,
383,KXHOUSERACE-TX18-26-D,0.0,2026-02-27 00:00:00+00:00,KXHOUSERACE,other,614,
383,KXHOUSERACE-NDAL-26-D,0.0,2026-02-27 00:00:00+00:00,KXHOUSERACE,other,614,
383,KXHOUSERACE-CA08-26-R,0.0,2026-02-27 00:00:00+00:00,KXHOUSERACE,other,614,
383,KXHOUSERACE-CA30-26-R,0.0,2026-02-27 00:00:00+00:00,KXHOUSERACE,other,614,
383,KXHOUSERACE-IL01-26-R,0.0,2026-02-27 00:00:00+00:00,KXHOUSERACE,other,614,
383,KXHOUSERACE-DEAL-26-D,0.0,2026-02-27 00:00:00+00:00,KXHOUSERACE,other,614,
383,KXHOUSERACE-IL07-26-D,0.0,2026-02-27 00:00:00+00:00,KXHOUSERACE,other,614,
383,KXHOUSERACE-KS04-26-R,0.0,2026-02-27 00:00:00+00:00,KXHOUSERACE,other,614,
384,KXHOUSERACE-IN08-26-R,1.0,2026-02-27 00:00:00+00:00,KXHOUSERACE,other,614,150.0
384,KXHOUSERACE-FL11-26-D,0.0,2026-02-27 00:00:00+00:00,KXHOUSERACE,other,614,
384,KXHOUSERACE-KY05-26-D,0.0,2026-02-27 00:00:00+00:00,KXHOUSERACE,other,614,
384,KXHOUSERACE-IA04-26-D,0.0,2026-02-27 00:00:00+00:00,KXHOUSERACE,other,614,
384,KXHOUSERACE-TX13-26-D,0.0,2026-02-27 00:00:00+00:00,KXHOUSERACE,other,614,
384,KXHOUSERACE-NC12-26-R,0.0,2026-02-27 00:00:00+00:00,KXHOUSERACE,other,614,
384,KXHOUSERACE-AZ07-26-D,0.0,2026-02-27 00:00:00+00:00,KXHOUSERACE,other,614,
384,KXHOUSERACE-CA36-26-R,0.0,2026-02-27 00:00:00+00:00,KXHOUSERACE,other,614,
384,KXHOUSERACE-TX18-26-R,0.0,2026-02-27 00:00:00+00:00,KXHOUSERACE,other,614,
384,KXHOUSERACE-WI07-26-D,0.0,2026-02-27 00:00:00+00:00,KXHOUSERACE,other,614,
384,KXHOUSERACE-TX18-26-D,0.0,2026-02-27 00:00:00+00:00,KXHOUSERACE,other,614,
385,KXHOUSERACE-IN09-26-R,1.0,2026-02-27 00:00:00+00:00,KXHOUSERACE,other,614,150.0
385,KXHOUSERACE-LA06-26-D,0.0,2026-02-27 00:00:00+00:00,KXHOUSERACE,other,614,
385,KXHOUSERACE-MD07-26-D,0.0,2026-02-27 00:00:00+00:00,KXHOUSERACE,other,614,
385,KXHOUSERACE-MI05-26-R,0.0,2026-02-27 00:00:00+00:00,KXHOUSERACE,other,614,
385,KXHOUSERACE-NY14-26-D,0.0,2026-02-27 00:00:00+00:00,KXHOUSERACE,other,614,
385,KXHOUSERACE-RI02-26-D,0.0,2026-02-27 00:00:00+00:00,KXHOUSERACE,other,614,
385,KXHOUSERACE-OH02-26-D,0.0,2026-02-27 00:00:00+00:00,KXHOUSERACE,other,614,
385,KXHOUSERACE-PA12-26-R,0.0,2026-02-27 00:00:00+00:00,KXHOUSERACE,other,614,
385,KXHOUSERACE-TN02-26-D,0.0,2026-02-27 00:00:00+00:00,KXHOUSERACE,other,614,
385,KXHOUSERACE-TX36-26-D,0.0,2026-02-27 00:00:00+00:00,KXHOUSERACE,other,614,
385,KXHOUSERACE-CA39-26-R,0.0,2026-02-27 00:00:00+00:00,KXHOUSERACE,other,614,
386,KXHOUSERACE-LA05-26-R,1.0,2026-02-27 00:00:00+00:00,KXHOUSERACE,other,614,150.0
386,KXHOUSERACE-LA06-26-D,0.0,2026-02-27 00:00:00+00:00,KXHOUSERACE,other,614,
386,KXHOUSERACE-MD07-26-D,0.0,2026-02-27 00:00:00+00:00,KXHOUSERACE,other,614,
386,KXHOUSERACE-MI05-26-R,0.0,2026-02-27 00:00:00+00:00,KXHOUSERACE,other,614,
386,KXHOUSERACE-NY14-26-D,0.0,2026-02-27 00:00:00+00:00,KXHOUSERACE,other,614,
386,KXHOUSERACE-RI02-26-D,0.0,2026-02-27 00:00:00+00:00,KXHOUSERACE,other,614,
386,KXHOUSERACE-OH02-26-D,0.0,2026-02-27 00:00:00+00:00,KXHOUSERACE,other,614,
386,KXHOUSERACE-PA12-26-R,0.0,2026-02-27 00:00:00+00:00,KXHOUSERACE,other,614,
386,KXHOUSERACE-TN02-26-D,0.0,2026-02-27 00:00:00+00:00,KXHOUSERACE,other,614,
386,KXHOUSERACE-TX36-26-D,0.0,2026-02-27 00:00:00+00:00,KXHOUSERACE,other,614,
386,KXHOUSERACE-CA39-26-R,0.0,2026-02-27 00:00:00+00:00,KXHOUSERACE,other,614,
387,KXHOUSERACE-MI02-26-R,1.0,2026-02-27 00:00:00+00:00,KXHOUSERACE,other,614,150.0
387,KXHOUSERACE-WI07-26-R,0.0,2026-02-27 00:00:00+00:00,KXHOUSERACE,other,614,
387,KXHOUSERACE-TN09-26-D,0.0,2026-02-27 00:00:00+00:00,KXHOUSERACE,other,614,
387,KXHOUSERACE-GA01-26-D,0.0,2026-02-27 00:00:00+00:00,KXHOUSERACE,other,614,
387,KXHOUSERACE-MN05-26-R,0.0,2026-02-27 00:00:00+00:00,KXHOUSERACE,other,614,
387,KXHOUSERACE-NDAL-26-R,0.0,2026-02-27 00:00:00+00:00,KXHOUSERACE,other,614,
387,KXHOUSERACE-FL21-26-R,0.0,2026-02-27 00:00:00+00:00,KXHOUSERACE,other,614,
387,KXHOUSERACE-GA04-26-D,0.0,2026-02-27 00:00:00+00:00,KXHOUSERACE,other,614,
387,KXHOUSERACE-NJ11-26-R,0.0,2026-02-27 00:00:00+00:00,KXHOUSERACE,other,614,
387,KXHOUSERACE-NJ04-26-D,0.0,2026-02-27 00:00:00+00:00,KXHOUSERACE,other,614,
387,KXHOUSERACE-OR04-26-D,0.0,2026-02-27 00:00:00+00:00,KXHOUSERACE,other,614,
388,KXHOUSERACE-MI09-26-R,1.0,2026-02-27 00:00:00+00:00,KXHOUSERACE,other,614,450.0
388,KXHOUSERACE-LA06-26-D,0.0,2026-02-27 00:00:00+00:00,KXHOUSERACE,other,614,
388,KXHOUSERACE-MD07-26-D,0.0,2026-02-27 00:00:00+00:00,KXHOUSERACE,other,614,
388,KXHOUSERACE-MI05-26-R,0.0,2026-02-27 00:00:00+00:00,KXHOUSERACE,other,614,
388,KXHOUSERACE-NY14-26-D,0.0,2026-02-27 00:00:00+00:00,KXHOUSERACE,other,614,
388,KXHOUSERACE-RI02-26-D,0.0,2026-02-27 00:00:00+00:00,KXHOUSERACE,other,614,
388,KXHOUSERACE-OH02-26-D,0.0,2026-02-27 00:00:00+00:00,KXHOUSERACE,other,614,
388,KXHOUSERACE-PA12-26-R,0.0,2026-02-27 00:00:00+00:00,KXHOUSERACE,other,614,
388,KXHOUSERACE-TN02-26-D,0.0,2026-02-27 00:00:00+00:00,KXHOUSERACE,other,614,
388,KXHOUSERACE-TX36-26-D,0.0,2026-02-27 00:00:00+00:00,KXHOUSERACE,other,614,
388,KXHOUSERACE-CA39-26-R,0.0,2026-02-27 00:00:00+00:00,KXHOUSERACE,other,614,
389,KXHOUSERACE-MO02-26-D,1.0,2026-02-27 00:00:00+00:00,KXHOUSERACE,other,614,150.0
389,KXHOUSERACE-IL15-26-R,0.0,2026-02-27 00:00:00+00:00,KXHOUSERACE,other,614,
389,KXHOUSERACE-NJ04-26-D,0.0,2026-02-27 00:00:00+00:00,KXHOUSERACE,other,614,
389,KXHOUSERACE-NJ11-26-R,0.0,2026-02-27 00:00:00+00:00,KXHOUSERACE,other,614,
389,KXHOUSERACE-WA09-26-D,0.0,2026-02-27 00:00:00+00:00,KXHOUSERACE,other,614,
389,KXHOUSERACE-GA04-26-D,0.0,2026-02-27 00:00:00+00:00,KXHOUSERACE,other,614,
389,KXHOUSERACE-FL21-26-R,0.0,2026-02-27 00:00:00+00:00,KXHOUSERACE,other,614,
389,KXHOUSERACE-MN05-26-R,0.0,2026-02-27 00:00:00+00:00,KXHOUSERACE,other,614,
389,KXHOUSERACE-NDAL-26-R,0.0,2026-02-27 00:00:00+00:00,KXHOUSERACE,other,614,
389,KXHOUSERACE-GA01-26-D,0.0,2026-02-27 00:00:00+00:00,KXHOUSERACE,other,614,
389,KXHOUSERACE-CA20-26-R,0.0,2026-02-27 00:00:00+00:00,KXHOUSERACE,other,614,
390,KXHOUSERACE-MS01-26-R,1.0,2026-02-27 00:00:00+00:00,KXHOUSERACE,other,614,150.0
390,KXHOUSERACE-DEAL-26-D,0.0,2026-02-27 00:00:00+00:00,KXHOUSERACE,other,614,
390,KXHOUSERACE-IL07-26-D,0.0,2026-02-27 00:00:00+00:00,KXHOUSERACE,other,614,
390,KXHOUSERACE-KS04-26-R,0.0,2026-02-27 00:00:00+00:00,KXHOUSERACE,other,614,
390,KXHOUSERACE-LA03-26-R,0.0,2026-02-27 00:00:00+00:00,KXHOUSERACE,other,614,
390,KXHOUSERACE-LA04-26-R,0.0,2026-02-27 00:00:00+00:00,KXHOUSERACE,other,614,
390,KXHOUSERACE-MA02-26-D,0.0,2026-02-27 00:00:00+00:00,KXHOUSERACE,other,614,
390,KXHOUSERACE-MA03-26-D,0.0,2026-02-27 00:00:00+00:00,KXHOUSERACE,other,614,
390,KXHOUSERACE-MA04-26-D,0.0,2026-02-27 00:00:00+00:00,KXHOUSERACE,other,614,
390,KXHOUSERACE-MA05-26-D,0.0,2026-02-27 00:00:00+00:00,KXHOUSERACE,other,614,
390,KXHOUSERACE-MA08-26-D,0.0,2026-02-27 00:00:00+00:00,KXHOUSERACE,other,614,
391,KXHOUSERACE-MS02-26-D,1.0,2026-02-27 00:00:00+00:00,KXHOUSERACE,other,614,300.0
391,KXHOUSERACE-DEAL-26-D,0.0,2026-02-27 00:00:00+00:00,KXHOUSERACE,other,614,
391,KXHOUSERACE-IL07-26-D,0.0,2026-02-27 00:00:00+00:00,KXHOUSERACE,other,614,
391,KXHOUSERACE-KS04-26-R,0.0,2026-02-27 00:00:00+00:00,KXHOUSERACE,other,614,
391,KXHOUSERACE-LA03-26-R,0.0,2026-02-27 00:00:00+00:00,KXHOUSERACE,other,614,
391,KXHOUSERACE-LA04-26-R,0.0,2026-02-27 00:00:00+00:00,KXHOUSERACE,other,614,
391,KXHOUSERACE-MA02-26-D,0.0,2026-02-27 00:00:00+00:00,KXHOUSERACE,other,614,
391,KXHOUSERACE-MA03-26-D,0.0,2026-02-27 00:00:00+00:00,KXHOUSERACE,other,614,
391,KXHOUSERACE-MA04-26-D,0.0,2026-02-27 00:00:00+00:00,KXHOUSERACE,other,614,
391,KXHOUSERACE-MA05-26-D,0.0,2026-02-27 00:00:00+00:00,KXHOUSERACE,other,614,
391,KXHOUSERACE-MA08-26-D,0.0,2026-02-27 00:00:00+00:00,KXHOUSERACE,other,614,
392,KXHOUSERACE-MS04-26-R,1.0,2026-02-27 00:00:00+00:00,KXHOUSERACE,other,614,150.0
392,KXHOUSERACE-DEAL-26-D,0.0,2026-02-27 00:00:00+00:00,KXHOUSERACE,other,614,
392,KXHOUSERACE-IL07-26-D,0.0,2026-02-27 00:00:00+00:00,KXHOUSERACE,other,614,
392,KXHOUSERACE-KS04-26-R,0.0,2026-02-27 00:00:00+00:00,KXHOUSERACE,other,614,
392,KXHOUSERACE-LA03-26-R,0.0,2026-02-27 00:00:00+00:00,KXHOUSERACE,other,614,
392,KXHOUSERACE-LA04-26-R,0.0,2026-02-27 00:00:00+00:00,KXHOUSERACE,other,614,
392,KXHOUSERACE-MA02-26-D,0.0,2026-02-27 00:00:00+00:00,KXHOUSERACE,other,614,
392,KXHOUSERACE-MA03-26-D,0.0,2026-02-27 00:00:00+00:00,KXHOUSERACE,other,614,
392,KXHOUSERACE-MA04-26-D,0.0,2026-02-27 00:00:00+00:00,KXHOUSERACE,other,614,
392,KXHOUSERACE-MA05-26-D,0.0,2026-02-27 00:00:00+00:00,KXHOUSERACE,other,614,
392,KXHOUSERACE-MA08-26-D,0.0,2026-02-27 00:00:00+00:00,KXHOUSERACE,other,614,
393,KXHOUSERACE-MT02-26-R,1.0,2026-02-27 00:00:00+00:00,KXHOUSERACE,other,614,150.0
393,KXHOUSERACE-SC02-26-D,0.0,2026-02-27 00:00:00+00:00,KXHOUSERACE,other,614,
393,KXHOUSERACE-NC12-26-D,0.0,2026-02-27 00:00:00+00:00,KXHOUSERACE,other,614,
393,KXHOUSERACE-GA12-26-D,0.0,2026-02-27 00:00:00+00:00,KXHOUSERACE,other,614,
393,KXHOUSERACE-TX03-26-D,0.0,2026-02-27 00:00:00+00:00,KXHOUSERACE,other,614,
393,KXHOUSERACE-WV02-26-D,0.0,2026-02-27 00:00:00+00:00,KXHOUSERACE,other,614,
393,KXHOUSERACE-FL04-26-D,0.0,2026-02-27 00:00:00+00:00,KXHOUSERACE,other,614,
393,KXHOUSERACE-GA05-26-D,0.0,2026-02-27 00:00:00+00:00,KXHOUSERACE,other,614,
393,KXHOUSERACE-NE03-26-D,0.0,2026-02-27 00:00:00+00:00,KXHOUSERACE,other,614,
393,KXHOUSERACE-VA09-26-D,0.0,2026-02-27 00:00:00+00:00,KXHOUSERACE,other,614,
393,KXHOUSERACE-IN05-26-D,0.0,2026-02-27 00:00:00+00:00,KXHOUSERACE,other,614,
394,KXHOUSERACE-NC02-26-D,1.0,2026-02-27 00:00:00+00:00,KXHOUSERACE,other,614,150.0
394,KXHOUSERACE-MD06-26-D,0.0,2026-02-27 00:00:00+00:00,KXHOUSERACE,other,614,
394,KXHOUSERACE-TX06-26-D,0.0,2026-02-27 00:00:00+00:00,KXHOUSERACE,other,614,
394,KXHOUSERACE-TN04-26-D,0.0,2026-02-27 00:00:00+00:00,KXHOUSERACE,other,614,
394,KXHOUSERACE-MO03-26-R,0.0,2026-02-27 00:00:00+00:00,KXHOUSERACE,other,614,
394,KXHOUSERACE-TX04-26-D,0.0,2026-02-27 00:00:00+00:00,KXHOUSERACE,other,614,
394,KXHOUSERACE-KS01-26-R,0.0,2026-02-27 00:00:00+00:00,KXHOUSERACE,other,614,
394,KXHOUSERACE-MA01-26-D,0.0,2026-02-27 00:00:00+00:00,KXHOUSERACE,other,614,
394,KXHOUSERACE-SDAL-26-R,0.0,2026-02-27 00:00:00+00:00,KXHOUSERACE,other,614,
394,KXHOUSERACE-WYAL-26-R,0.0,2026-02-27 00:00:00+00:00,KXHOUSERACE,other,614,
394,KXHOUSERACE-NJ01-26-R,0.0,2026-02-27 00:00:00+00:00,KXHOUSERACE,other,614,
395,KXHOUSERACE-NJ02-26-D,1.0,2026-02-27 00:00:00+00:00,KXHOUSERACE,other,614,150.0
395,KXHOUSERACE-MN01-26-D,0.0,2026-02-27 00:00:00+00:00,KXHOUSERACE,other,614,
395,KXHOUSERACE-FL09-26-D,0.0,2026-02-27 00:00:00+00:00,KXHOUSERACE,other,614,
395,KXHOUSERACE-NY02-26-R,0.0,2026-02-27 00:00:00+00:00,KXHOUSERACE,other,614,
395,KXHOUSERACE-MN01-26-R,0.0,2026-02-27 00:00:00+00:00,KXHOUSERACE,other,614,
395,KXHOUSERACE-FL09-26-R,0.0,2026-02-27 00:00:00+00:00,KXHOUSERACE,other,614,
395,KXHOUSERACE-NY02-26-D,0.0,2026-02-27 00:00:00+00:00,KXHOUSERACE,other,614,
395,KXHOUSERACE-FL14-26-R,0.0,2026-02-27 00:00:00+00:00,KXHOUSERACE,other,614,
395,KXHOUSERACE-DCAL-26-D,0.0,2026-02-27 00:00:00+00:00,KXHOUSERACE,other,614,
395,KXHOUSERACE-DCAL-26-R,0.0,2026-02-27 00:00:00+00:00,KXHOUSERACE,other,614,
395,KXHOUSERACE-FL14-26-D,0.0,2026-02-27 00:00:00+00:00,KXHOUSERACE,other,614,
396,KXHOUSERACE-NJ02-26-R,1.0,2026-02-27 00:00:00+00:00,KXHOUSERACE,other,614,150.0
396,KXHOUSERACE-FL09-26-R,0.0,2026-02-27 00:00:00+00:00,KXHOUSERACE,other,614,
396,KXHOUSERACE-MN01-26-R,0.0,2026-02-27 00:00:00+00:00,KXHOUSERACE,other,614,
396,KXHOUSERACE-NY02-26-R,0.0,2026-02-27 00:00:00+00:00,KXHOUSERACE,other,614,
396,KXHOUSERACE-DCAL-26-D,0.0,2026-02-27 00:00:00+00:00,KXHOUSERACE,other,614,
396,KXHOUSERACE-DCAL-26-R,0.0,2026-02-27 00:00:00+00:00,KXHOUSERACE,other,614,
396,KXHOUSERACE-MN01-26-D,0.0,2026-02-27 00:00:00+00:00,KXHOUSERACE,other,614,
396,KXHOUSERACE-FL09-26-D,0.0,2026-02-27 00:00:00+00:00,KXHOUSERACE,other,614,
396,KXHOUSERACE-NY02-26-D,0.0,2026-02-27 00:00:00+00:00,KXHOUSERACE,other,614,
396,KXHOUSERACE-FL14-26-R,0.0,2026-02-27 00:00:00+00:00,KXHOUSERACE,other,614,
396,KXHOUSERACE-FL14-26-D,0.0,2026-02-27 00:00:00+00:00,KXHOUSERACE,other,614,
397,KXHOUSERACE-NY13-26-D,1.0,2026-02-27 00:00:00+00:00,KXHOUSERACE,other,614,150.0
397,KXHOUSERACE-DEAL-26-D,0.0,2026-02-27 00:00:00+00:00,KXHOUSERACE,other,614,
397,KXHOUSERACE-IL07-26-D,0.0,2026-02-27 00:00:00+00:00,KXHOUSERACE,other,614,
397,KXHOUSERACE-KS04-26-R,0.0,2026-02-27 00:00:00+00:00,KXHOUSERACE,other,614,
397,KXHOUSERACE-LA03-26-R,0.0,2026-02-27 00:00:00+00:00,KXHOUSERACE,other,614,
397,KXHOUSERACE-LA04-26-R,0.0,2026-02-27 00:00:00+00:00,KXHOUSERACE,other,614,
397,KXHOUSERACE-MA02-26-D,0.0,2026-02-27 00:00:00+00:00,KXHOUSERACE,other,614,
397,KXHOUSERACE-MA03-26-D,0.0,2026-02-27 00:00:00+00:00,KXHOUSERACE,other,614,
397,KXHOUSERACE-MA04-26-D,0.0,2026-02-27 00:00:00+00:00,KXHOUSERACE,other,614,
397,KXHOUSERACE-MA05-26-D,0.0,2026-02-27 00:00:00+00:00,KXHOUSERACE,other,614,
397,KXHOUSERACE-MA08-26-D,0.0,2026-02-27 00:00:00+00:00,KXHOUSERACE,other,614,
398,KXHOUSERACE-NY25-26-D,1.0,2026-02-27 00:00:00+00:00,KXHOUSERACE,other,614,150.0
398,KXHOUSERACE-DEAL-26-D,0.0,2026-02-27 00:00:00+00:00,KXHOUSERACE,other,614,
398,KXHOUSERACE-IL07-26-D,0.0,2026-02-27 00:00:00+00:00,KXHOUSERACE,other,614,
398,KXHOUSERACE-KS04-26-R,0.0,2026-02-27 00:00:00+00:00,KXHOUSERACE,other,614,
398,KXHOUSERACE-LA03-26-R,0.0,2026-02-27 00:00:00+00:00,KXHOUSERACE,other,614,
398,KXHOUSERACE-LA04-26-R,0.0,2026-02-27 00:00:00+00:00,KXHOUSERACE,other,614,
398,KXHOUSERACE-MA02-26-D,0.0,2026-02-27 00:00:00+00:00,KXHOUSERACE,other,614,
398,KXHOUSERACE-MA03-26-D,0.0,2026-02-27 00:00:00+00:00,KXHOUSERACE,other,614,
398,KXHOUSERACE-MA04-26-D,0.0,2026-02-27 00:00:00+00:00,KXHOUSERACE,other,614,
398,KXHOUSERACE-MA05-26-D,0.0,2026-02-27 00:00:00+00:00,KXHOUSERACE,other,614,
398,KXHOUSERACE-MA08-26-D,0.0,2026-02-27 00:00:00+00:00,KXHOUSERACE,other,614,
399,KXHOUSERACE-OH03-26-D,1.0,2026-02-27 00:00:00+00:00,KXHOUSERACE,other,614,150.0
399,KXHOUSERACE-DEAL-26-D,0.0,2026-02-27 00:00:00+00:00,KXHOUSERACE,other,614,
399,KXHOUSERACE-IL07-26-D,0.0,2026-02-27 00:00:00+00:00,KXHOUSERACE,other,614,
399,KXHOUSERACE-KS04-26-R,0.0,2026-02-27 00:00:00+00:00,KXHOUSERACE,other,614,
399,KXHOUSERACE-LA03-26-R,0.0,2026-02-27 00:00:00+00:00,KXHOUSERACE,other,614,
399,KXHOUSERACE-LA04-26-R,0.0,2026-02-27 00:00:00+00:00,KXHOUSERACE,other,614,
399,KXHOUSERACE-MA02-26-D,0.0,2026-02-27 00:00:00+00:00,KXHOUSERACE,other,614,
399,KXHOUSERACE-MA03-26-D,0.0,2026-02-27 00:00:00+00:00,KXHOUSERACE,other,614,
399,KXHOUSERACE-MA04-26-D,0.0,2026-02-27 00:00:00+00:00,KXHOUSERACE,other,614,
399,KXHOUSERACE-MA05-26-D,0.0,2026-02-27 00:00:00+00:00,KXHOUSERACE,other,614,
399,KXHOUSERACE-MA08-26-D,0.0,2026-02-27 00:00:00+00:00,KXHOUSERACE,other,614,
400,KXHOUSERACE-OH12-26-R,1.0,2026-02-27 00:00:00+00:00,KXHOUSERACE,other,614,300.0
400,KXHOUSERACE-MO06-26-D,0.0,2026-02-27 00:00:00+00:00,KXHOUSERACE,other,614,
400,KXHOUSERACE-GA07-26-D,0.0,2026-02-27 00:00:00+00:00,KXHOUSERACE,other,614,
400,KXHOUSERACE-KY05-26-R,0.0,2026-02-27 00:00:00+00:00,KXHOUSERACE,other,614,
400,KXHOUSERACE-NJ01-26-D,0.0,2026-02-27 00:00:00+00:00,KXHOUSERACE,other,614,
400,KXHOUSERACE-NJ08-26-R,0.0,2026-02-27 00:00:00+00:00,KXHOUSERACE,other,614,
400,KXHOUSERACE-PA05-26-R,0.0,2026-02-27 00:00:00+00:00,KXHOUSERACE,other,614,
400,KXHOUSERACE-CA20-26-D,0.0,2026-02-27 00:00:00+00:00,KXHOUSERACE,other,614,
400,KXHOUSERACE-TX30-26-R,0.0,2026-02-27 00:00:00+00:00,KXHOUSERACE,other,614,
400,KXHOUSERACE-IL09-26-R,0.0,2026-02-27 00:00:00+00:00,KXHOUSERACE,other,614,
400,KXHOUSERACE-CA17-26-R,0.0,2026-02-27 00:00:00+00:00,KXHOUSERACE,other,614,
401,KXHOUSERACE-OH15-26-R,1.0,2026-02-27 00:00:00+00:00,KXHOUSERACE,other,614,150.0
401,KXHOUSERACE-AL06-26-D,0.0,2026-02-27 00:00:00+00:00,KXHOUSERACE,other,614,
401,KXHOUSERACE-TX12-26-R,0.0,2026-02-27 00:00:00+00:00,KXHOUSERACE,other,614,
401,KXHOUSERACE-AZ08-26-R,0.0,2026-02-27 00:00:00+00:00,KXHOUSERACE,other,614,
401,KXHOUSERACE-MN08-26-D,0.0,2026-02-27 00:00:00+00:00,KXHOUSERACE,other,614,
401,KXHOUSERACE-OH07-26-R,0.0,2026-02-27 00:00:00+00:00,KXHOUSERACE,other,614,
401,KXHOUSERACE-MN07-26-R,0.0,2026-02-27 00:00:00+00:00,KXHOUSERACE,other,614,
401,KXHOUSERACE-OH15-26-D,0.0,2026-02-27 00:00:00+00:00,KXHOUSERACE,other,614,
401,KXHOUSERACE-MD01-26-D,0.0,2026-02-27 00:00:00+00:00,KXHOUSERACE,other,614,
401,KXHOUSERACE-MN06-26-R,0.0,2026-02-27 00:00:00+00:00,KXHOUSERACE,other,614,
401,KXHOUSERACE-FL11-26-R,0.0,2026-02-27 00:00:00+00:00,KXHOUSERACE,other,614,
402,KXHOUSERACE-OK03-26-R,1.0,2026-02-27 00:00:00+00:00,KXHOUSERACE,other,614,150.0
402,KXHOUSERACE-LA06-26-D,0.0,2026-02-27 00:00:00+00:00,KXHOUSERACE,other,614,
402,KXHOUSERACE-MD07-26-D,0.0,2026-02-27 00:00:00+00:00,KXHOUSERACE,other,614,
402,KXHOUSERACE-MI05-26-R,0.0,2026-02-27 00:00:00+00:00,KXHOUSERACE,other,614,
402,KXHOUSERACE-NY14-26-D,0.0,2026-02-27 00:00:00+00:00,KXHOUSERACE,other,614,
402,KXHOUSERACE-RI02-26-D,0.0,2026-02-27 00:00:00+00:00,KXHOUSERACE,other,614,
402,KXHOUSERACE-OH02-26-D,0.0,2026-02-27 00:00:00+00:00,KXHOUSERACE,other,614,
402,KXHOUSERACE-PA12-26-R,0.0,2026-02-27 00:00:00+00:00,KXHOUSERACE,other,614,
402,KXHOUSERACE-TN02-26-D,0.0,2026-02-27 00:00:00+00:00,KXHOUSERACE,other,614,
402,KXHOUSERACE-TX36-26-D,0.0,2026-02-27 00:00:00+00:00,KXHOUSERACE,other,614,
402,KXHOUSERACE-CA39-26-R,0.0,2026-02-27 00:00:00+00:00,KXHOUSERACE,other,614,
403,KXHOUSERACE-OK05-26-R,1.0,2026-02-27 00:00:00+00:00,KXHOUSERACE,other,614,300.0
403,KXHOUSERACE-WYAL-26-R,0.0,2026-02-27 00:00:00+00:00,KXHOUSERACE,other,614,
403,KXHOUSERACE-SDAL-26-R,0.0,2026-02-27 00:00:00+00:00,KXHOUSERACE,other,614,
403,KXHOUSERACE-KS01-26-R,0.0,2026-02-27 00:00:00+00:00,KXHOUSERACE,other,614,
403,KXHOUSERACE-MA01-26-D,0.0,2026-02-27 00:00:00+00:00,KXHOUSERACE,other,614,
403,KXHOUSERACE-PA15-26-D,0.0,2026-02-27 00:00:00+00:00,KXHOUSERACE,other,614,
403,KXHOUSERACE-NJ12-26-R,0.0,2026-02-27 00:00:00+00:00,KXHOUSERACE,other,614,
403,KXHOUSERACE-IN06-26-R,0.0,2026-02-27 00:00:00+00:00,KXHOUSERACE,other,614,
403,KXHOUSERACE-MD06-26-D,0.0,2026-02-27 00:00:00+00:00,KXHOUSERACE,other,614,
403,KXHOUSERACE-TX06-26-D,0.0,2026-02-27 00:00:00+00:00,KXHOUSERACE,other,614,
403,KXHOUSERACE-TN04-26-D,0.0,2026-02-27 00:00:00+00:00,KXHOUSERACE,other,614,
404,KXHOUSERACE-PA03-26-D,1.0,2026-02-27 00:00:00+00:00,KXHOUSERACE,other,614,150.0
404,KXHOUSERACE-NJ06-26-R,0.0,2026-02-27 00:00:00+00:00,KXHOUSERACE,other,614,
404,KXHOUSERACE-AZ03-26-R,0.0,2026-02-27 00:00:00+00:00,KXHOUSERACE,other,614,
404,KXHOUSERACE-CA31-26-R,0.0,2026-02-27 00:00:00+00:00,KXHOUSERACE,other,614,
404,KXHOUSERACE-CA33-26-R,0.0,2026-02-27 00:00:00+00:00,KXHOUSERACE,other,614,
404,KXHOUSERACE-CA35-26-R,0.0,2026-02-27 00:00:00+00:00,KXHOUSERACE,other,614,
404,KXHOUSERACE-CA42-26-R,0.0,2026-02-27 00:00:00+00:00,KXHOUSERACE,other,614,
404,KXHOUSERACE-CA43-26-R,0.0,2026-02-27 00:00:00+00:00,KXHOUSERACE,other,614,
404,KXHOUSERACE-CA44-26-R,0.0,2026-02-27 00:00:00+00:00,KXHOUSERACE,other,614,
404,KXHOUSERACE-CA51-26-R,0.0,2026-02-27 00:00:00+00:00,KXHOUSERACE,other,614,
404,KXHOUSERACE-CT04-26-R,0.0,2026-02-27 00:00:00+00:00,KXHOUSERACE,other,614,
405,KXHOUSERACE-SC06-26-D,1.0,2026-02-27 00:00:00+00:00,KXHOUSERACE,other,614,150.0
405,KXHOUSERACE-DEAL-26-D,0.0,2026-02-27 00:00:00+00:00,KXHOUSERACE,other,614,
405,KXHOUSERACE-IL07-26-D,0.0,2026-02-27 00:00:00+00:00,KXHOUSERACE,other,614,
405,KXHOUSERACE-KS04-26-R,0.0,2026-02-27 00:00:00+00:00,KXHOUSERACE,other,614,
405,KXHOUSERACE-LA03-26-R,0.0,2026-02-27 00:00:00+00:00,KXHOUSERACE,other,614,
405,KXHOUSERACE-LA04-26-R,0.0,2026-02-27 00:00:00+00:00,KXHOUSERACE,other,614,
405,KXHOUSERACE-MA02-26-D,0.0,2026-02-27 00:00:00+00:00,KXHOUSERACE,other,614,
405,KXHOUSERACE-MA03-26-D,0.0,2026-02-27 00:00:00+00:00,KXHOUSERACE,other,614,
405,KXHOUSERACE-MA04-26-D,0.0,2026-02-27 00:00:00+00:00,KXHOUSERACE,other,614,
405,KXHOUSERACE-MA05-26-D,0.0,2026-02-27 00:00:00+00:00,KXHOUSERACE,other,614,
405,KXHOUSERACE-MA08-26-D,0.0,2026-02-27 00:00:00+00:00,KXHOUSERACE,other,614,
406,KXHOUSERACE-TN03-26-R,1.0,2026-02-27 00:00:00+00:00,KXHOUSERACE,other,614,150.0
406,KXHOUSERACE-GA07-26-D,0.0,2026-02-27 00:00:00+00:00,KXHOUSERACE,other,614,
406,KXHOUSERACE-KY05-26-R,0.0,2026-02-27 00:00:00+00:00,KXHOUSERACE,other,614,
406,KXHOUSERACE-MO06-26-D,0.0,2026-02-27 00:00:00+00:00,KXHOUSERACE,other,614,
406,KXHOUSERACE-NJ01-26-D,0.0,2026-02-27 00:00:00+00:00,KXHOUSERACE,other,614,
406,KXHOUSERACE-CA20-26-D,0.0,2026-02-27 00:00:00+00:00,KXHOUSERACE,other,614,
406,KXHOUSERACE-NJ08-26-R,0.0,2026-02-27 00:00:00+00:00,KXHOUSERACE,other,614,
406,KXHOUSERACE-PA05-26-R,0.0,2026-02-27 00:00:00+00:00,KXHOUSERACE,other,614,
406,KXHOUSERACE-TX30-26-R,0.0,2026-02-27 00:00:00+00:00,KXHOUSERACE,other,614,
406,KXHOUSERACE-IL09-26-R,0.0,2026-02-27 00:00:00+00:00,KXHOUSERACE,other,614,
406,KXHOUSERACE-CA46-26-R,0.0,2026-02-27 00:00:00+00:00,KXHOUSERACE,other,614,
407,KXHOUSERACE-TX01-26-R,1.0,2026-02-27 00:00:00+00:00,KXHOUSERACE,other,614,150.0
407,KXHOUSERACE-TN09-26-D,0.0,2026-02-27 00:00:00+00:00,KXHOUSERACE,other,614,
407,KXHOUSERACE-WI07-26-R,0.0,2026-02-27 00:00:00+00:00,KXHOUSERACE,other,614,
407,KXHOUSERACE-OR04-26-D,0.0,2026-02-27 00:00:00+00:00,KXHOUSERACE,other,614,
407,KXHOUSERACE-OH06-26-D,0.0,2026-02-27 00:00:00+00:00,KXHOUSERACE,other,614,
407,KXHOUSERACE-TN07-26-R,0.0,2026-02-27 00:00:00+00:00,KXHOUSERACE,other,614,
407,KXHOUSERACE-CO01-26-R,0.0,2026-02-27 00:00:00+00:00,KXHOUSERACE,other,614,
407,KXHOUSERACE-GA01-26-D,0.0,2026-02-27 00:00:00+00:00,KXHOUSERACE,other,614,
407,KXHOUSERACE-MN05-26-R,0.0,2026-02-27 00:00:00+00:00,KXHOUSERACE,other,614,
407,KXHOUSERACE-NDAL-26-R,0.0,2026-02-27 00:00:00+00:00,KXHOUSERACE,other,614,
407,KXHOUSERACE-FL21-26-R,0.0,2026-02-27 00:00:00+00:00,KXHOUSERACE,other,614,
408,KXHOUSERACE-TX13-26-R,1.0,2026-02-27 00:00:00+00:00,KXHOUSERACE,other,614,300.0
408,KXHOUSERACE-TX30-26-R,0.0,2026-02-27 00:00:00+00:00,KXHOUSERACE,other,614,
408,KXHOUSERACE-PA05-26-R,0.0,2026-02-27 00:00:00+00:00,KXHOUSERACE,other,614,
408,KXHOUSERACE-IL09-26-R,0.0,2026-02-27 00:00:00+00:00,KXHOUSERACE,other,614,
408,KXHOUSERACE-NJ08-26-R,0.0,2026-02-27 00:00:00+00:00,KXHOUSERACE,other,614,
408,KXHOUSERACE-NJ01-26-D,0.0,2026-02-27 00:00:00+00:00,KXHOUSERACE,other,614,
408,KXHOUSERACE-CA17-26-R,0.0,2026-02-27 00:00:00+00:00,KXHOUSERACE,other,614,
408,KXHOUSERACE-FL08-26-D,0.0,2026-02-27 00:00:00+00:00,KXHOUSERACE,other,614,
408,KXHOUSERACE-FL17-26-D,0.0,2026-02-27 00:00:00+00:00,KXHOUSERACE,other,614,
408,KXHOUSERACE-FL19-26-D,0.0,2026-02-27 00:00:00+00:00,KXHOUSERACE,other,614,
408,KXHOUSERACE-SC07-26-D,0.0,2026-02-27 00:00:00+00:00,KXHOUSERACE,other,614,
409,KXHOUSERACE-VA08-26-D,1.0,2026-02-27 00:00:00+00:00,KXHOUSERACE,other,614,150.0
409,KXHOUSERACE-NC08-26-D,0.0,2026-02-27 00:00:00+00:00,KXHOUSERACE,other,614,
409,KXHOUSERACE-OH14-26-D,0.0,2026-02-27 00:00:00+00:00,KXHOUSERACE,other,614,
409,KXHOUSERACE-IL12-26-D,0.0,2026-02-27 00:00:00+00:00,KXHOUSERACE,other,614,
409,KXHOUSERACE-MA06-26-D,0.0,2026-02-27 00:00:00+00:00,KXHOUSERACE,other,614,
409,KXHOUSERACE-PA12-26-D,0.0,2026-02-27 00:00:00+00:00,KXHOUSERACE,other,614,
409,KXHOUSERACE-PA14-26-R,0.0,2026-02-27 00:00:00+00:00,KXHOUSERACE,other,614,
409,KXHOUSERACE-TN02-26-R,0.0,2026-02-27 00:00:00+00:00,KXHOUSERACE,other,614,
409,KXHOUSERACE-TN04-26-R,0.0,2026-02-27 00:00:00+00:00,KXHOUSERACE,other,614,
409,KXHOUSERACE-TN06-26-R,0.0,2026-02-27 00:00:00+00:00,KXHOUSERACE,other,614,
409,KXHOUSERACE-WI02-26-D,0.0,2026-02-27 00:00:00+00:00,KXHOUSERACE,other,614,
410,KXHOUSERACE-VA11-26-D,1.0,2026-02-27 00:00:00+00:00,KXHOUSERACE,other,614,150.0
410,KXHOUSERACE-DEAL-26-D,0.0,2026-02-27 00:00:00+00:00,KXHOUSERACE,other,614,
410,KXHOUSERACE-IL07-26-D,0.0,2026-02-27 00:00:00+00:00,KXHOUSERACE,other,614,
410,KXHOUSERACE-KS04-26-R,0.0,2026-02-27 00:00:00+00:00,KXHOUSERACE,other,614,
410,KXHOUSERACE-LA03-26-R,0.0,2026-02-27 00:00:00+00:00,KXHOUSERACE,other,614,
410,KXHOUSERACE-LA04-26-R,0.0,2026-02-27 00:00:00+00:00,KXHOUSERACE,other,614,
410,KXHOUSERACE-MA02-26-D,0.0,2026-02-27 00:00:00+00:00,KXHOUSERACE,other,614,
410,KXHOUSERACE-MA03-26-D,0.0,2026-02-27 00:00:00+00:00,KXHOUSERACE,other,614,
410,KXHOUSERACE-MA04-26-D,0.0,2026-02-27 00:00:00+00:00,KXHOUSERACE,other,614,
410,KXHOUSERACE-MA05-26-D,0.0,2026-02-27 00:00:00+00:00,KXHOUSERACE,other,614,
410,KXHOUSERACE-MA08-26-D,0.0,2026-02-27 00:00:00+00:00,KXHOUSERACE,other,614,
411,KXLATVIAPARLIAMENT-26DEC31-LPV,1.0,2026-02-27 00:00:00+00:00,KXLATVIAPARLIAMENT,other,672,950.0
411,KXLATVIAPARLIAMENT-26DEC31-PRO,0.0,2026-02-27 00:00:00+00:00,KXLATVIAPARLIAMENT,other,672,
411,KXLATVIAPARLIAMENT-26DEC31-ZZS,0.0,2026-02-27 00:00:00+00:00,KXLATVIAPARLIAMENT,other,672,
411,KXLATVIAPARLIAMENT-26DEC31-AS,0.0,2026-02-27 00:00:00+00:00,KXLATVIAPARLIAMENT,other,672,
411,KXLATVIAPARLIAMENT-26DEC31-S,0.0,2026-02-27 00:00:00+00:00,KXLATVIAPARLIAMENT,other,672,
411,KXLATVIAPARLIAMENT-26DEC31-ST,0.0,2026-02-27 00:00:00+00:00,KXLATVIAPARLIAMENT,other,672,
411,KXLATVIAPARLIAMENT-26DEC31-SV,0.0,2026-02-27 00:00:00+00:00,KXLATVIAPARLIAMENT,other,672,
412,KXLATVIAPARLIAMENT-26DEC31-NA,1.0,2026-02-27 00:00:00+00:00,KXLATVIAPARLIAMENT,other,672,950.0
412,KXLATVIAPARLIAMENT-26DEC31-PRO,0.0,2026-02-27 00:00:00+00:00,KXLATVIAPARLIAMENT,other,672,
412,KXLATVIAPARLIAMENT-26DEC31-ZZS,0.0,2026-02-27 00:00:00+00:00,KXLATVIAPARLIAMENT,other,672,
412,KXLATVIAPARLIAMENT-26DEC31-AS,0.0,2026-02-27 00:00:00+00:00,KXLATVIAPARLIAMENT,other,672,
412,KXLATVIAPARLIAMENT-26DEC31-S,0.0,2026-02-27 00:00:00+00:00,KXLATVIAPARLIAMENT,other,672,
412,KXLATVIAPARLIAMENT-26DEC31-ST,0.0,2026-02-27 00:00:00+00:00,KXLATVIAPARLIAMENT,other,672,
412,KXLATVIAPARLIAMENT-26DEC31-SV,0.0,2026-02-27 00:00:00+00:00,KXLATVIAPARLIAMENT,other,672,
413,KXSLOVAKIAPARLI-27-SMER,1.0,2026-02-27 00:00:00+00:00,KXSLOVAKIAPARLI,other,945,300.0
413,KXSLOVAKIAPARLI-27-HLAS,0.0,2026-02-27 00:00:00+00:00,KXSLOVAKIAPARLI,other,945,
414,KXTRUMPPARDONS-29JAN21-BCJ,1.0,2026-02-27 00:00:00+00:00,KXTRUMPPARDONS,other,1059,150.0
414,KXTRUMPPARDONS-29JAN21-JASS,0.0,2026-02-27 00:00:00+00:00,KXTRUMPPARDONS,other,1059,
414,KXTRUMPPARDONS-29JAN21-SBF,0.0,2026-02-27 00:00:00+00:00,KXTRUMPPARDONS,other,1059,
414,KXTRUMPPARDONS-29JAN21-EADA,0.0,2026-02-27 00:00:00+00:00,KXTRUMPPARDONS,other,1059,
414,KXTRUMPPARDONS-29JAN21-GMAX,0.0,2026-02-27 00:00:00+00:00,KXTRUMPPARDONS,other,1059,
414,KXTRUMPPARDONS-29JAN21-HBID,0.0,2026-02-27 00:00:00+00:00,KXTRUMPPARDONS,other,1059,
414,KXTRUMPPARDONS-29JAN21-ESNO,0.0,2026-02-27 00:00:00+00:00,KXTRUMPPARDONS,other,1059,
414,KXTRUMPPARDONS-29JAN21-PMIC,0.0,2026-02-27 00:00:00+00:00,KXTRUMPPARDONS,other,1059,
414,KXTRUMPPARDONS-29JAN21-DCHA,0.0,2026-02-27 00:00:00+00:00,KXTRUMPPARDONS,other,1059,
414,KXTRUMPPARDONS-29JAN21-JKUS,0.0,2026-02-27 00:00:00+00:00,KXTRUMPPARDONS,other,1059,
414,KXTRUMPPARDONS-29JAN21-DJTR,0.0,2026-02-27 00:00:00+00:00,KXTRUMPPARDONS,other,1059,
416,KXWHVISIT-27-HMAN,1.0,2026-02-27 00:00:00+00:00,KXWHVISIT,other,308,300.0
416,KXWHVISIT-27-VPUT,0.0,2026-02-27 00:00:00+00:00,KXWHVISIT,other,308,
416,KXWHVISIT-27-AALS,0.0,2026-02-27 00:00:00+00:00,KXWHVISIT,other,308,
416,KXWHVISIT-27-BMAH,0.0,2026-02-27 00:00:00+00:00,KXWHVISIT,other,308,
417,KXWITHDRAW-29-OECD,1.0,2026-02-27 00:00:00+00:00,KXWITHDRAW,other,1058,600.0
417,KXWITHDRAW-29-UN,0.0,2026-02-27 00:00:00+00:00,KXWITHDRAW,other,1058,
417,KXWITHDRAW-29-IMF,0.0,2026-02-27 00:00:00+00:00,KXWITHDRAW,other,1058,
417,KXWITHDRAW-29-IDB,0.0,2026-02-27 00:00:00+00:00,KXWITHDRAW,other,1058,
417,KXWITHDRAW-29-IAEA,0.0,2026-02-27 00:00:00+00:00,KXWITHDRAW,other,1058,
417,KXWITHDRAW-29-INTERPOL,0.0,2026-02-27 00:00:00+00:00,KXWITHDRAW,other,1058,
417,KXWITHDRAW-29-WTO,0.0,2026-02-27 00:00:00+00:00,KXWITHDRAW,other,1058,
417,KXWITHDRAW-29-G7,0.0,2026-02-27 00:00:00+00:00,KXWITHDRAW,other,1058,
417,KXWITHDRAW-29-G20,0.0,2026-02-27 00:00:00+00:00,KXWITHDRAW,other,1058,
418,HOUSEAZ2-26-R,1.0,2026-03-09 00:00:00+00:00,HOUSEAZ2,other,604,150.0
418,HOUSEAZ2-26-D,0.0,2026-03-09 00:00:00+00:00,HOUSEAZ2,other,604,
419,HOUSECA45-26-D,1.0,2026-03-09 00:00:00+00:00,HOUSECA45,other,604,350.0
419,HOUSECA45-26-R,0.0,2026-03-09 00:00:00+00:00,HOUSECA45,other,604,
420,HOUSECA49-26-D,1.0,2026-03-09 00:00:00+00:00,HOUSECA49,other,604,150.0
420,HOUSECA49-26-R,0.0,2026-03-09 00:00:00+00:00,HOUSECA49,other,604,
421,KX2028RRUN-28-BDON,1.0,2026-03-09 00:00:00+00:00,KX2028RRUN,other,663,300.0
421,KX2028RRUN-28-MGAE,0.0,2026-03-09 00:00:00+00:00,KX2028RRUN,other,663,
421,KX2028RRUN-28-TUC,0.0,2026-03-09 00:00:00+00:00,KX2028RRUN,other,663,
421,KX2028RRUN-28-TMAS,0.0,2026-03-09 00:00:00+00:00,KX2028RRUN,other,663,
421,KX2028RRUN-28-DJTJR,0.0,2026-03-09 00:00:00+00:00,KX2028RRUN,other,663,
421,KX2028RRUN-28-JVAN,0.0,2026-03-09 00:00:00+00:00,KX2028RRUN,other,663,
421,KX2028RRUN-28-MTAY,0.0,2026-03-09 00:00:00+00:00,KX2028RRUN,other,663,
421,KX2028RRUN-28-ESTE,0.0,2026-03-09 00:00:00+00:00,KX2028RRUN,other,663,
421,KX2028RRUN-28-KBRI,0.0,2026-03-09 00:00:00+00:00,KX2028RRUN,other,663,
421,KX2028RRUN-28-VRAM,0.0,2026-03-09 00:00:00+00:00,KX2028RRUN,other,663,
421,KX2028RRUN-28-DJT,0.0,2026-03-09 00:00:00+00:00,KX2028RRUN,other,663,
422,KX2028RRUN-28-RFK,1.0,2026-03-09 00:00:00+00:00,KX2028RRUN,other,663,300.0
422,KX2028RRUN-28-MGAE,0.0,2026-03-09 00:00:00+00:00,KX2028RRUN,other,663,
422,KX2028RRUN-28-TUC,0.0,2026-03-09 00:00:00+00:00,KX2028RRUN,other,663,
422,KX2028RRUN-28-TMAS,0.0,2026-03-09 00:00:00+00:00,KX2028RRUN,other,663,
422,KX2028RRUN-28-DJTJR,0.0,2026-03-09 00:00:00+00:00,KX2028RRUN,other,663,
422,KX2028RRUN-28-MTAY,0.0,2026-03-09 00:00:00+00:00,KX2028RRUN,other,663,
422,KX2028RRUN-28-VRAM,0.0,2026-03-09 00:00:00+00:00,KX2028RRUN,other,663,
422,KX2028RRUN-28-JVAN,0.0,2026-03-09 00:00:00+00:00,KX2028RRUN,other,663,
422,KX2028RRUN-28-ESTE,0.0,2026-03-09 00:00:00+00:00,KX2028RRUN,other,663,
422,KX2028RRUN-28-KBRI,0.0,2026-03-09 00:00:00+00:00,KX2028RRUN,other,663,
422,KX2028RRUN-28-DJT,0.0,2026-03-09 00:00:00+00:00,KX2028RRUN,other,663,
423,KX2028RRUN-28-SHS,1.0,2026-03-09 00:00:00+00:00,KX2028RRUN,other,663,300.0
423,KX2028RRUN-28-TUC,0.0,2026-03-09 00:00:00+00:00,KX2028RRUN,other,663,
423,KX2028RRUN-28-TMAS,0.0,2026-03-09 00:00:00+00:00,KX2028RRUN,other,663,
423,KX2028RRUN-28-MGAE,0.0,2026-03-09 00:00:00+00:00,KX2028RRUN,other,663,
423,KX2028RRUN-28-DJTJR,0.0,2026-03-09 00:00:00+00:00,KX2028RRUN,other,663,
423,KX2028RRUN-28-MTAY,0.0,2026-03-09 00:00:00+00:00,KX2028RRUN,other,663,
423,KX2028RRUN-28-VRAM,0.0,2026-03-09 00:00:00+00:00,KX2028RRUN,other,663,
423,KX2028RRUN-28-JVAN,0.0,2026-03-09 00:00:00+00:00,KX2028RRUN,other,663,
423,KX2028RRUN-28-ESTE,0.0,2026-03-09 00:00:00+00:00,KX2028RRUN,other,663,
423,KX2028RRUN-28-KBRI,0.0,2026-03-09 00:00:00+00:00,KX2028RRUN,other,663,
423,KX2028RRUN-28-STE,0.0,2026-03-09 00:00:00+00:00,KX2028RRUN,other,663,
424,KXAGNOMAZR-26-RGLA,1.0,2026-03-09 00:00:00+00:00,KXAGNOMAZR,other,135,300.0
424,KXAGNOMAZR-26-GROE,0.0,2026-03-09 00:00:00+00:00,KXAGNOMAZR,other,135,
426,KXBRAZILSENATE-26OCT04-PL,1.0,2026-03-09 00:00:00+00:00,KXBRAZILSENATE,other,574,300.0
426,KXBRAZILSENATE-26OCT04-PT,0.0,2026-03-09 00:00:00+00:00,KXBRAZILSENATE,other,574,
426,KXBRAZILSENATE-26OCT04-UNIAO,0.0,2026-03-09 00:00:00+00:00,KXBRAZILSENATE,other,574,
426,KXBRAZILSENATE-26OCT04-MDB,0.0,2026-03-09 00:00:00+00:00,KXBRAZILSENATE,other,574,
426,KXBRAZILSENATE-26OCT04-PSD,0.0,2026-03-09 00:00:00+00:00,KXBRAZILSENATE,other,574,
427,KXDOMINICANREPUBLICSENATE-28-PRM,1.0,2026-03-09 00:00:00+00:00,KXDOMINICANREPUBLICSENATE,other,1179,600.0
427,KXDOMINICANREPUBLICSENATE-28-PLD,0.0,2026-03-09 00:00:00+00:00,KXDOMINICANREPUBLICSENATE,other,1179,
428,KXENDORSEFISHBACK-26AUG18-MWAL,1.0,2026-03-09 00:00:00+00:00,KXENDORSEFISHBACK,other,162,300.0
428,KXENDORSEFISHBACK-26AUG18-DRUB,0.0,2026-03-09 00:00:00+00:00,KXENDORSEFISHBACK,other,162,
428,KXENDORSEFISHBACK-26AUG18-CRAI,0.0,2026-03-09 00:00:00+00:00,KXENDORSEFISHBACK,other,162,
428,KXENDORSEFISHBACK-26AUG18-DJT,0.0,2026-03-09 00:00:00+00:00,KXENDORSEFISHBACK,other,162,
428,KXENDORSEFISHBACK-26AUG18-JUTH,0.0,2026-03-09 00:00:00+00:00,KXENDORSEFISHBACK,other,162,
428,KXENDORSEFISHBACK-26AUG18-LLOO,0.0,2026-03-09 00:00:00+00:00,KXENDORSEFISHBACK,other,162,
429,KXFIRSTPRIMARYD-28-SC,1.0,2026-03-09 00:00:00+00:00,KXFIRSTPRIMARYD,other,159,150.0
429,KXFIRSTPRIMARYD-28-IA,0.0,2026-03-09 00:00:00+00:00,KXFIRSTPRIMARYD,other,159,
429,KXFIRSTPRIMARYD-28-DE,0.0,2026-03-09 00:00:00+00:00,KXFIRSTPRIMARYD,other,159,
429,KXFIRSTPRIMARYD-28-NC,0.0,2026-03-09 00:00:00+00:00,KXFIRSTPRIMARYD,other,159,
429,KXFIRSTPRIMARYD-28-NM,0.0,2026-03-09 00:00:00+00:00,KXFIRSTPRIMARYD,other,159,
429,KXFIRSTPRIMARYD-28-TN,0.0,2026-03-09 00:00:00+00:00,KXFIRSTPRIMARYD,other,159,
429,KXFIRSTPRIMARYD-28-VA,0.0,2026-03-09 00:00:00+00:00,KXFIRSTPRIMARYD,other,159,
429,KXFIRSTPRIMARYD-28-MI,0.0,2026-03-09 00:00:00+00:00,KXFIRSTPRIMARYD,other,159,
429,KXFIRSTPRIMARYD-28-GA,0.0,2026-03-09 00:00:00+00:00,KXFIRSTPRIMARYD,other,159,
429,KXFIRSTPRIMARYD-28-IL,0.0,2026-03-09 00:00:00+00:00,KXFIRSTPRIMARYD,other,159,
430,KXHOUSEIN7-26-D,1.0,2026-03-09 00:00:00+00:00,KXHOUSEIN7,other,604,150.0
430,KXHOUSEIN7-26-R,0.0,2026-03-09 00:00:00+00:00,KXHOUSEIN7,other,604,
431,KXHOUSERACE-CA15-26-D,1.0,2026-03-09 00:00:00+00:00,KXHOUSERACE,other,604,150.0
431,KXHOUSERACE-CA10-26-D,0.0,2026-03-09 00:00:00+00:00,KXHOUSERACE,other,604,
431,KXHOUSERACE-KS01-26-R,0.0,2026-03-09 00:00:00+00:00,KXHOUSERACE,other,604,
431,KXHOUSERACE-MA01-26-D,0.0,2026-03-09 00:00:00+00:00,KXHOUSERACE,other,604,
431,KXHOUSERACE-NY07-26-D,0.0,2026-03-09 00:00:00+00:00,KXHOUSERACE,other,604,
431,KXHOUSERACE-NY08-26-D,0.0,2026-03-09 00:00:00+00:00,KXHOUSERACE,other,604,
431,KXHOUSERACE-OH04-26-R,0.0,2026-03-09 00:00:00+00:00,KXHOUSERACE,other,604,
431,KXHOUSERACE-TX16-26-D,0.0,2026-03-09 00:00:00+00:00,KXHOUSERACE,other,604,
431,KXHOUSERACE-DEAL-26-D,0.0,2026-03-09 00:00:00+00:00,KXHOUSERACE,other,604,
431,KXHOUSERACE-LA03-26-R,0.0,2026-03-09 00:00:00+00:00,KXHOUSERACE,other,604,
431,KXHOUSERACE-LA04-26-R,0.0,2026-03-09 00:00:00+00:00,KXHOUSERACE,other,604,
432,KXHOUSERACE-CA33-26-D,1.0,2026-03-09 00:00:00+00:00,KXHOUSERACE,other,604,150.0
432,KXHOUSERACE-AZ03-26-D,0.0,2026-03-09 00:00:00+00:00,KXHOUSERACE,other,604,
432,KXHOUSERACE-NY08-26-R,0.0,2026-03-09 00:00:00+00:00,KXHOUSERACE,other,604,
432,KXHOUSERACE-PA14-26-D,0.0,2026-03-09 00:00:00+00:00,KXHOUSERACE,other,604,
432,KXHOUSERACE-VTAL-26-D,0.0,2026-03-09 00:00:00+00:00,KXHOUSERACE,other,604,
432,KXHOUSERACE-WA02-26-D,0.0,2026-03-09 00:00:00+00:00,KXHOUSERACE,other,604,
432,KXHOUSERACE-WV02-26-D,0.0,2026-03-09 00:00:00+00:00,KXHOUSERACE,other,604,
432,KXHOUSERACE-FL21-26-R,0.0,2026-03-09 00:00:00+00:00,KXHOUSERACE,other,604,
432,KXHOUSERACE-TX22-26-D,0.0,2026-03-09 00:00:00+00:00,KXHOUSERACE,other,604,
432,KXHOUSERACE-FL04-26-D,0.0,2026-03-09 00:00:00+00:00,KXHOUSERACE,other,604,
432,KXHOUSERACE-TX25-26-D,0.0,2026-03-09 00:00:00+00:00,KXHOUSERACE,other,604,
433,KXHOUSERACE-CA52-26-D,1.0,2026-03-09 00:00:00+00:00,KXHOUSERACE,other,604,150.0
433,KXHOUSERACE-NJ11-26-R,0.0,2026-03-09 00:00:00+00:00,KXHOUSERACE,other,604,
433,KXHOUSERACE-IL08-26-R,0.0,2026-03-09 00:00:00+00:00,KXHOUSERACE,other,604,
433,KXHOUSERACE-TX18-26-D,0.0,2026-03-09 00:00:00+00:00,KXHOUSERACE,other,604,
433,KXHOUSERACE-IL11-26-D,0.0,2026-03-09 00:00:00+00:00,KXHOUSERACE,other,604,
433,KXHOUSERACE-KY05-26-D,0.0,2026-03-09 00:00:00+00:00,KXHOUSERACE,other,604,
433,KXHOUSERACE-PA12-26-R,0.0,2026-03-09 00:00:00+00:00,KXHOUSERACE,other,604,
433,KXHOUSERACE-TN04-26-D,0.0,2026-03-09 00:00:00+00:00,KXHOUSERACE,other,604,
433,KXHOUSERACE-AL01-26-R,0.0,2026-03-09 00:00:00+00:00,KXHOUSERACE,other,604,
433,KXHOUSERACE-CA35-26-D,0.0,2026-03-09 00:00:00+00:00,KXHOUSERACE,other,604,
433,KXHOUSERACE-CA43-26-D,0.0,2026-03-09 00:00:00+00:00,KXHOUSERACE,other,604,
434,KXHOUSERACE-GA06-26-D,1.0,2026-03-09 00:00:00+00:00,KXHOUSERACE,other,604,150.0
434,KXHOUSERACE-AL01-26-R,0.0,2026-03-09 00:00:00+00:00,KXHOUSERACE,other,604,
434,KXHOUSERACE-CA35-26-D,0.0,2026-03-09 00:00:00+00:00,KXHOUSERACE,other,604,
434,KXHOUSERACE-CA43-26-D,0.0,2026-03-09 00:00:00+00:00,KXHOUSERACE,other,604,
434,KXHOUSERACE-HI01-26-D,0.0,2026-03-09 00:00:00+00:00,KXHOUSERACE,other,604,
434,KXHOUSERACE-PA12-26-R,0.0,2026-03-09 00:00:00+00:00,KXHOUSERACE,other,604,
434,KXHOUSERACE-TN04-26-D,0.0,2026-03-09 00:00:00+00:00,KXHOUSERACE,other,604,
434,KXHOUSERACE-KY05-26-D,0.0,2026-03-09 00:00:00+00:00,KXHOUSERACE,other,604,
434,KXHOUSERACE-CA28-26-R,0.0,2026-03-09 00:00:00+00:00,KXHOUSERACE,other,604,
434,KXHOUSERACE-FL11-26-D,0.0,2026-03-09 00:00:00+00:00,KXHOUSERACE,other,604,
434,KXHOUSERACE-IL11-26-D,0.0,2026-03-09 00:00:00+00:00,KXHOUSERACE,other,604,
435,KXHOUSERACE-GA09-26-R,1.0,2026-03-09 00:00:00+00:00,KXHOUSERACE,other,604,150.0
435,KXHOUSERACE-AL01-26-R,0.0,2026-03-09 00:00:00+00:00,KXHOUSERACE,other,604,
435,KXHOUSERACE-CA35-26-D,0.0,2026-03-09 00:00:00+00:00,KXHOUSERACE,other,604,
435,KXHOUSERACE-CA43-26-D,0.0,2026-03-09 00:00:00+00:00,KXHOUSERACE,other,604,
435,KXHOUSERACE-HI01-26-D,0.0,2026-03-09 00:00:00+00:00,KXHOUSERACE,other,604,
435,KXHOUSERACE-PA12-26-R,0.0,2026-03-09 00:00:00+00:00,KXHOUSERACE,other,604,
435,KXHOUSERACE-TN04-26-D,0.0,2026-03-09 00:00:00+00:00,KXHOUSERACE,other,604,
435,KXHOUSERACE-KY05-26-D,0.0,2026-03-09 00:00:00+00:00,KXHOUSERACE,other,604,
435,KXHOUSERACE-CA28-26-R,0.0,2026-03-09 00:00:00+00:00,KXHOUSERACE,other,604,
435,KXHOUSERACE-FL11-26-D,0.0,2026-03-09 00:00:00+00:00,KXHOUSERACE,other,604,
435,KXHOUSERACE-IL11-26-D,0.0,2026-03-09 00:00:00+00:00,KXHOUSERACE,other,604,
436,KXHOUSERACE-IL06-26-D,1.0,2026-03-09 00:00:00+00:00,KXHOUSERACE,other,604,150.0
436,KXHOUSERACE-IL02-26-D,0.0,2026-03-09 00:00:00+00:00,KXHOUSERACE,other,604,
436,KXHOUSERACE-CO07-26-R,0.0,2026-03-09 00:00:00+00:00,KXHOUSERACE,other,604,
436,KXHOUSERACE-MD03-26-R,0.0,2026-03-09 00:00:00+00:00,KXHOUSERACE,other,604,
436,KXHOUSERACE-MO03-26-D,0.0,2026-03-09 00:00:00+00:00,KXHOUSERACE,other,604,
436,KXHOUSERACE-TN07-26-D,0.0,2026-03-09 00:00:00+00:00,KXHOUSERACE,other,604,
436,KXHOUSERACE-PA16-26-D,0.0,2026-03-09 00:00:00+00:00,KXHOUSERACE,other,604,
436,KXHOUSERACE-NC02-26-R,0.0,2026-03-09 00:00:00+00:00,KXHOUSERACE,other,604,
436,KXHOUSERACE-CA51-26-D,0.0,2026-03-09 00:00:00+00:00,KXHOUSERACE,other,604,
436,KXHOUSERACE-ID01-26-R,0.0,2026-03-09 00:00:00+00:00,KXHOUSERACE,other,604,
436,KXHOUSERACE-IL04-26-D,0.0,2026-03-09 00:00:00+00:00,KXHOUSERACE,other,604,
437,KXHOUSERACE-KS02-26-R,1.0,2026-03-09 00:00:00+00:00,KXHOUSERACE,other,604,150.0
437,KXHOUSERACE-WA09-26-D,0.0,2026-03-09 00:00:00+00:00,KXHOUSERACE,other,604,
437,KXHOUSERACE-AR02-26-D,0.0,2026-03-09 00:00:00+00:00,KXHOUSERACE,other,604,
437,KXHOUSERACE-TX14-26-D,0.0,2026-03-09 00:00:00+00:00,KXHOUSERACE,other,604,
437,KXHOUSERACE-NC10-26-D,0.0,2026-03-09 00:00:00+00:00,KXHOUSERACE,other,604,
437,KXHOUSERACE-TX05-26-D,0.0,2026-03-09 00:00:00+00:00,KXHOUSERACE,other,604,
437,KXHOUSERACE-WYAL-26-R,0.0,2026-03-09 00:00:00+00:00,KXHOUSERACE,other,604,
437,KXHOUSERACE-CA01-26-R,0.0,2026-03-09 00:00:00+00:00,KXHOUSERACE,other,604,
437,KXHOUSERACE-TX20-26-R,0.0,2026-03-09 00:00:00+00:00,KXHOUSERACE,other,604,
437,KXHOUSERACE-TX30-26-R,0.0,2026-03-09 00:00:00+00:00,KXHOUSERACE,other,604,
437,KXHOUSERACE-GA04-26-D,0.0,2026-03-09 00:00:00+00:00,KXHOUSERACE,other,604,
438,KXHOUSERACE-LA02-26-D,1.0,2026-03-09 00:00:00+00:00,KXHOUSERACE,other,604,150.0
438,KXHOUSERACE-SC07-26-D,0.0,2026-03-09 00:00:00+00:00,KXHOUSERACE,other,604,
438,KXHOUSERACE-NY20-26-D,0.0,2026-03-09 00:00:00+00:00,KXHOUSERACE,other,604,
438,KXHOUSERACE-AL02-26-R,0.0,2026-03-09 00:00:00+00:00,KXHOUSERACE,other,604,
438,KXHOUSERACE-ID02-26-D,0.0,2026-03-09 00:00:00+00:00,KXHOUSERACE,other,604,
438,KXHOUSERACE-MA01-26-R,0.0,2026-03-09 00:00:00+00:00,KXHOUSERACE,other,604,
438,KXHOUSERACE-MD07-26-D,0.0,2026-03-09 00:00:00+00:00,KXHOUSERACE,other,604,
438,KXHOUSERACE-NY14-26-D,0.0,2026-03-09 00:00:00+00:00,KXHOUSERACE,other,604,
438,KXHOUSERACE-RI02-26-D,0.0,2026-03-09 00:00:00+00:00,KXHOUSERACE,other,604,
438,KXHOUSERACE-MD08-26-D,0.0,2026-03-09 00:00:00+00:00,KXHOUSERACE,other,604,
438,KXHOUSERACE-OK01-26-R,0.0,2026-03-09 00:00:00+00:00,KXHOUSERACE,other,604,
439,KXHOUSERACE-MD05-26-D,1.0,2026-03-09 00:00:00+00:00,KXHOUSERACE,other,604,150.0
439,KXHOUSERACE-CA31-26-D,0.0,2026-03-09 00:00:00+00:00,KXHOUSERACE,other,604,
439,KXHOUSERACE-IL07-26-D,0.0,2026-03-09 00:00:00+00:00,KXHOUSERACE,other,604,
439,KXHOUSERACE-MA03-26-D,0.0,2026-03-09 00:00:00+00:00,KXHOUSERACE,other,604,
439,KXHOUSERACE-MA04-26-D,0.0,2026-03-09 00:00:00+00:00,KXHOUSERACE,other,604,
439,KXHOUSERACE-MA05-26-D,0.0,2026-03-09 00:00:00+00:00,KXHOUSERACE,other,604,
439,KXHOUSERACE-MA08-26-D,0.0,2026-03-09 00:00:00+00:00,KXHOUSERACE,other,604,
439,KXHOUSERACE-MD04-26-D,0.0,2026-03-09 00:00:00+00:00,KXHOUSERACE,other,604,
439,KXHOUSERACE-MI11-26-D,0.0,2026-03-09 00:00:00+00:00,KXHOUSERACE,other,604,
439,KXHOUSERACE-MO08-26-R,0.0,2026-03-09 00:00:00+00:00,KXHOUSERACE,other,604,
439,KXHOUSERACE-NY16-26-D,0.0,2026-03-09 00:00:00+00:00,KXHOUSERACE,other,604,
440,KXHOUSERACE-ME01-26-D,1.0,2026-03-09 00:00:00+00:00,KXHOUSERACE,other,604,300.0
440,KXHOUSERACE-CA31-26-D,0.0,2026-03-09 00:00:00+00:00,KXHOUSERACE,other,604,
440,KXHOUSERACE-IL07-26-D,0.0,2026-03-09 00:00:00+00:00,KXHOUSERACE,other,604,
440,KXHOUSERACE-MA03-26-D,0.0,2026-03-09 00:00:00+00:00,KXHOUSERACE,other,604,
440,KXHOUSERACE-MA04-26-D,0.0,2026-03-09 00:00:00+00:00,KXHOUSERACE,other,604,
440,KXHOUSERACE-MA05-26-D,0.0,2026-03-09 00:00:00+00:00,KXHOUSERACE,other,604,
440,KXHOUSERACE-MA08-26-D,0.0,2026-03-09 00:00:00+00:00,KXHOUSERACE,other,604,
440,KXHOUSERACE-MD04-26-D,0.0,2026-03-09 00:00:00+00:00,KXHOUSERACE,other,604,
440,KXHOUSERACE-MI11-26-D,0.0,2026-03-09 00:00:00+00:00,KXHOUSERACE,other,604,
440,KXHOUSERACE-MO08-26-R,0.0,2026-03-09 00:00:00+00:00,KXHOUSERACE,other,604,
440,KXHOUSERACE-NY16-26-D,0.0,2026-03-09 00:00:00+00:00,KXHOUSERACE,other,604,
441,KXHOUSERACE-NC08-26-R,1.0,2026-03-09 00:00:00+00:00,KXHOUSERACE,other,604,150.0
441,KXHOUSERACE-GA01-26-R,0.0,2026-03-09 00:00:00+00:00,KXHOUSERACE,other,604,
441,KXHOUSERACE-TX36-26-R,0.0,2026-03-09 00:00:00+00:00,KXHOUSERACE,other,604,
441,KXHOUSERACE-CA50-26-D,0.0,2026-03-09 00:00:00+00:00,KXHOUSERACE,other,604,
441,KXHOUSERACE-NE03-26-R,0.0,2026-03-09 00:00:00+00:00,KXHOUSERACE,other,604,
441,KXHOUSERACE-NJ03-26-R,0.0,2026-03-09 00:00:00+00:00,KXHOUSERACE,other,604,
441,KXHOUSERACE-FL03-26-R,0.0,2026-03-09 00:00:00+00:00,KXHOUSERACE,other,604,
441,KXHOUSERACE-NC03-26-R,0.0,2026-03-09 00:00:00+00:00,KXHOUSERACE,other,604,
441,KXHOUSERACE-PA05-26-D,0.0,2026-03-09 00:00:00+00:00,KXHOUSERACE,other,604,
441,KXHOUSERACE-TX20-26-D,0.0,2026-03-09 00:00:00+00:00,KXHOUSERACE,other,604,
441,KXHOUSERACE-WV01-26-R,0.0,2026-03-09 00:00:00+00:00,KXHOUSERACE,other,604,
442,KXHOUSERACE-OH02-26-R,1.0,2026-03-09 00:00:00+00:00,KXHOUSERACE,other,604,150.0
442,KXHOUSERACE-CA31-26-D,0.0,2026-03-09 00:00:00+00:00,KXHOUSERACE,other,604,
442,KXHOUSERACE-IL07-26-D,0.0,2026-03-09 00:00:00+00:00,KXHOUSERACE,other,604,
442,KXHOUSERACE-MA03-26-D,0.0,2026-03-09 00:00:00+00:00,KXHOUSERACE,other,604,
442,KXHOUSERACE-MA04-26-D,0.0,2026-03-09 00:00:00+00:00,KXHOUSERACE,other,604,
442,KXHOUSERACE-MA05-26-D,0.0,2026-03-09 00:00:00+00:00,KXHOUSERACE,other,604,
442,KXHOUSERACE-MA08-26-D,0.0,2026-03-09 00:00:00+00:00,KXHOUSERACE,other,604,
442,KXHOUSERACE-MD04-26-D,0.0,2026-03-09 00:00:00+00:00,KXHOUSERACE,other,604,
442,KXHOUSERACE-MI11-26-D,0.0,2026-03-09 00:00:00+00:00,KXHOUSERACE,other,604,
442,KXHOUSERACE-MO08-26-R,0.0,2026-03-09 00:00:00+00:00,KXHOUSERACE,other,604,
442,KXHOUSERACE-NY16-26-D,0.0,2026-03-09 00:00:00+00:00,KXHOUSERACE,other,604,
443,KXHOUSERACE-PA16-26-R,1.0,2026-03-09 00:00:00+00:00,KXHOUSERACE,other,604,150.0
443,KXHOUSERACE-IL09-26-R,0.0,2026-03-09 00:00:00+00:00,KXHOUSERACE,other,604,
443,KXHOUSERACE-PA14-26-R,0.0,2026-03-09 00:00:00+00:00,KXHOUSERACE,other,604,
443,KXHOUSERACE-TN02-26-R,0.0,2026-03-09 00:00:00+00:00,KXHOUSERACE,other,604,
443,KXHOUSERACE-TX03-26-D,0.0,2026-03-09 00:00:00+00:00,KXHOUSERACE,other,604,
443,KXHOUSERACE-TX29-26-R,0.0,2026-03-09 00:00:00+00:00,KXHOUSERACE,other,604,
443,KXHOUSERACE-NJ01-26-D,0.0,2026-03-09 00:00:00+00:00,KXHOUSERACE,other,604,
443,KXHOUSERACE-GA12-26-D,0.0,2026-03-09 00:00:00+00:00,KXHOUSERACE,other,604,
443,KXHOUSERACE-SC02-26-D,0.0,2026-03-09 00:00:00+00:00,KXHOUSERACE,other,604,
443,KXHOUSERACE-IL15-26-R,0.0,2026-03-09 00:00:00+00:00,KXHOUSERACE,other,604,
443,KXHOUSERACE-KY04-26-R,0.0,2026-03-09 00:00:00+00:00,KXHOUSERACE,other,604,
444,KXHOUSERACE-TX07-26-D,1.0,2026-03-09 00:00:00+00:00,KXHOUSERACE,other,604,150.0
444,KXHOUSERACE-MD07-26-D,0.0,2026-03-09 00:00:00+00:00,KXHOUSERACE,other,604,
444,KXHOUSERACE-NY14-26-D,0.0,2026-03-09 00:00:00+00:00,KXHOUSERACE,other,604,
444,KXHOUSERACE-RI02-26-D,0.0,2026-03-09 00:00:00+00:00,KXHOUSERACE,other,604,
444,KXHOUSERACE-NY20-26-D,0.0,2026-03-09 00:00:00+00:00,KXHOUSERACE,other,604,
444,KXHOUSERACE-OK01-26-R,0.0,2026-03-09 00:00:00+00:00,KXHOUSERACE,other,604,
444,KXHOUSERACE-SC07-26-D,0.0,2026-03-09 00:00:00+00:00,KXHOUSERACE,other,604,
444,KXHOUSERACE-AL02-26-R,0.0,2026-03-09 00:00:00+00:00,KXHOUSERACE,other,604,
444,KXHOUSERACE-ID02-26-D,0.0,2026-03-09 00:00:00+00:00,KXHOUSERACE,other,604,
444,KXHOUSERACE-MA01-26-R,0.0,2026-03-09 00:00:00+00:00,KXHOUSERACE,other,604,
444,KXHOUSERACE-MA07-26-D,0.0,2026-03-09 00:00:00+00:00,KXHOUSERACE,other,604,
445,KXHOUSERACE-VA04-26-D,1.0,2026-03-09 00:00:00+00:00,KXHOUSERACE,other,604,150.0
445,KXHOUSERACE-SC07-26-D,0.0,2026-03-09 00:00:00+00:00,KXHOUSERACE,other,604,
445,KXHOUSERACE-NY20-26-D,0.0,2026-03-09 00:00:00+00:00,KXHOUSERACE,other,604,
445,KXHOUSERACE-AL02-26-R,0.0,2026-03-09 00:00:00+00:00,KXHOUSERACE,other,604,
445,KXHOUSERACE-ID02-26-D,0.0,2026-03-09 00:00:00+00:00,KXHOUSERACE,other,604,
445,KXHOUSERACE-MA01-26-R,0.0,2026-03-09 00:00:00+00:00,KXHOUSERACE,other,604,
445,KXHOUSERACE-MD07-26-D,0.0,2026-03-09 00:00:00+00:00,KXHOUSERACE,other,604,
445,KXHOUSERACE-NY14-26-D,0.0,2026-03-09 00:00:00+00:00,KXHOUSERACE,other,604,
445,KXHOUSERACE-RI02-26-D,0.0,2026-03-09 00:00:00+00:00,KXHOUSERACE,other,604,
445,KXHOUSERACE-MD08-26-D,0.0,2026-03-09 00:00:00+00:00,KXHOUSERACE,other,604,
445,KXHOUSERACE-OK01-26-R,0.0,2026-03-09 00:00:00+00:00,KXHOUSERACE,other,604,
446,KXHOUSERACE-WA01-26-D,1.0,2026-03-09 00:00:00+00:00,KXHOUSERACE,other,604,150.0
446,KXHOUSERACE-CA31-26-D,0.0,2026-03-09 00:00:00+00:00,KXHOUSERACE,other,604,
446,KXHOUSERACE-IL07-26-D,0.0,2026-03-09 00:00:00+00:00,KXHOUSERACE,other,604,
446,KXHOUSERACE-MA03-26-D,0.0,2026-03-09 00:00:00+00:00,KXHOUSERACE,other,604,
446,KXHOUSERACE-MA04-26-D,0.0,2026-03-09 00:00:00+00:00,KXHOUSERACE,other,604,
446,KXHOUSERACE-MA05-26-D,0.0,2026-03-09 00:00:00+00:00,KXHOUSERACE,other,604,
446,KXHOUSERACE-MA08-26-D,0.0,2026-03-09 00:00:00+00:00,KXHOUSERACE,other,604,
446,KXHOUSERACE-MD04-26-D,0.0,2026-03-09 00:00:00+00:00,KXHOUSERACE,other,604,
446,KXHOUSERACE-MI11-26-D,0.0,2026-03-09 00:00:00+00:00,KXHOUSERACE,other,604,
446,KXHOUSERACE-MO08-26-R,0.0,2026-03-09 00:00:00+00:00,KXHOUSERACE,other,604,
446,KXHOUSERACE-NY16-26-D,0.0,2026-03-09 00:00:00+00:00,KXHOUSERACE,other,604,
447,KXISRAELKNESSET-26-BEN,1.0,2026-03-09 00:00:00+00:00,KXISRAELKNESSET,other,597,450.0
447,KXISRAELKNESSET-26-YATI,0.0,2026-03-09 00:00:00+00:00,KXISRAELKNESSET,other,597,
447,KXISRAELKNESSET-26-NUNI,0.0,2026-03-09 00:00:00+00:00,KXISRAELKNESSET,other,597,
448,KXLOSEREELECTIONRSEN-2026-3,1.0,2026-03-09 00:00:00+00:00,KXLOSEREELECTIONRSEN,other,297,150.0
448,KXLOSEREELECTIONRSEN-2026-2,0.0,2026-03-09 00:00:00+00:00,KXLOSEREELECTIONRSEN,other,297,
448,KXLOSEREELECTIONRSEN-2026-4,0.0,2026-03-09 00:00:00+00:00,KXLOSEREELECTIONRSEN,other,297,
450,KXPHILIPPINESHOUSE-28-LAKAS,1.0,2026-03-09 00:00:00+00:00,KXPHILIPPINESHOUSE,other,1179,150.0
450,KXPHILIPPINESHOUSE-28-NACION,0.0,2026-03-09 00:00:00+00:00,KXPHILIPPINESHOUSE,other,1179,
451,KXPRESTAIWAN-28-HYUI,1.0,2026-03-09 00:00:00+00:00,KXPRESTAIWAN,other,1058,150.0
451,KXPRESTAIWAN-28-TGOU,0.0,2026-03-09 00:00:00+00:00,KXPRESTAIWAN,other,1058,
451,KXPRESTAIWAN-28-WLAI,0.0,2026-03-09 00:00:00+00:00,KXPRESTAIWAN,other,1058,
452,KXRECOGPALESTINE-27-GER,1.0,2026-03-09 00:00:00+00:00,KXRECOGPALESTINE,other,298,150.0
452,KXRECOGPALESTINE-27-SK,0.0,2026-03-09 00:00:00+00:00,KXRECOGPALESTINE,other,298,
452,KXRECOGPALESTINE-27-USA,0.0,2026-03-09 00:00:00+00:00,KXRECOGPALESTINE,other,298,
453,KXREDISTRICTING-26-IND,1.0,2026-03-09 00:00:00+00:00,KXREDISTRICTING,other,237,150.0
453,KXREDISTRICTING-26-NC,0.0,2026-03-09 00:00:00+00:00,KXREDISTRICTING,other,237,
453,KXREDISTRICTING-26-MN,0.0,2026-03-09 00:00:00+00:00,KXREDISTRICTING,other,237,
453,KXREDISTRICTING-26-OH,0.0,2026-03-09 00:00:00+00:00,KXREDISTRICTING,other,237,
453,KXREDISTRICTING-26-NJ,0.0,2026-03-09 00:00:00+00:00,KXREDISTRICTING,other,237,
453,KXREDISTRICTING-26-WA,0.0,2026-03-09 00:00:00+00:00,KXREDISTRICTING,other,237,
453,KXREDISTRICTING-26-CA,0.0,2026-03-09 00:00:00+00:00,KXREDISTRICTING,other,237,
453,KXREDISTRICTING-26-FL,0.0,2026-03-09 00:00:00+00:00,KXREDISTRICTING,other,237,
453,KXREDISTRICTING-26-VIR,0.0,2026-03-09 00:00:00+00:00,KXREDISTRICTING,other,237,
454,KXREDISTRICTING-26-UTAH,1.0,2026-03-09 00:00:00+00:00,KXREDISTRICTING,other,237,150.0
454,KXREDISTRICTING-26-FL,0.0,2026-03-09 00:00:00+00:00,KXREDISTRICTING,other,237,
454,KXREDISTRICTING-26-NC,0.0,2026-03-09 00:00:00+00:00,KXREDISTRICTING,other,237,
454,KXREDISTRICTING-26-MN,0.0,2026-03-09 00:00:00+00:00,KXREDISTRICTING,other,237,
454,KXREDISTRICTING-26-OH,0.0,2026-03-09 00:00:00+00:00,KXREDISTRICTING,other,237,
454,KXREDISTRICTING-26-NJ,0.0,2026-03-09 00:00:00+00:00,KXREDISTRICTING,other,237,
454,KXREDISTRICTING-26-WA,0.0,2026-03-09 00:00:00+00:00,KXREDISTRICTING,other,237,
454,KXREDISTRICTING-26-CA,0.0,2026-03-09 00:00:00+00:00,KXREDISTRICTING,other,237,
454,KXREDISTRICTING-26-VIR,0.0,2026-03-09 00:00:00+00:00,KXREDISTRICTING,other,237,
455,KXSENATEVAR-26-CSMI,1.0,2026-03-09 00:00:00+00:00,KXSENATEVAR,other,149,150.0
455,KXSENATEVAR-26-KFAR,0.0,2026-03-09 00:00:00+00:00,KXSENATEVAR,other,149,
455,KXSENATEVAR-26-AMIN,0.0,2026-03-09 00:00:00+00:00,KXSENATEVAR,other,149,
455,KXSENATEVAR-26-WES,0.0,2026-03-09 00:00:00+00:00,KXSENATEVAR,other,149,
455,KXSENATEVAR-26-BREE,0.0,2026-03-09 00:00:00+00:00,KXSENATEVAR,other,149,
455,KXSENATEVAR-26-JMIY,0.0,2026-03-09 00:00:00+00:00,KXSENATEVAR,other,149,
456,KXSWEDENPARLI-26-SDP,1.0,2026-03-09 00:00:00+00:00,KXSWEDENPARLI,other,192,650.0
456,KXSWEDENPARLI-26-GREEN,0.0,2026-03-09 00:00:00+00:00,KXSWEDENPARLI,other,192,
456,KXSWEDENPARLI-26-LEFT,0.0,2026-03-09 00:00:00+00:00,KXSWEDENPARLI,other,192,
456,KXSWEDENPARLI-26-MODERATE,0.0,2026-03-09 00:00:00+00:00,KXSWEDENPARLI,other,192,
457,KXTRUMPPARDONS-29JAN21-KROD,1.0,2026-03-09 00:00:00+00:00,KXTRUMPPARDONS,other,1049,150.0
457,KXTRUMPPARDONS-29JAN21-THAT,0.0,2026-03-09 00:00:00+00:00,KXTRUMPPARDONS,other,1049,
457,KXTRUMPPARDONS-29JAN21-DJTR,0.0,2026-03-09 00:00:00+00:00,KXTRUMPPARDONS,other,1049,
457,KXTRUMPPARDONS-29JAN21-JKUS,0.0,2026-03-09 00:00:00+00:00,KXTRUMPPARDONS,other,1049,
457,KXTRUMPPARDONS-29JAN21-DCHA,0.0,2026-03-09 00:00:00+00:00,KXTRUMPPARDONS,other,1049,
457,KXTRUMPPARDONS-29JAN21-PMIC,0.0,2026-03-09 00:00:00+00:00,KXTRUMPPARDONS,other,1049,
457,KXTRUMPPARDONS-29JAN21-GMAX,0.0,2026-03-09 00:00:00+00:00,KXTRUMPPARDONS,other,1049,
457,KXTRUMPPARDONS-29JAN21-ESNO,0.0,2026-03-09 00:00:00+00:00,KXTRUMPPARDONS,other,1049,
457,KXTRUMPPARDONS-29JAN21-EADA,0.0,2026-03-09 00:00:00+00:00,KXTRUMPPARDONS,other,1049,
457,KXTRUMPPARDONS-29JAN21-SBF,0.0,2026-03-09 00:00:00+00:00,KXTRUMPPARDONS,other,1049,
457,KXTRUMPPARDONS-29JAN21-JASS,0.0,2026-03-09 00:00:00+00:00,KXTRUMPPARDONS,other,1049,
458,KXTRUMPPARDONS-29JAN21-MSH,1.0,2026-03-09 00:00:00+00:00,KXTRUMPPARDONS,other,1049,150.0
458,KXTRUMPPARDONS-29JAN21-JASS,0.0,2026-03-09 00:00:00+00:00,KXTRUMPPARDONS,other,1049,
458,KXTRUMPPARDONS-29JAN21-SBF,0.0,2026-03-09 00:00:00+00:00,KXTRUMPPARDONS,other,1049,
458,KXTRUMPPARDONS-29JAN21-EADA,0.0,2026-03-09 00:00:00+00:00,KXTRUMPPARDONS,other,1049,
458,KXTRUMPPARDONS-29JAN21-ESNO,0.0,2026-03-09 00:00:00+00:00,KXTRUMPPARDONS,other,1049,
458,KXTRUMPPARDONS-29JAN21-GMAX,0.0,2026-03-09 00:00:00+00:00,KXTRUMPPARDONS,other,1049,
458,KXTRUMPPARDONS-29JAN21-PMIC,0.0,2026-03-09 00:00:00+00:00,KXTRUMPPARDONS,other,1049,
458,KXTRUMPPARDONS-29JAN21-DCHA,0.0,2026-03-09 00:00:00+00:00,KXTRUMPPARDONS,other,1049,
458,KXTRUMPPARDONS-29JAN21-JKUS,0.0,2026-03-09 00:00:00+00:00,KXTRUMPPARDONS,other,1049,
458,KXTRUMPPARDONS-29JAN21-HBID,0.0,2026-03-09 00:00:00+00:00,KXTRUMPPARDONS,other,1049,
458,KXTRUMPPARDONS-29JAN21-DJTR,0.0,2026-03-09 00:00:00+00:00,KXTRUMPPARDONS,other,1049,
460,KXBRAZILINF-26DEC-4.00,1.0,2026-03-18 00:00:00+00:00,KXBRAZILINF,other,378,500.0
460,KXBRAZILINF-25DEC-T4.00,0.0,2026-03-18 00:00:00+00:00,KXBRAZILINF,other,378,
460,KXBRAZILINF-25DEC-T3.75,0.0,2026-03-18 00:00:00+00:00,KXBRAZILINF,other,378,
460,KXBRAZILINF-25DEC-T4.25,0.0,2026-03-18 00:00:00+00:00,KXBRAZILINF,other,378,
460,KXBRAZILINF-25DEC-T3.50,0.0,2026-03-18 00:00:00+00:00,KXBRAZILINF,other,378,
460,KXBRAZILINF-25DEC-T4.50,0.0,2026-03-18 00:00:00+00:00,KXBRAZILINF,other,378,
460,KXBRAZILINF-25DEC-T3.25,0.0,2026-03-18 00:00:00+00:00,KXBRAZILINF,other,378,
460,KXBRAZILINF-25DEC-T4.75,0.0,2026-03-18 00:00:00+00:00,KXBRAZILINF,other,378,
460,KXBRAZILINF-25DEC-T5.00,0.0,2026-03-18 00:00:00+00:00,KXBRAZILINF,other,378,
460,KXBRAZILINF-25DEC-T5.25,0.0,2026-03-18 00:00:00+00:00,KXBRAZILINF,other,378,
460,KXBRAZILINF-25DEC-T5.50,0.0,2026-03-18 00:00:00+00:00,KXBRAZILINF,other,378,
461,KX2028DRUN-28-JPOL,1.0,2026-03-19 00:00:00+00:00,KX2028DRUN,other,653,150.0
461,KX2028DRUN-28-AOC,0.0,2026-03-19 00:00:00+00:00,KX2028DRUN,other,653,
461,KX2028DRUN-28-WMOO,0.0,2026-03-19 00:00:00+00:00,KX2028DRUN,other,653,
461,KX2028DRUN-28-MKEL,0.0,2026-03-19 00:00:00+00:00,KX2028DRUN,other,653,
461,KX2028DRUN-28-CBOOK,0.0,2026-03-19 00:00:00+00:00,KX2028DRUN,other,653,
461,KX2028DRUN-28-GWHI,0.0,2026-03-19 00:00:00+00:00,KX2028DRUN,other,653,
461,KX2028DRUN-28-ASPA,0.0,2026-03-19 00:00:00+00:00,KX2028DRUN,other,653,
461,KX2028DRUN-28-ESLO,0.0,2026-03-19 00:00:00+00:00,KX2028DRUN,other,653,
461,KX2028DRUN-28-REMA,0.0,2026-03-19 00:00:00+00:00,KX2028DRUN,other,653,
461,KX2028DRUN-28-JFET,0.0,2026-03-19 00:00:00+00:00,KX2028DRUN,other,653,
461,KX2028DRUN-28-CHOL,0.0,2026-03-19 00:00:00+00:00,KX2028DRUN,other,653,
462,KX2028DRUN-28-RWAR,1.0,2026-03-19 00:00:00+00:00,KX2028DRUN,other,653,150.0
462,KX2028DRUN-28-MKEL,0.0,2026-03-19 00:00:00+00:00,KX2028DRUN,other,653,
462,KX2028DRUN-28-CBOOK,0.0,2026-03-19 00:00:00+00:00,KX2028DRUN,other,653,
462,KX2028DRUN-28-GWHI,0.0,2026-03-19 00:00:00+00:00,KX2028DRUN,other,653,
462,KX2028DRUN-28-WMOO,0.0,2026-03-19 00:00:00+00:00,KX2028DRUN,other,653,
462,KX2028DRUN-28-ASPA,0.0,2026-03-19 00:00:00+00:00,KX2028DRUN,other,653,
462,KX2028DRUN-28-ESLO,0.0,2026-03-19 00:00:00+00:00,KX2028DRUN,other,653,
462,KX2028DRUN-28-REMA,0.0,2026-03-19 00:00:00+00:00,KX2028DRUN,other,653,
462,KX2028DRUN-28-JFET,0.0,2026-03-19 00:00:00+00:00,KX2028DRUN,other,653,
462,KX2028DRUN-28-CHOL,0.0,2026-03-19 00:00:00+00:00,KX2028DRUN,other,653,
462,KX2028DRUN-28-SAS,0.0,2026-03-19 00:00:00+00:00,KX2028DRUN,other,653,
463,KX2028RRUN-28-PHEG,1.0,2026-03-19 00:00:00+00:00,KX2028RRUN,other,653,150.0
463,KX2028RRUN-28-JVAN,0.0,2026-03-19 00:00:00+00:00,KX2028RRUN,other,653,
463,KX2028RRUN-28-ESTE,0.0,2026-03-19 00:00:00+00:00,KX2028RRUN,other,653,
463,KX2028RRUN-28-DJT,0.0,2026-03-19 00:00:00+00:00,KX2028RRUN,other,653,
463,KX2028RRUN-28-KBRI,0.0,2026-03-19 00:00:00+00:00,KX2028RRUN,other,653,
463,KX2028RRUN-28-JKUS,0.0,2026-03-19 00:00:00+00:00,KX2028RRUN,other,653,
463,KX2028RRUN-28-MGAE,0.0,2026-03-19 00:00:00+00:00,KX2028RRUN,other,653,
463,KX2028RRUN-28-TUC,0.0,2026-03-19 00:00:00+00:00,KX2028RRUN,other,653,
463,KX2028RRUN-28-TMAS,0.0,2026-03-19 00:00:00+00:00,KX2028RRUN,other,653,
463,KX2028RRUN-28-JTHU,0.0,2026-03-19 00:00:00+00:00,KX2028RRUN,other,653,
463,KX2028RRUN-28-EMUS,0.0,2026-03-19 00:00:00+00:00,KX2028RRUN,other,653,
464,KXATTYGENCO-26-R,1.0,2026-03-19 00:00:00+00:00,KXATTYGENCO,other,594,450.0
464,KXATTYGENCO-26-D,0.0,2026-03-19 00:00:00+00:00,KXATTYGENCO,other,594,
465,KXATTYGENFL-26-D,1.0,2026-03-19 00:00:00+00:00,KXATTYGENFL,other,594,450.0
465,KXATTYGENFL-26-R,0.0,2026-03-19 00:00:00+00:00,KXATTYGENFL,other,594,
466,KXATTYGENKS-26-D,1.0,2026-03-19 00:00:00+00:00,KXATTYGENKS,other,594,600.0
466,KXATTYGENKS-26-R,0.0,2026-03-19 00:00:00+00:00,KXATTYGENKS,other,594,
467,KXATTYGENMA-26-D,1.0,2026-03-19 00:00:00+00:00,KXATTYGENMA,other,594,150.0
467,KXATTYGENMA-26-R,0.0,2026-03-19 00:00:00+00:00,KXATTYGENMA,other,594,
468,KXATTYGENNM-26-D,1.0,2026-03-19 00:00:00+00:00,KXATTYGENNM,other,594,600.0
468,KXATTYGENNM-26-R,0.0,2026-03-19 00:00:00+00:00,KXATTYGENNM,other,594,
469,KXATTYGENNV-26-R,1.0,2026-03-19 00:00:00+00:00,KXATTYGENNV,other,594,450.0
469,KXATTYGENNV-26-D,0.0,2026-03-19 00:00:00+00:00,KXATTYGENNV,other,594,
470,KXATTYGENVT-26-D,1.0,2026-03-19 00:00:00+00:00,KXATTYGENVT,other,594,600.0
470,KXATTYGENVT-26-R,0.0,2026-03-19 00:00:00+00:00,KXATTYGENVT,other,594,
471,KXAZ01D-25-JTRE,1.0,2026-03-19 00:00:00+00:00,KXAZ01D,other,126,600.0
471,KXAZ01D-25-ACHE,0.0,2026-03-19 00:00:00+00:00,KXAZ01D,other,126,
471,KXAZ01D-25-MGOR,0.0,2026-03-19 00:00:00+00:00,KXAZ01D,other,126,
471,KXAZ01D-25-RMCC,0.0,2026-03-19 00:00:00+00:00,KXAZ01D,other,126,
472,KXAZ01D-25-MGAL,1.0,2026-03-19 00:00:00+00:00,KXAZ01D,other,126,300.0
472,KXAZ01D-25-ACHE,0.0,2026-03-19 00:00:00+00:00,KXAZ01D,other,126,
472,KXAZ01D-25-MGOR,0.0,2026-03-19 00:00:00+00:00,KXAZ01D,other,126,
472,KXAZ01D-25-RMCC,0.0,2026-03-19 00:00:00+00:00,KXAZ01D,other,126,
473,KXCONGRESSTESTIFY-27JAN-SALT,1.0,2026-03-19 00:00:00+00:00,KXCONGRESSTESTIFY,other,288,450.0
473,KXCONGRESSTESTIFY-27JAN-KHAR,0.0,2026-03-19 00:00:00+00:00,KXCONGRESSTESTIFY,other,288,
473,KXCONGRESSTESTIFY-27JAN-JROL,0.0,2026-03-19 00:00:00+00:00,KXCONGRESSTESTIFY,other,288,
473,KXCONGRESSTESTIFY-27JAN-JBID,0.0,2026-03-19 00:00:00+00:00,KXCONGRESSTESTIFY,other,288,
473,KXCONGRESSTESTIFY-27JAN-TSWI,0.0,2026-03-19 00:00:00+00:00,KXCONGRESSTESTIFY,other,288,
473,KXCONGRESSTESTIFY-27JAN-BOBA,0.0,2026-03-19 00:00:00+00:00,KXCONGRESSTESTIFY,other,288,
474,KXDEMOCRACYUS-28-7.00,1.0,2026-03-19 00:00:00+00:00,KXDEMOCRACYUS,other,1155,150.0
474,KXDEMOCRACYUS-28-7.60,0.0,2026-03-19 00:00:00+00:00,KXDEMOCRACYUS,other,1155,
475,KXDEMOCRACYUS-28-7.25,1.0,2026-03-19 00:00:00+00:00,KXDEMOCRACYUS,other,1155,300.0
475,KXDEMOCRACYUS-28-7.60,0.0,2026-03-19 00:00:00+00:00,KXDEMOCRACYUS,other,1155,
476,KXGOVMANOMR-26-MKEN,1.0,2026-03-19 00:00:00+00:00,KXGOVMANOMR,other,167,650.0
476,KXGOVMANOMR-26-BTAR,0.0,2026-03-19 00:00:00+00:00,KXGOVMANOMR,other,167,
476,KXGOVMANOMR-26-KPOL,0.0,2026-03-19 00:00:00+00:00,KXGOVMANOMR,other,167,
476,KXGOVMANOMR-26-LEVA,0.0,2026-03-19 00:00:00+00:00,KXGOVMANOMR,other,167,
476,KXGOVMANOMR-26-MSOT,0.0,2026-03-19 00:00:00+00:00,KXGOVMANOMR,other,167,
476,KXGOVMANOMR-26-PDUR,0.0,2026-03-19 00:00:00+00:00,KXGOVMANOMR,other,167,
476,KXGOVMANOMR-26-MMIN,0.0,2026-03-19 00:00:00+00:00,KXGOVMANOMR,other,167,
477,KXHOUSERACE-IL14-26-D,1.0,2026-03-19 00:00:00+00:00,KXHOUSERACE,other,594,150.0
477,KXHOUSERACE-CA01-26-R,0.0,2026-03-19 00:00:00+00:00,KXHOUSERACE,other,594,
477,KXHOUSERACE-NC10-26-D,0.0,2026-03-19 00:00:00+00:00,KXHOUSERACE,other,594,
477,KXHOUSERACE-PA11-26-R,0.0,2026-03-19 00:00:00+00:00,KXHOUSERACE,other,594,
477,KXHOUSERACE-IN05-26-D,0.0,2026-03-19 00:00:00+00:00,KXHOUSERACE,other,594,
477,KXHOUSERACE-OK01-26-R,0.0,2026-03-19 00:00:00+00:00,KXHOUSERACE,other,594,
477,KXHOUSERACE-PA12-26-D,0.0,2026-03-19 00:00:00+00:00,KXHOUSERACE,other,594,
477,KXHOUSERACE-KY04-26-R,0.0,2026-03-19 00:00:00+00:00,KXHOUSERACE,other,594,
477,KXHOUSERACE-NJ01-26-D,0.0,2026-03-19 00:00:00+00:00,KXHOUSERACE,other,594,
477,KXHOUSERACE-TN04-26-R,0.0,2026-03-19 00:00:00+00:00,KXHOUSERACE,other,594,
477,KXHOUSERACE-TN06-26-R,0.0,2026-03-19 00:00:00+00:00,KXHOUSERACE,other,594,
478,KXLAPRIMARY-04D26-CCAB,1.0,2026-03-19 00:00:00+00:00,KXLAPRIMARY,other,594,275.0
478,KXLAPRIMARY-06R26-PWIL,0.0,2026-03-19 00:00:00+00:00,KXLAPRIMARY,other,594,
478,KXLAPRIMARY-06R26-CJOH,0.0,2026-03-19 00:00:00+00:00,KXLAPRIMARY,other,594,
478,KXLAPRIMARY-06R26-MAPP,0.0,2026-03-19 00:00:00+00:00,KXLAPRIMARY,other,594,
478,KXLAPRIMARY-05R26-BMIG,0.0,2026-03-19 00:00:00+00:00,KXLAPRIMARY,other,594,
478,KXLAPRIMARY-05R26-AMAG,0.0,2026-03-19 00:00:00+00:00,KXLAPRIMARY,other,594,
478,KXLAPRIMARY-05R26-MCOR,0.0,2026-03-19 00:00:00+00:00,KXLAPRIMARY,other,594,
478,KXLAPRIMARY-05R26-MMEB,0.0,2026-03-19 00:00:00+00:00,KXLAPRIMARY,other,594,
478,KXLAPRIMARY-05R26-REDM,0.0,2026-03-19 00:00:00+00:00,KXLAPRIMARY,other,594,
478,KXLAPRIMARY-05R26-SWYA,0.0,2026-03-19 00:00:00+00:00,KXLAPRIMARY,other,594,
479,KXLAPRIMARY-04D26-MGRO,1.0,2026-03-19 00:00:00+00:00,KXLAPRIMARY,other,594,275.0
479,KXLAPRIMARY-06R26-PWIL,0.0,2026-03-19 00:00:00+00:00,KXLAPRIMARY,other,594,
479,KXLAPRIMARY-06R26-CJOH,0.0,2026-03-19 00:00:00+00:00,KXLAPRIMARY,other,594,
479,KXLAPRIMARY-06R26-MAPP,0.0,2026-03-19 00:00:00+00:00,KXLAPRIMARY,other,594,
479,KXLAPRIMARY-05R26-BMIG,0.0,2026-03-19 00:00:00+00:00,KXLAPRIMARY,other,594,
479,KXLAPRIMARY-05R26-AMAG,0.0,2026-03-19 00:00:00+00:00,KXLAPRIMARY,other,594,
479,KXLAPRIMARY-05R26-MCOR,0.0,2026-03-19 00:00:00+00:00,KXLAPRIMARY,other,594,
479,KXLAPRIMARY-05R26-MMEB,0.0,2026-03-19 00:00:00+00:00,KXLAPRIMARY,other,594,
479,KXLAPRIMARY-05R26-REDM,0.0,2026-03-19 00:00:00+00:00,KXLAPRIMARY,other,594,
479,KXLAPRIMARY-05R26-SWYA,0.0,2026-03-19 00:00:00+00:00,KXLAPRIMARY,other,594,
482,KXSENATEMAR-26-JDEA,1.0,2026-03-19 00:00:00+00:00,KXSENATEMAR,other,167,300.0
482,KXSENATEMAR-26-CBAK,0.0,2026-03-19 00:00:00+00:00,KXSENATEMAR,other,167,
482,KXSENATEMAR-26-CTHR,0.0,2026-03-19 00:00:00+00:00,KXSENATEMAR,other,167,
482,KXSENATEMAR-26-LEVA,0.0,2026-03-19 00:00:00+00:00,KXSENATEMAR,other,167,
483,KXTRUMPAGCOUNT-29-2,1.0,2026-03-19 00:00:00+00:00,KXTRUMPAGCOUNT,other,1038,150.0
483,KXTRUMPAGCOUNT-29-4,0.0,2026-03-19 00:00:00+00:00,KXTRUMPAGCOUNT,other,1038,
483,KXTRUMPAGCOUNT-29-5,0.0,2026-03-19 00:00:00+00:00,KXTRUMPAGCOUNT,other,1038,
484,KXWHVISIT-27-CRON,1.0,2026-03-19 00:00:00+00:00,KXWHVISIT,other,288,300.0
484,KXWHVISIT-27-VPUT,0.0,2026-03-19 00:00:00+00:00,KXWHVISIT,other,288,
484,KXWHVISIT-27-BMAH,0.0,2026-03-19 00:00:00+00:00,KXWHVISIT,other,288,
484,KXWHVISIT-27-AALS,0.0,2026-03-19 00:00:00+00:00,KXWHVISIT,other,288,
485,KX2028RRUN-28-GABB,1.0,2026-03-29 00:00:00+00:00,KX2028RRUN,other,643,150.0
485,KX2028RRUN-28-MGAE,0.0,2026-03-29 00:00:00+00:00,KX2028RRUN,other,643,
485,KX2028RRUN-28-DJTJR,0.0,2026-03-29 00:00:00+00:00,KX2028RRUN,other,643,
485,KX2028RRUN-28-TMAS,0.0,2026-03-29 00:00:00+00:00,KX2028RRUN,other,643,
485,KX2028RRUN-28-JVAN,0.0,2026-03-29 00:00:00+00:00,KX2028RRUN,other,643,
485,KX2028RRUN-28-TUC,0.0,2026-03-29 00:00:00+00:00,KX2028RRUN,other,643,
485,KX2028RRUN-28-STE,0.0,2026-03-29 00:00:00+00:00,KX2028RRUN,other,643,
485,KX2028RRUN-28-VRAM,0.0,2026-03-29 00:00:00+00:00,KX2028RRUN,other,643,
485,KX2028RRUN-28-DJT,0.0,2026-03-29 00:00:00+00:00,KX2028RRUN,other,643,
485,KX2028RRUN-28-MTAY,0.0,2026-03-29 00:00:00+00:00,KX2028RRUN,other,643,
485,KX2028RRUN-28-ESTE,0.0,2026-03-29 00:00:00+00:00,KX2028RRUN,other,643,
486,KX2028RRUN-28-RDES,1.0,2026-03-29 00:00:00+00:00,KX2028RRUN,other,643,150.0
486,KX2028RRUN-28-TCRU,0.0,2026-03-29 00:00:00+00:00,KX2028RRUN,other,643,
486,KX2028RRUN-28-BKEM,0.0,2026-03-29 00:00:00+00:00,KX2028RRUN,other,643,
486,KX2028RRUN-28-MRUB,0.0,2026-03-29 00:00:00+00:00,KX2028RRUN,other,643,
486,KX2028RRUN-28-MTAY,0.0,2026-03-29 00:00:00+00:00,KX2028RRUN,other,643,
486,KX2028RRUN-28-VRAM,0.0,2026-03-29 00:00:00+00:00,KX2028RRUN,other,643,
486,KX2028RRUN-28-STE,0.0,2026-03-29 00:00:00+00:00,KX2028RRUN,other,643,
486,KX2028RRUN-28-TUC,0.0,2026-03-29 00:00:00+00:00,KX2028RRUN,other,643,
486,KX2028RRUN-28-TMAS,0.0,2026-03-29 00:00:00+00:00,KX2028RRUN,other,643,
486,KX2028RRUN-28-DJTJR,0.0,2026-03-29 00:00:00+00:00,KX2028RRUN,other,643,
486,KX2028RRUN-28-MGAE,0.0,2026-03-29 00:00:00+00:00,KX2028RRUN,other,643,
487,KXAGNOMAZR-26-WPET,1.0,2026-03-29 00:00:00+00:00,KXAGNOMAZR,other,115,150.0
487,KXAGNOMAZR-26-GROE,0.0,2026-03-29 00:00:00+00:00,KXAGNOMAZR,other,115,
488,KXALASKAHOUSE-26-MSCH,1.0,2026-03-29 00:00:00+00:00,KXALASKAHOUSE,other,584,450.0
488,KXALASKAHOUSE-26-BHIL,0.0,2026-03-29 00:00:00+00:00,KXALASKAHOUSE,other,584,
488,KXALASKAHOUSE-26-JWIL,0.0,2026-03-29 00:00:00+00:00,KXALASKAHOUSE,other,584,
488,KXALASKAHOUSE-26-GSOL,0.0,2026-03-29 00:00:00+00:00,KXALASKAHOUSE,other,584,
489,KXALASKAHOUSE-26-NBEG,1.0,2026-03-29 00:00:00+00:00,KXALASKAHOUSE,other,584,950.0
489,KXALASKAHOUSE-26-BHIL,0.0,2026-03-29 00:00:00+00:00,KXALASKAHOUSE,other,584,
489,KXALASKAHOUSE-26-JWIL,0.0,2026-03-29 00:00:00+00:00,KXALASKAHOUSE,other,584,
489,KXALASKAHOUSE-26-GSOL,0.0,2026-03-29 00:00:00+00:00,KXALASKAHOUSE,other,584,
490,KXATTYGENSD-26-R,1.0,2026-03-29 00:00:00+00:00,KXATTYGENSD,other,584,300.0
490,KXATTYGENSD-26-D,0.0,2026-03-29 00:00:00+00:00,KXATTYGENSD,other,584,
491,KXBRBALLOT-26-FBOL,1.0,2026-03-29 00:00:00+00:00,KXBRBALLOT,other,165,300.0
491,KXBRBALLOT-26-TFRI,0.0,2026-03-29 00:00:00+00:00,KXBRBALLOT,other,165,
491,KXBRBALLOT-26-EBOL,0.0,2026-03-29 00:00:00+00:00,KXBRBALLOT,other,165,
491,KXBRBALLOT-26-RJUN,0.0,2026-03-29 00:00:00+00:00,KXBRBALLOT,other,165,
492,KXBRBALLOT-26-RSAN,1.0,2026-03-29 00:00:00+00:00,KXBRBALLOT,other,165,800.0
492,KXBRBALLOT-26-TFRI,0.0,2026-03-29 00:00:00+00:00,KXBRBALLOT,other,165,
492,KXBRBALLOT-26-EBOL,0.0,2026-03-29 00:00:00+00:00,KXBRBALLOT,other,165,
492,KXBRBALLOT-26-RJUN,0.0,2026-03-29 00:00:00+00:00,KXBRBALLOT,other,165,
493,KXCONGRESSTESTIFY-27JAN-JSTE,1.0,2026-03-29 00:00:00+00:00,KXCONGRESSTESTIFY,other,278,150.0
493,KXCONGRESSTESTIFY-27JAN-KHAR,0.0,2026-03-29 00:00:00+00:00,KXCONGRESSTESTIFY,other,278,
493,KXCONGRESSTESTIFY-27JAN-JROL,0.0,2026-03-29 00:00:00+00:00,KXCONGRESSTESTIFY,other,278,
493,KXCONGRESSTESTIFY-27JAN-JBID,0.0,2026-03-29 00:00:00+00:00,KXCONGRESSTESTIFY,other,278,
493,KXCONGRESSTESTIFY-27JAN-TSWI,0.0,2026-03-29 00:00:00+00:00,KXCONGRESSTESTIFY,other,278,
493,KXCONGRESSTESTIFY-27JAN-BOBA,0.0,2026-03-29 00:00:00+00:00,KXCONGRESSTESTIFY,other,278,
494,KXENDORSEFISHBACK-26AUG18-COWE,1.0,2026-03-29 00:00:00+00:00,KXENDORSEFISHBACK,other,142,800.0
494,KXENDORSEFISHBACK-26AUG18-DRUB,0.0,2026-03-29 00:00:00+00:00,KXENDORSEFISHBACK,other,142,
494,KXENDORSEFISHBACK-26AUG18-DJT,0.0,2026-03-29 00:00:00+00:00,KXENDORSEFISHBACK,other,142,
494,KXENDORSEFISHBACK-26AUG18-CRAI,0.0,2026-03-29 00:00:00+00:00,KXENDORSEFISHBACK,other,142,
494,KXENDORSEFISHBACK-26AUG18-JUTH,0.0,2026-03-29 00:00:00+00:00,KXENDORSEFISHBACK,other,142,
494,KXENDORSEFISHBACK-26AUG18-LLOO,0.0,2026-03-29 00:00:00+00:00,KXENDORSEFISHBACK,other,142,
495,KXGOVRINOMD-26-DMCK,1.0,2026-03-29 00:00:00+00:00,KXGOVRINOMD,other,165,800.0
495,KXGOVRINOMD-26-HFOU,0.0,2026-03-29 00:00:00+00:00,KXGOVRINOMD,other,165,
495,KXGOVRINOMD-26-GSTE,0.0,2026-03-29 00:00:00+00:00,KXGOVRINOMD,other,165,
496,KXGOVVTNOMD-26-CCLA,1.0,2026-03-29 00:00:00+00:00,KXGOVVTNOMD,other,136,650.0
496,KXGOVVTNOMD-26-PBAR,0.0,2026-03-29 00:00:00+00:00,KXGOVVTNOMD,other,136,
496,KXGOVVTNOMD-26-JKRO,0.0,2026-03-29 00:00:00+00:00,KXGOVVTNOMD,other,136,
496,KXGOVVTNOMD-26-BBAL,0.0,2026-03-29 00:00:00+00:00,KXGOVVTNOMD,other,136,
496,KXGOVVTNOMD-26-ECHA,0.0,2026-03-29 00:00:00+00:00,KXGOVVTNOMD,other,136,
496,KXGOVVTNOMD-26-DZUC,0.0,2026-03-29 00:00:00+00:00,KXGOVVTNOMD,other,136,
497,KXGOVWYNOMR-26-EBAR,1.0,2026-03-29 00:00:00+00:00,KXGOVWYNOMR,other,143,300.0
497,KXGOVWYNOMR-26-HHAG,0.0,2026-03-29 00:00:00+00:00,KXGOVWYNOMR,other,143,
497,KXGOVWYNOMR-26-BBIE,0.0,2026-03-29 00:00:00+00:00,KXGOVWYNOMR,other,143,
497,KXGOVWYNOMR-26-CGRA,0.0,2026-03-29 00:00:00+00:00,KXGOVWYNOMR,other,143,
498,KXISRAELKNESSET-26-LIK,1.0,2026-03-29 00:00:00+00:00,KXISRAELKNESSET,other,577,650.0
498,KXISRAELKNESSET-26-NUNI,0.0,2026-03-29 00:00:00+00:00,KXISRAELKNESSET,other,577,
498,KXISRAELKNESSET-26-YATI,0.0,2026-03-29 00:00:00+00:00,KXISRAELKNESSET,other,577,
499,KXITALYDEPUTIES-27-FDI,1.0,2026-03-29 00:00:00+00:00,KXITALYDEPUTIES,other,1007,450.0
499,KXITALYDEPUTIES-27-M5S,0.0,2026-03-29 00:00:00+00:00,KXITALYDEPUTIES,other,1007,
499,KXITALYDEPUTIES-27-FORZA,0.0,2026-03-29 00:00:00+00:00,KXITALYDEPUTIES,other,1007,
499,KXITALYDEPUTIES-27-LEGA,0.0,2026-03-29 00:00:00+00:00,KXITALYDEPUTIES,other,1007,
500,KXLAPRIMARY-03D26-JDAY,1.0,2026-03-29 00:00:00+00:00,KXLAPRIMARY,other,584,300.0
500,KXLAPRIMARY-05R26-BMIG,0.0,2026-03-29 00:00:00+00:00,KXLAPRIMARY,other,584,
500,KXLAPRIMARY-06R26-MAPP,0.0,2026-03-29 00:00:00+00:00,KXLAPRIMARY,other,584,
500,KXLAPRIMARY-06R26-CJOH,0.0,2026-03-29 00:00:00+00:00,KXLAPRIMARY,other,584,
500,KXLAPRIMARY-05R26-REDM,0.0,2026-03-29 00:00:00+00:00,KXLAPRIMARY,other,584,
500,KXLAPRIMARY-05R26-AMAG,0.0,2026-03-29 00:00:00+00:00,KXLAPRIMARY,other,584,
500,KXLAPRIMARY-05R26-MCOR,0.0,2026-03-29 00:00:00+00:00,KXLAPRIMARY,other,584,
500,KXLAPRIMARY-05R26-MMEB,0.0,2026-03-29 00:00:00+00:00,KXLAPRIMARY,other,584,
500,KXLAPRIMARY-05R26-SWYA,0.0,2026-03-29 00:00:00+00:00,KXLAPRIMARY,other,584,
500,KXLAPRIMARY-06R26-PWIL,0.0,2026-03-29 00:00:00+00:00,KXLAPRIMARY,other,584,
501,KXLAPRIMARY-06R26-LDAV,1.0,2026-03-29 00:00:00+00:00,KXLAPRIMARY,other,584,300.0
501,KXLAPRIMARY-06R26-PWIL,0.0,2026-03-29 00:00:00+00:00,KXLAPRIMARY,other,584,
501,KXLAPRIMARY-05R26-BMIG,0.0,2026-03-29 00:00:00+00:00,KXLAPRIMARY,other,584,
501,KXLAPRIMARY-06R26-MAPP,0.0,2026-03-29 00:00:00+00:00,KXLAPRIMARY,other,584,
501,KXLAPRIMARY-06R26-CJOH,0.0,2026-03-29 00:00:00+00:00,KXLAPRIMARY,other,584,
501,KXLAPRIMARY-05R26-REDM,0.0,2026-03-29 00:00:00+00:00,KXLAPRIMARY,other,584,
501,KXLAPRIMARY-05R26-AMAG,0.0,2026-03-29 00:00:00+00:00,KXLAPRIMARY,other,584,
501,KXLAPRIMARY-05R26-MCOR,0.0,2026-03-29 00:00:00+00:00,KXLAPRIMARY,other,584,
501,KXLAPRIMARY-05R26-MMEB,0.0,2026-03-29 00:00:00+00:00,KXLAPRIMARY,other,584,
501,KXLAPRIMARY-05R26-SWYA,0.0,2026-03-29 00:00:00+00:00,KXLAPRIMARY,other,584,
502,KXMA6D-26-DKOH,1.0,2026-03-29 00:00:00+00:00,KXMA6D,other,157,300.0
502,KXMA6D-26-RJAK,0.0,2026-03-29 00:00:00+00:00,KXMA6D,other,157,
502,KXMA6D-26-TNGU,0.0,2026-03-29 00:00:00+00:00,KXMA6D,other,157,
502,KXMA6D-26-JBEL,0.0,2026-03-29 00:00:00+00:00,KXMA6D,other,157,
502,KXMA6D-26-DPAN,0.0,2026-03-29 00:00:00+00:00,KXMA6D,other,157,
502,KXMA6D-26-JBEC,0.0,2026-03-29 00:00:00+00:00,KXMA6D,other,157,
502,KXMA6D-26-BAND,0.0,2026-03-29 00:00:00+00:00,KXMA6D,other,157,
502,KXMA6D-26-SMOU,0.0,2026-03-29 00:00:00+00:00,KXMA6D,other,157,
503,KXNEXTDEF-29-NONE,1.0,2026-03-29 00:00:00+00:00,KXNEXTDEF,other,1028,150.0
503,KXNEXTDEF-29-RDES,0.0,2026-03-29 00:00:00+00:00,KXNEXTDEF,other,1028,
503,KXNEXTDEF-29-JERN,0.0,2026-03-29 00:00:00+00:00,KXNEXTDEF,other,1028,
503,KXNEXTDEF-29-SFEI,0.0,2026-03-29 00:00:00+00:00,KXNEXTDEF,other,1028,
503,KXNEXTDEF-29-TCOT,0.0,2026-03-29 00:00:00+00:00,KXNEXTDEF,other,1028,
503,KXNEXTDEF-29-ECOL,0.0,2026-03-29 00:00:00+00:00,KXNEXTDEF,other,1028,
503,KXNEXTDEF-29-BHAG,0.0,2026-03-29 00:00:00+00:00,KXNEXTDEF,other,1028,
503,KXNEXTDEF-29-CMIL,0.0,2026-03-29 00:00:00+00:00,KXNEXTDEF,other,1028,
503,KXNEXTDEF-29-KKEL,0.0,2026-03-29 00:00:00+00:00,KXNEXTDEF,other,1028,
503,KXNEXTDEF-29-MGAL,0.0,2026-03-29 00:00:00+00:00,KXNEXTDEF,other,1028,
503,KXNEXTDEF-29-TGAB,0.0,2026-03-29 00:00:00+00:00,KXNEXTDEF,other,1028,
504,KXNH1D-26-MSUL,1.0,2026-03-29 00:00:00+00:00,KXNH1D,other,164,650.0
504,KXNH1D-26-CBER,0.0,2026-03-29 00:00:00+00:00,KXNH1D,other,164,
505,KXNH1D-26-SSHA,1.0,2026-03-29 00:00:00+00:00,KXNH1D,other,164,150.0
505,KXNH1D-26-CBER,0.0,2026-03-29 00:00:00+00:00,KXNH1D,other,164,
506,KXSENATEKSD-26-CDAV,1.0,2026-03-29 00:00:00+00:00,KXSENATEKSD,other,129,450.0
506,KXSENATEKSD-26-SNEU,0.0,2026-03-29 00:00:00+00:00,KXSENATEKSD,other,129,
506,KXSENATEKSD-26-APAR,0.0,2026-03-29 00:00:00+00:00,KXSENATEKSD,other,129,
506,KXSENATEKSD-26-MSOE,0.0,2026-03-29 00:00:00+00:00,KXSENATEKSD,other,129,
506,KXSENATEKSD-26-LKEL,0.0,2026-03-29 00:00:00+00:00,KXSENATEKSD,other,129,
506,KXSENATEKSD-26-MHOL,0.0,2026-03-29 00:00:00+00:00,KXSENATEKSD,other,129,
507,KXTRUMPPARDONS-29JAN21-STEL,1.0,2026-03-29 00:00:00+00:00,KXTRUMPPARDONS,other,1029,150.0
507,KXTRUMPPARDONS-29JAN21-HBID,0.0,2026-03-29 00:00:00+00:00,KXTRUMPPARDONS,other,1029,
507,KXTRUMPPARDONS-29JAN21-SBF,0.0,2026-03-29 00:00:00+00:00,KXTRUMPPARDONS,other,1029,
507,KXTRUMPPARDONS-29JAN21-JASS,0.0,2026-03-29 00:00:00+00:00,KXTRUMPPARDONS,other,1029,
507,KXTRUMPPARDONS-29JAN21-DCHA,0.0,2026-03-29 00:00:00+00:00,KXTRUMPPARDONS,other,1029,
507,KXTRUMPPARDONS-29JAN21-EADA,0.0,2026-03-29 00:00:00+00:00,KXTRUMPPARDONS,other,1029,
507,KXTRUMPPARDONS-29JAN21-GMAX,0.0,2026-03-29 00:00:00+00:00,KXTRUMPPARDONS,other,1029,
507,KXTRUMPPARDONS-29JAN21-ESNO,0.0,2026-03-29 00:00:00+00:00,KXTRUMPPARDONS,other,1029,
507,KXTRUMPPARDONS-29JAN21-PMIC,0.0,2026-03-29 00:00:00+00:00,KXTRUMPPARDONS,other,1029,
507,KXTRUMPPARDONS-29JAN21-DJTR,0.0,2026-03-29 00:00:00+00:00,KXTRUMPPARDONS,other,1029,
507,KXTRUMPPARDONS-29JAN21-JKUS,0.0,2026-03-29 00:00:00+00:00,KXTRUMPPARDONS,other,1029,
508,KXXISUCCESSOR-45JAN01-ZLEJ,1.0,2026-03-29 00:00:00+00:00,KXXISUCCESSOR,other,6853,450.0
508,KXXISUCCESSOR-45JAN01-YLI,0.0,2026-03-29 00:00:00+00:00,KXXISUCCESSOR,other,6853,
508,KXXISUCCESSOR-45JAN01-ZGUO,0.0,2026-03-29 00:00:00+00:00,KXXISUCCESSOR,other,6853,
508,KXXISUCCESSOR-45JAN01-WHUN,0.0,2026-03-29 00:00:00+00:00,KXXISUCCESSOR,other,6853,
508,KXXISUCCESSOR-45JAN01-HLIF,0.0,2026-03-29 00:00:00+00:00,KXXISUCCESSOR,other,6853,
508,KXXISUCCESSOR-45JAN01-LGAN,0.0,2026-03-29 00:00:00+00:00,KXXISUCCESSOR,other,6853,
508,KXXISUCCESSOR-45JAN01-YYON,0.0,2026-03-29 00:00:00+00:00,KXXISUCCESSOR,other,6853,
508,KXXISUCCESSOR-45JAN01-MXIN,0.0,2026-03-29 00:00:00+00:00,KXXISUCCESSOR,other,6853,
508,KXXISUCCESSOR-45JAN01-CMIN,0.0,2026-03-29 00:00:00+00:00,KXXISUCCESSOR,other,6853,
514,GOVPARTYLA-27-R,1.0,2026-04-07 00:00:00+00:00,GOVPARTYLA,other,950,1195.0
514,GOVPARTYLA-27-D,0.0,2026-04-07 00:00:00+00:00,GOVPARTYLA,other,950,
515,KX2028RRUN-28-EKIR,1.0,2026-04-07 00:00:00+00:00,KX2028RRUN,other,634,150.0
515,KX2028RRUN-28-ESTE,0.0,2026-04-07 00:00:00+00:00,KX2028RRUN,other,634,
515,KX2028RRUN-28-KBRI,0.0,2026-04-07 00:00:00+00:00,KX2028RRUN,other,634,
515,KX2028RRUN-28-DJT,0.0,2026-04-07 00:00:00+00:00,KX2028RRUN,other,634,
515,KX2028RRUN-28-JKUS,0.0,2026-04-07 00:00:00+00:00,KX2028RRUN,other,634,
515,KX2028RRUN-28-JTHU,0.0,2026-04-07 00:00:00+00:00,KX2028RRUN,other,634,
515,KX2028RRUN-28-EMUS,0.0,2026-04-07 00:00:00+00:00,KX2028RRUN,other,634,
515,KX2028RRUN-28-JVAN,0.0,2026-04-07 00:00:00+00:00,KX2028RRUN,other,634,
515,KX2028RRUN-28-MGAE,0.0,2026-04-07 00:00:00+00:00,KX2028RRUN,other,634,
515,KX2028RRUN-28-DJTJR,0.0,2026-04-07 00:00:00+00:00,KX2028RRUN,other,634,
515,KX2028RRUN-28-STE,0.0,2026-04-07 00:00:00+00:00,KX2028RRUN,other,634,
516,KX2028RRUN-28-GYOU,1.0,2026-04-07 00:00:00+00:00,KX2028RRUN,other,634,150.0
516,KX2028RRUN-28-TCRU,0.0,2026-04-07 00:00:00+00:00,KX2028RRUN,other,634,
516,KX2028RRUN-28-BKEM,0.0,2026-04-07 00:00:00+00:00,KX2028RRUN,other,634,
516,KX2028RRUN-28-MRUB,0.0,2026-04-07 00:00:00+00:00,KX2028RRUN,other,634,
516,KX2028RRUN-28-TUC,0.0,2026-04-07 00:00:00+00:00,KX2028RRUN,other,634,
516,KX2028RRUN-28-VRAM,0.0,2026-04-07 00:00:00+00:00,KX2028RRUN,other,634,
516,KX2028RRUN-28-MTAY,0.0,2026-04-07 00:00:00+00:00,KX2028RRUN,other,634,
516,KX2028RRUN-28-TMAS,0.0,2026-04-07 00:00:00+00:00,KX2028RRUN,other,634,
516,KX2028RRUN-28-STE,0.0,2026-04-07 00:00:00+00:00,KX2028RRUN,other,634,
516,KX2028RRUN-28-DJTJR,0.0,2026-04-07 00:00:00+00:00,KX2028RRUN,other,634,
516,KX2028RRUN-28-MGAE,0.0,2026-04-07 00:00:00+00:00,KX2028RRUN,other,634,
517,KX2028RRUN-28-NHAL,1.0,2026-04-07 00:00:00+00:00,KX2028RRUN,other,634,150.0
517,KX2028RRUN-28-TCRU,0.0,2026-04-07 00:00:00+00:00,KX2028RRUN,other,634,
517,KX2028RRUN-28-BKEM,0.0,2026-04-07 00:00:00+00:00,KX2028RRUN,other,634,
517,KX2028RRUN-28-MRUB,0.0,2026-04-07 00:00:00+00:00,KX2028RRUN,other,634,
517,KX2028RRUN-28-TUC,0.0,2026-04-07 00:00:00+00:00,KX2028RRUN,other,634,
517,KX2028RRUN-28-VRAM,0.0,2026-04-07 00:00:00+00:00,KX2028RRUN,other,634,
517,KX2028RRUN-28-MTAY,0.0,2026-04-07 00:00:00+00:00,KX2028RRUN,other,634,
517,KX2028RRUN-28-TMAS,0.0,2026-04-07 00:00:00+00:00,KX2028RRUN,other,634,
517,KX2028RRUN-28-STE,0.0,2026-04-07 00:00:00+00:00,KX2028RRUN,other,634,
517,KX2028RRUN-28-DJTJR,0.0,2026-04-07 00:00:00+00:00,KX2028RRUN,other,634,
517,KX2028RRUN-28-MGAE,0.0,2026-04-07 00:00:00+00:00,KX2028RRUN,other,634,
518,KXATTYGENNY-26-D,1.0,2026-04-07 00:00:00+00:00,KXATTYGENNY,other,575,150.0
518,KXATTYGENNY-26-R,0.0,2026-04-07 00:00:00+00:00,KXATTYGENNY,other,575,
519,KXATTYGENTX-26-D,1.0,2026-04-07 00:00:00+00:00,KXATTYGENTX,other,575,270.0
519,KXATTYGENTX-26-R,0.0,2026-04-07 00:00:00+00:00,KXATTYGENTX,other,575,
520,KXDEMOCRACYUS-28-7.50,1.0,2026-04-07 00:00:00+00:00,KXDEMOCRACYUS,other,1136,150.0
520,KXDEMOCRACYUS-28-7.60,0.0,2026-04-07 00:00:00+00:00,KXDEMOCRACYUS,other,1136,
522,KXFEDGOVNOM-27-SMIR,1.0,2026-04-07 00:00:00+00:00,KXFEDGOVNOM,other,269,150.0
522,KXFEDGOVNOM-27-RRIE,0.0,2026-04-07 00:00:00+00:00,KXFEDGOVNOM,other,269,
522,KXFEDGOVNOM-27-JBUL,0.0,2026-04-07 00:00:00+00:00,KXFEDGOVNOM,other,269,
522,KXFEDGOVNOM-27-MBOW,0.0,2026-04-07 00:00:00+00:00,KXFEDGOVNOM,other,269,
522,KXFEDGOVNOM-27-KHAS,0.0,2026-04-07 00:00:00+00:00,KXFEDGOVNOM,other,269,
522,KXFEDGOVNOM-27-DMAL,0.0,2026-04-07 00:00:00+00:00,KXFEDGOVNOM,other,269,
522,KXFEDGOVNOM-27-SBES,0.0,2026-04-07 00:00:00+00:00,KXFEDGOVNOM,other,269,
522,KXFEDGOVNOM-27-LLOG,0.0,2026-04-07 00:00:00+00:00,KXFEDGOVNOM,other,269,
522,KXFEDGOVNOM-27-MSUM,0.0,2026-04-07 00:00:00+00:00,KXFEDGOVNOM,other,269,
522,KXFEDGOVNOM-27-PJEF,0.0,2026-04-07 00:00:00+00:00,KXFEDGOVNOM,other,269,
522,KXFEDGOVNOM-27-CWAL,0.0,2026-04-07 00:00:00+00:00,KXFEDGOVNOM,other,269,
523,KXGOVAK-26-BWIL,1.0,2026-04-07 00:00:00+00:00,KXGOVAK,other,575,150.0
523,KXGOVAK-26-TTAY,0.0,2026-04-07 00:00:00+00:00,KXGOVAK,other,575,
523,KXGOVAK-26-JKRE,0.0,2026-04-07 00:00:00+00:00,KXGOVAK,other,575,
523,KXGOVAK-26-MHEI,0.0,2026-04-07 00:00:00+00:00,KXGOVAK,other,575,
523,KXGOVAK-26-LMUR,0.0,2026-04-07 00:00:00+00:00,KXGOVAK,other,575,
523,KXGOVAK-26-ACRU,0.0,2026-04-07 00:00:00+00:00,KXGOVAK,other,575,
523,KXGOVAK-26-SHUG,0.0,2026-04-07 00:00:00+00:00,KXGOVAK,other,575,
523,KXGOVAK-26-MCLA,0.0,2026-04-07 00:00:00+00:00,KXGOVAK,other,575,
523,KXGOVAK-26-EDEV,0.0,2026-04-07 00:00:00+00:00,KXGOVAK,other,575,
524,KXGOVAKPRIMARY-26-JKRE,1.0,2026-04-07 00:00:00+00:00,KXGOVAKPRIMARY,other,134,150.0
524,KXGOVAKPRIMARY-26-BWIL,0.0,2026-04-07 00:00:00+00:00,KXGOVAKPRIMARY,other,134,
524,KXGOVAKPRIMARY-26-TBEG,0.0,2026-04-07 00:00:00+00:00,KXGOVAKPRIMARY,other,134,
524,KXGOVAKPRIMARY-26-ACRU,0.0,2026-04-07 00:00:00+00:00,KXGOVAKPRIMARY,other,134,
524,KXGOVAKPRIMARY-26-EDEV,0.0,2026-04-07 00:00:00+00:00,KXGOVAKPRIMARY,other,134,
524,KXGOVAKPRIMARY-26-MHEI,0.0,2026-04-07 00:00:00+00:00,KXGOVAKPRIMARY,other,134,
524,KXGOVAKPRIMARY-26-MCLA,0.0,2026-04-07 00:00:00+00:00,KXGOVAKPRIMARY,other,134,
524,KXGOVAKPRIMARY-26-SHUG,0.0,2026-04-07 00:00:00+00:00,KXGOVAKPRIMARY,other,134,
524,KXGOVAKPRIMARY-26-LMUR,0.0,2026-04-07 00:00:00+00:00,KXGOVAKPRIMARY,other,134,
524,KXGOVAKPRIMARY-26-MPEL,0.0,2026-04-07 00:00:00+00:00,KXGOVAKPRIMARY,other,134,
525,KXGOVWINS-27JAN01-R-50,1.0,2026-04-07 00:00:00+00:00,KXGOVWINS,other,269,275.0
525,KXGOVWINS-27JAN01-E0,0.0,2026-04-07 00:00:00+00:00,KXGOVWINS,other,269,
526,KXGOVWINS-27JAN01-R1,1.0,2026-04-07 00:00:00+00:00,KXGOVWINS,other,269,300.0
526,KXGOVWINS-27JAN01-E0,0.0,2026-04-07 00:00:00+00:00,KXGOVWINS,other,269,
527,KXLAIOUT-LCHI-28JAN01,1.0,2026-04-07 00:00:00+00:00,KXLAIOUT,other,634,950.0
527,KXLAIOUT-LCHI-27JAN01,0.0,2026-04-07 00:00:00+00:00,KXLAIOUT,other,634,
528,KXLOSEREELECTIONRSEN-2026-5,1.0,2026-04-07 00:00:00+00:00,KXLOSEREELECTIONRSEN,other,268,150.0
528,KXLOSEREELECTIONRSEN-2026-2,0.0,2026-04-07 00:00:00+00:00,KXLOSEREELECTIONRSEN,other,268,
528,KXLOSEREELECTIONRSEN-2026-4,0.0,2026-04-07 00:00:00+00:00,KXLOSEREELECTIONRSEN,other,268,
529,KXMI11D-26-JMOS,1.0,2026-04-07 00:00:00+00:00,KXMI11D,other,120,300.0
529,KXMI11D-26-ALEV,0.0,2026-04-07 00:00:00+00:00,KXMI11D,other,120,
529,KXMI11D-26-DWOO,0.0,2026-04-07 00:00:00+00:00,KXMI11D,other,120,
529,KXMI11D-26-AFAR,0.0,2026-04-07 00:00:00+00:00,KXMI11D,other,120,
530,KXPHILIPPINESPRES-28-SDUT,1.0,2026-04-07 00:00:00+00:00,KXPHILIPPINESPRES,other,1150,450.0
530,KXPHILIPPINESPRES-28-FPAN,0.0,2026-04-07 00:00:00+00:00,KXPHILIPPINESPRES,other,1150,
530,KXPHILIPPINESPRES-28-WGAT,0.0,2026-04-07 00:00:00+00:00,KXPHILIPPINESPRES,other,1150,
530,KXPHILIPPINESPRES-28-GPOE,0.0,2026-04-07 00:00:00+00:00,KXPHILIPPINESPRES,other,1150,
531,KXSENATEVAR-26-DWIL,1.0,2026-04-07 00:00:00+00:00,KXSENATEVAR,other,120,950.0
531,KXSENATEVAR-26-AMIN,0.0,2026-04-07 00:00:00+00:00,KXSENATEVAR,other,120,
531,KXSENATEVAR-26-KFAR,0.0,2026-04-07 00:00:00+00:00,KXSENATEVAR,other,120,
531,KXSENATEVAR-26-WES,0.0,2026-04-07 00:00:00+00:00,KXSENATEVAR,other,120,
531,KXSENATEVAR-26-JMIY,0.0,2026-04-07 00:00:00+00:00,KXSENATEVAR,other,120,
531,KXSENATEVAR-26-BREE,0.0,2026-04-07 00:00:00+00:00,KXSENATEVAR,other,120,
532,KXSLOVAKIAPARLI-27-PS,1.0,2026-04-07 00:00:00+00:00,KXSLOVAKIAPARLI,other,906,150.0
532,KXSLOVAKIAPARLI-27-HLAS,0.0,2026-04-07 00:00:00+00:00,KXSLOVAKIAPARLI,other,906,
533,KXTORONTOMAYOR-26OCT26-OCHO,1.0,2026-04-07 00:00:00+00:00,KXTORONTOMAYOR,other,567,800.0
533,KXTORONTOMAYOR-26OCT26-BBRA,0.0,2026-04-07 00:00:00+00:00,KXTORONTOMAYOR,other,567,
533,KXTORONTOMAYOR-26OCT26-AFUR,0.0,2026-04-07 00:00:00+00:00,KXTORONTOMAYOR,other,567,
533,KXTORONTOMAYOR-26OCT26-JTOR,0.0,2026-04-07 00:00:00+00:00,KXTORONTOMAYOR,other,567,
534,KXUSFUNDHEAD-27-CPAH,1.0,2026-04-07 00:00:00+00:00,KXUSFUNDHEAD,other,269,150.0
534,KXUSFUNDHEAD-27-BACK,0.0,2026-04-07 00:00:00+00:00,KXUSFUNDHEAD,other,269,
535,KXVACCINEREC-27-C19,1.0,2026-04-07 00:00:00+00:00,KXVACCINEREC,other,269,150.0
535,KXVACCINEREC-27-ROT,0.0,2026-04-07 00:00:00+00:00,KXVACCINEREC,other,269,
535,KXVACCINEREC-27-DEN,0.0,2026-04-07 00:00:00+00:00,KXVACCINEREC,other,269,
535,KXVACCINEREC-27-POL,0.0,2026-04-07 00:00:00+00:00,KXVACCINEREC,other,269,
536,KXVACCINEREC-27-FLU,1.0,2026-04-07 00:00:00+00:00,KXVACCINEREC,other,269,150.0
536,KXVACCINEREC-27-ROT,0.0,2026-04-07 00:00:00+00:00,KXVACCINEREC,other,269,
536,KXVACCINEREC-27-DEN,0.0,2026-04-07 00:00:00+00:00,KXVACCINEREC,other,269,
536,KXVACCINEREC-27-POL,0.0,2026-04-07 00:00:00+00:00,KXVACCINEREC,other,269,
537,KXVANCOUVERMAYOR-26OCT17-KALL,1.0,2026-04-07 00:00:00+00:00,KXVANCOUVERMAYOR,other,558,300.0
537,KXVANCOUVERMAYOR-26OCT17-RBLI,0.0,2026-04-07 00:00:00+00:00,KXVANCOUVERMAYOR,other,558,
537,KXVANCOUVERMAYOR-26OCT17-SORR,0.0,2026-04-07 00:00:00+00:00,KXVANCOUVERMAYOR,other,558,
537,KXVANCOUVERMAYOR-26OCT17-KLAP,0.0,2026-04-07 00:00:00+00:00,KXVANCOUVERMAYOR,other,558,
538,KXVANCOUVERMAYOR-26OCT17-PFRY,1.0,2026-04-07 00:00:00+00:00,KXVANCOUVERMAYOR,other,558,150.0
538,KXVANCOUVERMAYOR-26OCT17-RBLI,0.0,2026-04-07 00:00:00+00:00,KXVANCOUVERMAYOR,other,558,
538,KXVANCOUVERMAYOR-26OCT17-SORR,0.0,2026-04-07 00:00:00+00:00,KXVANCOUVERMAYOR,other,558,
538,KXVANCOUVERMAYOR-26OCT17-KLAP,0.0,2026-04-07 00:00:00+00:00,KXVANCOUVERMAYOR,other,558,
539,KXWHVISIT-27-RPAH,1.0,2026-04-07 00:00:00+00:00,KXWHVISIT,other,269,150.0
539,KXWHVISIT-27-AALS,0.0,2026-04-07 00:00:00+00:00,KXWHVISIT,other,269,
539,KXWHVISIT-27-BMAH,0.0,2026-04-07 00:00:00+00:00,KXWHVISIT,other,269,
539,KXWHVISIT-27-VPUT,0.0,2026-04-07 00:00:00+00:00,KXWHVISIT,other,269,
540,KXXISUCCESSOR-45JAN01-LQIA,1.0,2026-04-07 00:00:00+00:00,KXXISUCCESSOR,other,6844,300.0
540,KXXISUCCESSOR-45JAN01-YLI,0.0,2026-04-07 00:00:00+00:00,KXXISUCCESSOR,other,6844,
540,KXXISUCCESSOR-45JAN01-WHUN,0.0,2026-04-07 00:00:00+00:00,KXXISUCCESSOR,other,6844,
540,KXXISUCCESSOR-45JAN01-LGAN,0.0,2026-04-07 00:00:00+00:00,KXXISUCCESSOR,other,6844,
540,KXXISUCCESSOR-45JAN01-ZGUO,0.0,2026-04-07 00:00:00+00:00,KXXISUCCESSOR,other,6844,
540,KXXISUCCESSOR-45JAN01-HLIF,0.0,2026-04-07 00:00:00+00:00,KXXISUCCESSOR,other,6844,
540,KXXISUCCESSOR-45JAN01-YYON,0.0,2026-04-07 00:00:00+00:00,KXXISUCCESSOR,other,6844,
540,KXXISUCCESSOR-45JAN01-MXIN,0.0,2026-04-07 00:00:00+00:00,KXXISUCCESSOR,other,6844,
540,KXXISUCCESSOR-45JAN01-CMIN,0.0,2026-04-07 00:00:00+00:00,KXXISUCCESSOR,other,6844,
541,KXXISUCCESSOR-45JAN01-LXI,1.0,2026-04-07 00:00:00+00:00,KXXISUCCESSOR,other,6844,150.0
541,KXXISUCCESSOR-45JAN01-YLI,0.0,2026-04-07 00:00:00+00:00,KXXISUCCESSOR,other,6844,
541,KXXISUCCESSOR-45JAN01-WHUN,0.0,2026-04-07 00:00:00+00:00,KXXISUCCESSOR,other,6844,
541,KXXISUCCESSOR-45JAN01-LGAN,0.0,2026-04-07 00:00:00+00:00,KXXISUCCESSOR,other,6844,
541,KXXISUCCESSOR-45JAN01-ZGUO,0.0,2026-04-07 00:00:00+00:00,KXXISUCCESSOR,other,6844,
541,KXXISUCCESSOR-45JAN01-HLIF,0.0,2026-04-07 00:00:00+00:00,KXXISUCCESSOR,other,6844,
541,KXXISUCCESSOR-45JAN01-YYON,0.0,2026-04-07 00:00:00+00:00,KXXISUCCESSOR,other,6844,
541,KXXISUCCESSOR-45JAN01-MXIN,0.0,2026-04-07 00:00:00+00:00,KXXISUCCESSOR,other,6844,
541,KXXISUCCESSOR-45JAN01-CMIN,0.0,2026-04-07 00:00:00+00:00,KXXISUCCESSOR,other,6844,
544,HOUSECA13-26-D,1.0,2026-04-14 00:00:00+00:00,HOUSECA13,other,568,500.0
544,HOUSECA13-26-R,0.0,2026-04-14 00:00:00+00:00,HOUSECA13,other,568,
545,KXABRAHAMSA-27-JAN01-COLO,1.0,2026-04-14 00:00:00+00:00,KXABRAHAMSA,other,125,500.0
545,KXABRAHAMSA-29-JAN20,0.0,2026-04-14 00:00:00+00:00,KXABRAHAMSA,other,125,
545,KXABRAHAMSA-27-JAN01-LEB,0.0,2026-04-14 00:00:00+00:00,KXABRAHAMSA,other,125,
545,KXABRAHAMSA-27-JAN01-SYR,0.0,2026-04-14 00:00:00+00:00,KXABRAHAMSA,other,125,
545,KXABRAHAMSA-27-JAN01-BELI,0.0,2026-04-14 00:00:00+00:00,KXABRAHAMSA,other,125,
545,KXABRAHAMSA-27-JAN01-INDO,0.0,2026-04-14 00:00:00+00:00,KXABRAHAMSA,other,125,
545,KXABRAHAMSA-27-JAN01-COMO,0.0,2026-04-14 00:00:00+00:00,KXABRAHAMSA,other,125,
545,KXABRAHAMSA-27-JAN01-DJIB,0.0,2026-04-14 00:00:00+00:00,KXABRAHAMSA,other,125,
545,KXABRAHAMSA-27-JAN01-MALD,0.0,2026-04-14 00:00:00+00:00,KXABRAHAMSA,other,125,
545,KXABRAHAMSA-27-JAN01-MAUR,0.0,2026-04-14 00:00:00+00:00,KXABRAHAMSA,other,125,
546,KXATTYGENCT-26-D,1.0,2026-04-14 00:00:00+00:00,KXATTYGENCT,other,568,500.0
546,KXATTYGENCT-26-R,0.0,2026-04-14 00:00:00+00:00,KXATTYGENCT,other,568,
547,KXAZ01D-25-ASHA,1.0,2026-04-14 00:00:00+00:00,KXAZ01D,other,100,500.0
547,KXAZ01D-25-ACHE,0.0,2026-04-14 00:00:00+00:00,KXAZ01D,other,100,
547,KXAZ01D-25-MGOR,0.0,2026-04-14 00:00:00+00:00,KXAZ01D,other,100,
547,KXAZ01D-25-RMCC,0.0,2026-04-14 00:00:00+00:00,KXAZ01D,other,100,
548,KXFIRSTPRIMARYD-28-NH,1.0,2026-04-14 00:00:00+00:00,KXFIRSTPRIMARYD,other,123,800.0
548,KXFIRSTPRIMARYD-28-IA,0.0,2026-04-14 00:00:00+00:00,KXFIRSTPRIMARYD,other,123,
548,KXFIRSTPRIMARYD-28-DE,0.0,2026-04-14 00:00:00+00:00,KXFIRSTPRIMARYD,other,123,
548,KXFIRSTPRIMARYD-28-VA,0.0,2026-04-14 00:00:00+00:00,KXFIRSTPRIMARYD,other,123,
548,KXFIRSTPRIMARYD-28-NC,0.0,2026-04-14 00:00:00+00:00,KXFIRSTPRIMARYD,other,123,
548,KXFIRSTPRIMARYD-28-MI,0.0,2026-04-14 00:00:00+00:00,KXFIRSTPRIMARYD,other,123,
548,KXFIRSTPRIMARYD-28-NM,0.0,2026-04-14 00:00:00+00:00,KXFIRSTPRIMARYD,other,123,
548,KXFIRSTPRIMARYD-28-TN,0.0,2026-04-14 00:00:00+00:00,KXFIRSTPRIMARYD,other,123,
548,KXFIRSTPRIMARYD-28-IL,0.0,2026-04-14 00:00:00+00:00,KXFIRSTPRIMARYD,other,123,
548,KXFIRSTPRIMARYD-28-GA,0.0,2026-04-14 00:00:00+00:00,KXFIRSTPRIMARYD,other,123,
549,KXFL19R-26-CLAU,1.0,2026-04-14 00:00:00+00:00,KXFL19R,other,127,650.0
549,KXFL19R-26-SROA,0.0,2026-04-14 00:00:00+00:00,KXFL19R,other,127,
549,KXFL19R-26-JOBE,0.0,2026-04-14 00:00:00+00:00,KXFL19R,other,127,
549,KXFL19R-26-BROM,0.0,2026-04-14 00:00:00+00:00,KXFL19R,other,127,
549,KXFL19R-26-CCOL,0.0,2026-04-14 00:00:00+00:00,KXFL19R,other,127,
550,KXGOVAKPRIMARY-26-CBIS,1.0,2026-04-14 00:00:00+00:00,KXGOVAKPRIMARY,other,140,500.0
550,KXGOVAKPRIMARY-26-BWIL,0.0,2026-04-14 00:00:00+00:00,KXGOVAKPRIMARY,other,140,
550,KXGOVAKPRIMARY-26-TBEG,0.0,2026-04-14 00:00:00+00:00,KXGOVAKPRIMARY,other,140,
550,KXGOVAKPRIMARY-26-ACRU,0.0,2026-04-14 00:00:00+00:00,KXGOVAKPRIMARY,other,140,
550,KXGOVAKPRIMARY-26-EDEV,0.0,2026-04-14 00:00:00+00:00,KXGOVAKPRIMARY,other,140,
550,KXGOVAKPRIMARY-26-MHEI,0.0,2026-04-14 00:00:00+00:00,KXGOVAKPRIMARY,other,140,
550,KXGOVAKPRIMARY-26-MCLA,0.0,2026-04-14 00:00:00+00:00,KXGOVAKPRIMARY,other,140,
550,KXGOVAKPRIMARY-26-SHUG,0.0,2026-04-14 00:00:00+00:00,KXGOVAKPRIMARY,other,140,
550,KXGOVAKPRIMARY-26-LMUR,0.0,2026-04-14 00:00:00+00:00,KXGOVAKPRIMARY,other,140,
550,KXGOVAKPRIMARY-26-MPEL,0.0,2026-04-14 00:00:00+00:00,KXGOVAKPRIMARY,other,140,
551,KXGOVAKPRIMARY-26-TTAY,1.0,2026-04-14 00:00:00+00:00,KXGOVAKPRIMARY,other,140,500.0
551,KXGOVAKPRIMARY-26-BWIL,0.0,2026-04-14 00:00:00+00:00,KXGOVAKPRIMARY,other,140,
551,KXGOVAKPRIMARY-26-TBEG,0.0,2026-04-14 00:00:00+00:00,KXGOVAKPRIMARY,other,140,
551,KXGOVAKPRIMARY-26-ACRU,0.0,2026-04-14 00:00:00+00:00,KXGOVAKPRIMARY,other,140,
551,KXGOVAKPRIMARY-26-EDEV,0.0,2026-04-14 00:00:00+00:00,KXGOVAKPRIMARY,other,140,
551,KXGOVAKPRIMARY-26-MHEI,0.0,2026-04-14 00:00:00+00:00,KXGOVAKPRIMARY,other,140,
551,KXGOVAKPRIMARY-26-MCLA,0.0,2026-04-14 00:00:00+00:00,KXGOVAKPRIMARY,other,140,
551,KXGOVAKPRIMARY-26-SHUG,0.0,2026-04-14 00:00:00+00:00,KXGOVAKPRIMARY,other,140,
551,KXGOVAKPRIMARY-26-LMUR,0.0,2026-04-14 00:00:00+00:00,KXGOVAKPRIMARY,other,140,
551,KXGOVAKPRIMARY-26-MPEL,0.0,2026-04-14 00:00:00+00:00,KXGOVAKPRIMARY,other,140,
552,KXGOVVTNOMD-26-MPIE,1.0,2026-04-14 00:00:00+00:00,KXGOVVTNOMD,other,120,500.0
552,KXGOVVTNOMD-26-PBAR,0.0,2026-04-14 00:00:00+00:00,KXGOVVTNOMD,other,120,
552,KXGOVVTNOMD-26-DZUC,0.0,2026-04-14 00:00:00+00:00,KXGOVVTNOMD,other,120,
552,KXGOVVTNOMD-26-JKRO,0.0,2026-04-14 00:00:00+00:00,KXGOVVTNOMD,other,120,
552,KXGOVVTNOMD-26-BBAL,0.0,2026-04-14 00:00:00+00:00,KXGOVVTNOMD,other,120,
552,KXGOVVTNOMD-26-ECHA,0.0,2026-04-14 00:00:00+00:00,KXGOVVTNOMD,other,120,
553,KXHOUSERACE-IN03-26-R,1.0,2026-04-14 00:00:00+00:00,KXHOUSERACE,other,568,650.0
553,KXHOUSERACE-UT04-26-D,0.0,2026-04-14 00:00:00+00:00,KXHOUSERACE,other,568,
553,KXHOUSERACE-IL09-26-R,0.0,2026-04-14 00:00:00+00:00,KXHOUSERACE,other,568,
553,KXHOUSERACE-GA03-26-D,0.0,2026-04-14 00:00:00+00:00,KXHOUSERACE,other,568,
553,KXHOUSERACE-CA28-26-R,0.0,2026-04-14 00:00:00+00:00,KXHOUSERACE,other,568,
553,KXHOUSERACE-AR03-26-D,0.0,2026-04-14 00:00:00+00:00,KXHOUSERACE,other,568,
553,KXHOUSERACE-AR04-26-D,0.0,2026-04-14 00:00:00+00:00,KXHOUSERACE,other,568,
553,KXHOUSERACE-CA01-26-D,0.0,2026-04-14 00:00:00+00:00,KXHOUSERACE,other,568,
553,KXHOUSERACE-CA08-26-R,0.0,2026-04-14 00:00:00+00:00,KXHOUSERACE,other,568,
553,KXHOUSERACE-CA33-26-R,0.0,2026-04-14 00:00:00+00:00,KXHOUSERACE,other,568,
553,KXHOUSERACE-CO07-26-R,0.0,2026-04-14 00:00:00+00:00,KXHOUSERACE,other,568,
554,KXLEBANONPARLI-26-AMAL,1.0,2026-04-14 00:00:00+00:00,KXLEBANONPARLI,other,758,500.0
554,KXLEBANONPARLI-26-KATAEB,0.0,2026-04-14 00:00:00+00:00,KXLEBANONPARLI,other,758,
554,KXLEBANONPARLI-26-MARADE,0.0,2026-04-14 00:00:00+00:00,KXLEBANONPARLI,other,758,
554,KXLEBANONPARLI-26-PSP,0.0,2026-04-14 00:00:00+00:00,KXLEBANONPARLI,other,758,
554,KXLEBANONPARLI-26-TASHNAG,0.0,2026-04-14 00:00:00+00:00,KXLEBANONPARLI,other,758,
554,KXLEBANONPARLI-26-IND,0.0,2026-04-14 00:00:00+00:00,KXLEBANONPARLI,other,758,
554,KXLEBANONPARLI-26-FPM,0.0,2026-04-14 00:00:00+00:00,KXLEBANONPARLI,other,758,
555,KXMI13D-26-STHA,1.0,2026-04-14 00:00:00+00:00,KXMI13D,other,113,650.0
555,KXMI13D-26-DMCK,0.0,2026-04-14 00:00:00+00:00,KXMI13D,other,113,
555,KXMI13D-26-NHAS,0.0,2026-04-14 00:00:00+00:00,KXMI13D,other,113,
555,KXMI13D-26-ACAR,0.0,2026-04-14 00:00:00+00:00,KXMI13D,other,113,
555,KXMI13D-26-SCAM,0.0,2026-04-14 00:00:00+00:00,KXMI13D,other,113,
556,KXMO01D-26-CBUS,1.0,2026-04-14 00:00:00+00:00,KXMO01D,other,113,500.0
556,KXMO01D-26-WBEL,0.0,2026-04-14 00:00:00+00:00,KXMO01D,other,113,
557,KXPHILIPPINESPRES-28-LROB,1.0,2026-04-14 00:00:00+00:00,KXPHILIPPINESPRES,other,1143,650.0
557,KXPHILIPPINESPRES-28-GPOE,0.0,2026-04-14 00:00:00+00:00,KXPHILIPPINESPRES,other,1143,
557,KXPHILIPPINESPRES-28-FPAN,0.0,2026-04-14 00:00:00+00:00,KXPHILIPPINESPRES,other,1143,
557,KXPHILIPPINESPRES-28-WGAT,0.0,2026-04-14 00:00:00+00:00,KXPHILIPPINESPRES,other,1143,
558,KXSENATEKSD-26-EMUR,1.0,2026-04-14 00:00:00+00:00,KXSENATEKSD,other,113,500.0
558,KXSENATEKSD-26-SNEU,0.0,2026-04-14 00:00:00+00:00,KXSENATEKSD,other,113,
558,KXSENATEKSD-26-APAR,0.0,2026-04-14 00:00:00+00:00,KXSENATEKSD,other,113,
558,KXSENATEKSD-26-MSOE,0.0,2026-04-14 00:00:00+00:00,KXSENATEKSD,other,113,
558,KXSENATEKSD-26-LKEL,0.0,2026-04-14 00:00:00+00:00,KXSENATEKSD,other,113,
558,KXSENATEKSD-26-MHOL,0.0,2026-04-14 00:00:00+00:00,KXSENATEKSD,other,113,
559,KXSENATEKSD-26-NTAY,1.0,2026-04-14 00:00:00+00:00,KXSENATEKSD,other,113,500.0
559,KXSENATEKSD-26-APAR,0.0,2026-04-14 00:00:00+00:00,KXSENATEKSD,other,113,
559,KXSENATEKSD-26-MSOE,0.0,2026-04-14 00:00:00+00:00,KXSENATEKSD,other,113,
559,KXSENATEKSD-26-SNEU,0.0,2026-04-14 00:00:00+00:00,KXSENATEKSD,other,113,
559,KXSENATEKSD-26-LKEL,0.0,2026-04-14 00:00:00+00:00,KXSENATEKSD,other,113,
559,KXSENATEKSD-26-MHOL,0.0,2026-04-14 00:00:00+00:00,KXSENATEKSD,other,113,
560,KXSPAINPARLI-27-PP,1.0,2026-04-14 00:00:00+00:00,KXSPAINPARLI,other,860,500.0
560,KXSPAINPARLI-27-PSOE,0.0,2026-04-14 00:00:00+00:00,KXSPAINPARLI,other,860,
560,KXSPAINPARLI-27-VOX,0.0,2026-04-14 00:00:00+00:00,KXSPAINPARLI,other,860,
560,KXSPAINPARLI-27-SUMAR,0.0,2026-04-14 00:00:00+00:00,KXSPAINPARLI,other,860,
561,KXTRUMPSTATES-27JAN01-SC,1.0,2026-04-14 00:00:00+00:00,KXTRUMPSTATES,other,130,500.0
561,KXTRUMPSTATES-27JAN01-MT,0.0,2026-04-14 00:00:00+00:00,KXTRUMPSTATES,other,130,
562,KX2028RRUN-28-TGAB,1.0,2026-04-22 00:00:00+00:00,KX2028RRUN,other,619,150.0
562,KX2028RRUN-28-TCRU,0.0,2026-04-22 00:00:00+00:00,KX2028RRUN,other,619,
562,KX2028RRUN-28-DJTJR,0.0,2026-04-22 00:00:00+00:00,KX2028RRUN,other,619,
562,KX2028RRUN-28-JVAN,0.0,2026-04-22 00:00:00+00:00,KX2028RRUN,other,619,
562,KX2028RRUN-28-MGAE,0.0,2026-04-22 00:00:00+00:00,KX2028RRUN,other,619,
562,KX2028RRUN-28-TMAS,0.0,2026-04-22 00:00:00+00:00,KX2028RRUN,other,619,
562,KX2028RRUN-28-STE,0.0,2026-04-22 00:00:00+00:00,KX2028RRUN,other,619,
562,KX2028RRUN-28-MTAY,0.0,2026-04-22 00:00:00+00:00,KX2028RRUN,other,619,
562,KX2028RRUN-28-VRAM,0.0,2026-04-22 00:00:00+00:00,KX2028RRUN,other,619,
562,KX2028RRUN-28-DJT,0.0,2026-04-22 00:00:00+00:00,KX2028RRUN,other,619,
562,KX2028RRUN-28-TUC,0.0,2026-04-22 00:00:00+00:00,KX2028RRUN,other,619,
563,KXBULGARIAPRES-26NOV15-NDEN,1.0,2026-04-22 00:00:00+00:00,KXBULGARIAPRES,other,572,150.0
563,KXBULGARIAPRES-26NOV15-VTER,0.0,2026-04-22 00:00:00+00:00,KXBULGARIAPRES,other,572,
563,KXBULGARIAPRES-26NOV15-BKOT,0.0,2026-04-22 00:00:00+00:00,KXBULGARIAPRES,other,572,
563,KXBULGARIAPRES-26NOV15-KKOS,0.0,2026-04-22 00:00:00+00:00,KXBULGARIAPRES,other,572,
563,KXBULGARIAPRES-26NOV15-KZAR,0.0,2026-04-22 00:00:00+00:00,KXBULGARIAPRES,other,572,
563,KXBULGARIAPRES-26NOV15-YSTO,0.0,2026-04-22 00:00:00+00:00,KXBULGARIAPRES,other,572,
563,KXBULGARIAPRES-26NOV15-AATA,0.0,2026-04-22 00:00:00+00:00,KXBULGARIAPRES,other,572,
563,KXBULGARIAPRES-26NOV15-NKIS,0.0,2026-04-22 00:00:00+00:00,KXBULGARIAPRES,other,572,
563,KXBULGARIAPRES-26NOV15-IYOT,0.0,2026-04-22 00:00:00+00:00,KXBULGARIAPRES,other,572,
564,KXCHICAGOMAYOR-27-SMEN,1.0,2026-04-22 00:00:00+00:00,KXCHICAGOMAYOR,other,672,150.0
564,KXCHICAGOMAYOR-27-JHOL,0.0,2026-04-22 00:00:00+00:00,KXCHICAGOMAYOR,other,672,
564,KXCHICAGOMAYOR-27-PVAL,0.0,2026-04-22 00:00:00+00:00,KXCHICAGOMAYOR,other,672,
564,KXCHICAGOMAYOR-27-MPAP,0.0,2026-04-22 00:00:00+00:00,KXCHICAGOMAYOR,other,672,
564,KXCHICAGOMAYOR-27-REMA,0.0,2026-04-22 00:00:00+00:00,KXCHICAGOMAYOR,other,672,
564,KXCHICAGOMAYOR-27-KBUC,0.0,2026-04-22 00:00:00+00:00,KXCHICAGOMAYOR,other,672,
566,KXGOVMANOMR-26-BSHO,1.0,2026-04-22 00:00:00+00:00,KXGOVMANOMR,other,133,150.0
566,KXGOVMANOMR-26-MMIN,0.0,2026-04-22 00:00:00+00:00,KXGOVMANOMR,other,133,
566,KXGOVMANOMR-26-BTAR,0.0,2026-04-22 00:00:00+00:00,KXGOVMANOMR,other,133,
566,KXGOVMANOMR-26-KPOL,0.0,2026-04-22 00:00:00+00:00,KXGOVMANOMR,other,133,
566,KXGOVMANOMR-26-LEVA,0.0,2026-04-22 00:00:00+00:00,KXGOVMANOMR,other,133,
566,KXGOVMANOMR-26-MSOT,0.0,2026-04-22 00:00:00+00:00,KXGOVMANOMR,other,133,
566,KXGOVMANOMR-26-PDUR,0.0,2026-04-22 00:00:00+00:00,KXGOVMANOMR,other,133,
567,KXHOUSERACE-CA05-26-D,1.0,2026-04-22 00:00:00+00:00,KXHOUSERACE,other,560,150.0
567,KXHOUSERACE-NC13-26-R,0.0,2026-04-22 00:00:00+00:00,KXHOUSERACE,other,560,
567,KXHOUSERACE-NC06-26-R,0.0,2026-04-22 00:00:00+00:00,KXHOUSERACE,other,560,
567,KXHOUSERACE-NM03-26-D,0.0,2026-04-22 00:00:00+00:00,KXHOUSERACE,other,560,
567,KXHOUSERACE-NM03-26-R,0.0,2026-04-22 00:00:00+00:00,KXHOUSERACE,other,560,
567,KXHOUSERACE-NC06-26-D,0.0,2026-04-22 00:00:00+00:00,KXHOUSERACE,other,560,
567,KXHOUSERACE-TX21-26-R,0.0,2026-04-22 00:00:00+00:00,KXHOUSERACE,other,560,
567,KXHOUSERACE-CA05-26-R,0.0,2026-04-22 00:00:00+00:00,KXHOUSERACE,other,560,
567,KXHOUSERACE-NC13-26-D,0.0,2026-04-22 00:00:00+00:00,KXHOUSERACE,other,560,
567,KXHOUSERACE-MD06-26-D,0.0,2026-04-22 00:00:00+00:00,KXHOUSERACE,other,560,
567,KXHOUSERACE-MI01-26-R,0.0,2026-04-22 00:00:00+00:00,KXHOUSERACE,other,560,
568,KXHOUSERACE-FL02-26-D,1.0,2026-04-22 00:00:00+00:00,KXHOUSERACE,other,560,150.0
568,KXHOUSERACE-AR02-26-D,0.0,2026-04-22 00:00:00+00:00,KXHOUSERACE,other,560,
568,KXHOUSERACE-OH06-26-D,0.0,2026-04-22 00:00:00+00:00,KXHOUSERACE,other,560,
568,KXHOUSERACE-AZ05-26-D,0.0,2026-04-22 00:00:00+00:00,KXHOUSERACE,other,560,
568,KXHOUSERACE-OH06-26-R,0.0,2026-04-22 00:00:00+00:00,KXHOUSERACE,other,560,
568,KXHOUSERACE-OH08-26-D,0.0,2026-04-22 00:00:00+00:00,KXHOUSERACE,other,560,
568,KXHOUSERACE-OH08-26-R,0.0,2026-04-22 00:00:00+00:00,KXHOUSERACE,other,560,
568,KXHOUSERACE-TX27-26-D,0.0,2026-04-22 00:00:00+00:00,KXHOUSERACE,other,560,
568,KXHOUSERACE-TX38-26-D,0.0,2026-04-22 00:00:00+00:00,KXHOUSERACE,other,560,
568,KXHOUSERACE-TX10-26-D,0.0,2026-04-22 00:00:00+00:00,KXHOUSERACE,other,560,
568,KXHOUSERACE-MI01-26-R,0.0,2026-04-22 00:00:00+00:00,KXHOUSERACE,other,560,
569,KXLEADERSOUT-27JAN01-DRODAPRE,1.0,2026-04-22 00:00:00+00:00,KXLEADERSOUT,other,255,150.0
569,KXLEADERSOUT-27JAN01-PSANPM,0.0,2026-04-22 00:00:00+00:00,KXLEADERSOUT,other,255,
569,KXLEADERSOUT-27JAN01-BNETISR,0.0,2026-04-22 00:00:00+00:00,KXLEADERSOUT,other,255,
569,KXLEADERSOUT-27JAN01-MDIACPC,0.0,2026-04-22 00:00:00+00:00,KXLEADERSOUT,other,255,
569,KXLEADERSOUT-27JAN01-MFREPMD,0.0,2026-04-22 00:00:00+00:00,KXLEADERSOUT,other,255,
569,KXLEADERSOUT-27JAN01-PLUXPMNZ,0.0,2026-04-22 00:00:00+00:00,KXLEADERSOUT,other,255,
569,KXLEADERSOUT-27JAN01-JFNPMG,0.0,2026-04-22 00:00:00+00:00,KXLEADERSOUT,other,255,
569,KXLEADERSOUT-27JAN01-GMELITA,0.0,2026-04-22 00:00:00+00:00,KXLEADERSOUT,other,255,
569,KXLEADERSOUT-27JAN01-VZELUKR,0.0,2026-04-22 00:00:00+00:00,KXLEADERSOUT,other,255,
569,KXLEADERSOUT-27JAN01-LSILBRA,0.0,2026-04-22 00:00:00+00:00,KXLEADERSOUT,other,255,
569,KXLEADERSOUT-27JAN01-AALSSYR,0.0,2026-04-22 00:00:00+00:00,KXLEADERSOUT,other,255,
570,KXLEBANONPARLI-26-FORCES,1.0,2026-04-22 00:00:00+00:00,KXLEBANONPARLI,other,750,150.0
570,KXLEBANONPARLI-26-FPM,0.0,2026-04-22 00:00:00+00:00,KXLEBANONPARLI,other,750,
570,KXLEBANONPARLI-26-KATAEB,0.0,2026-04-22 00:00:00+00:00,KXLEBANONPARLI,other,750,
570,KXLEBANONPARLI-26-MARADE,0.0,2026-04-22 00:00:00+00:00,KXLEBANONPARLI,other,750,
570,KXLEBANONPARLI-26-PSP,0.0,2026-04-22 00:00:00+00:00,KXLEBANONPARLI,other,750,
570,KXLEBANONPARLI-26-TASHNAG,0.0,2026-04-22 00:00:00+00:00,KXLEBANONPARLI,other,750,
570,KXLEBANONPARLI-26-IND,0.0,2026-04-22 00:00:00+00:00,KXLEBANONPARLI,other,750,
571,KXPRESNIGERIA-27-BTIN,1.0,2026-04-22 00:00:00+00:00,KXPRESNIGERIA,other,677,150.0
571,KXPRESNIGERIA-27-POBI,0.0,2026-04-22 00:00:00+00:00,KXPRESNIGERIA,other,677,
571,KXPRESNIGERIA-27-AABU,0.0,2026-04-22 00:00:00+00:00,KXPRESNIGERIA,other,677,
571,KXPRESNIGERIA-27-KSHE,0.0,2026-04-22 00:00:00+00:00,KXPRESNIGERIA,other,677,
572,KXRUNBYMIDTERM-26NOV03-JPAU,1.0,2026-04-22 00:00:00+00:00,KXRUNBYMIDTERM,other,195,150.0
572,KXRUNBYMIDTERM-26NOV03-NMIN,0.0,2026-04-22 00:00:00+00:00,KXRUNBYMIDTERM,other,195,
573,KXXISUCCESSOR-45JAN01-CJIN,1.0,2026-04-22 00:00:00+00:00,KXXISUCCESSOR,other,6829,150.0
573,KXXISUCCESSOR-45JAN01-WHUN,0.0,2026-04-22 00:00:00+00:00,KXXISUCCESSOR,other,6829,
573,KXXISUCCESSOR-45JAN01-LGAN,0.0,2026-04-22 00:00:00+00:00,KXXISUCCESSOR,other,6829,
573,KXXISUCCESSOR-45JAN01-ZGUO,0.0,2026-04-22 00:00:00+00:00,KXXISUCCESSOR,other,6829,
573,KXXISUCCESSOR-45JAN01-CMIN,0.0,2026-04-22 00:00:00+00:00,KXXISUCCESSOR,other,6829,
573,KXXISUCCESSOR-45JAN01-MXIN,0.0,2026-04-22 00:00:00+00:00,KXXISUCCESSOR,other,6829,
573,KXXISUCCESSOR-45JAN01-YLI,0.0,2026-04-22 00:00:00+00:00,KXXISUCCESSOR,other,6829,
573,KXXISUCCESSOR-45JAN01-YYON,0.0,2026-04-22 00:00:00+00:00,KXXISUCCESSOR,other,6829,
573,KXXISUCCESSOR-45JAN01-HLIF,0.0,2026-04-22 00:00:00+00:00,KXXISUCCESSOR,other,6829,
574,KXXITAIWAN-30JAN01,1.0,2026-04-22 00:00:00+00:00,KXXITAIWAN,other,1350,150.0
574,KXXITAIWAN-29JAN01,0.0,2026-04-22 00:00:00+00:00,KXXITAIWAN,other,1350,
574,KXXITAIWAN-27JAN01,0.0,2026-04-22 00:00:00+00:00,KXXITAIWAN,other,1350,
576,KXARREST-27JAN-AFAU,1.0,2026-04-29 00:00:00+00:00,KXARREST,long_dated,247,15.0
576,KXARREST-27JAN-LCOO,0.0,2026-04-29 00:00:00+00:00,KXARREST,long_dated,247,
576,KXARREST-27JAN-KPAT,0.0,2026-04-29 00:00:00+00:00,KXARREST,long_dated,247,
576,KXARREST-27JAN-GNEW,0.0,2026-04-29 00:00:00+00:00,KXARREST,long_dated,247,
576,KXARREST-27JAN-THOM,0.0,2026-04-29 00:00:00+00:00,KXARREST,long_dated,247,
576,KXARREST-27JAN-COWE,0.0,2026-04-29 00:00:00+00:00,KXARREST,long_dated,247,
576,KXARREST-27JAN-BJOH,0.0,2026-04-29 00:00:00+00:00,KXARREST,long_dated,247,
576,KXARREST-27JAN-JBID,0.0,2026-04-29 00:00:00+00:00,KXARREST,long_dated,247,
576,KXARREST-27JAN-LJUN,0.0,2026-04-29 00:00:00+00:00,KXARREST,long_dated,247,
576,KXARREST-27JAN-BNET,0.0,2026-04-29 00:00:00+00:00,KXARREST,long_dated,247,
576,KXARREST-27JAN-LLYN,0.0,2026-04-29 00:00:00+00:00,KXARREST,long_dated,247,
577,KXARREST-27JAN-BOM,1.0,2026-04-29 00:00:00+00:00,KXARREST,long_dated,247,15.0
577,KXARREST-27JAN-GNEW,0.0,2026-04-29 00:00:00+00:00,KXARREST,long_dated,247,
577,KXARREST-27JAN-KPAT,0.0,2026-04-29 00:00:00+00:00,KXARREST,long_dated,247,
577,KXARREST-27JAN-COWE,0.0,2026-04-29 00:00:00+00:00,KXARREST,long_dated,247,
577,KXARREST-27JAN-BJOH,0.0,2026-04-29 00:00:00+00:00,KXARREST,long_dated,247,
577,KXARREST-27JAN-LCOO,0.0,2026-04-29 00:00:00+00:00,KXARREST,long_dated,247,
577,KXARREST-27JAN-LJUN,0.0,2026-04-29 00:00:00+00:00,KXARREST,long_dated,247,
577,KXARREST-27JAN-BNET,0.0,2026-04-29 00:00:00+00:00,KXARREST,long_dated,247,
577,KXARREST-27JAN-THOM,0.0,2026-04-29 00:00:00+00:00,KXARREST,long_dated,247,
577,KXARREST-27JAN-LLYN,0.0,2026-04-29 00:00:00+00:00,KXARREST,long_dated,247,
577,KXARREST-27JAN-BCLIN,0.0,2026-04-29 00:00:00+00:00,KXARREST,long_dated,247,
578,KXARREST-27JAN-HCLIN,1.0,2026-04-29 00:00:00+00:00,KXARREST,long_dated,247,15.0
578,KXARREST-27JAN-PBON,0.0,2026-04-29 00:00:00+00:00,KXARREST,long_dated,247,
578,KXARREST-27JAN-ASCH,0.0,2026-04-29 00:00:00+00:00,KXARREST,long_dated,247,
578,KXARREST-27JAN-BCLIN,0.0,2026-04-29 00:00:00+00:00,KXARREST,long_dated,247,
578,KXARREST-27JAN-LLYN,0.0,2026-04-29 00:00:00+00:00,KXARREST,long_dated,247,
578,KXARREST-27JAN-BNET,0.0,2026-04-29 00:00:00+00:00,KXARREST,long_dated,247,
578,KXARREST-27JAN-LJUN,0.0,2026-04-29 00:00:00+00:00,KXARREST,long_dated,247,
578,KXARREST-27JAN-BJOH,0.0,2026-04-29 00:00:00+00:00,KXARREST,long_dated,247,
578,KXARREST-27JAN-COWE,0.0,2026-04-29 00:00:00+00:00,KXARREST,long_dated,247,
578,KXARREST-27JAN-GNEW,0.0,2026-04-29 00:00:00+00:00,KXARREST,long_dated,247,
578,KXARREST-27JAN-KPAT,0.0,2026-04-29 00:00:00+00:00,KXARREST,long_dated,247,
579,KXARREST-27JAN-JBRE,1.0,2026-04-29 00:00:00+00:00,KXARREST,long_dated,247,15.0
579,KXARREST-27JAN-MKHA,0.0,2026-04-29 00:00:00+00:00,KXARREST,long_dated,247,
579,KXARREST-27JAN-JZAP,0.0,2026-04-29 00:00:00+00:00,KXARREST,long_dated,247,
579,KXARREST-27JAN-ASCH,0.0,2026-04-29 00:00:00+00:00,KXARREST,long_dated,247,
579,KXARREST-27JAN-PBON,0.0,2026-04-29 00:00:00+00:00,KXARREST,long_dated,247,
579,KXARREST-27JAN-BCLIN,0.0,2026-04-29 00:00:00+00:00,KXARREST,long_dated,247,
579,KXARREST-27JAN-LLYN,0.0,2026-04-29 00:00:00+00:00,KXARREST,long_dated,247,
579,KXARREST-27JAN-BNET,0.0,2026-04-29 00:00:00+00:00,KXARREST,long_dated,247,
579,KXARREST-27JAN-LJUN,0.0,2026-04-29 00:00:00+00:00,KXARREST,long_dated,247,
579,KXARREST-27JAN-BJOH,0.0,2026-04-29 00:00:00+00:00,KXARREST,long_dated,247,
579,KXARREST-27JAN-COWE,0.0,2026-04-29 00:00:00+00:00,KXARREST,long_dated,247,
580,KXARREST-27JAN-JCLA,1.0,2026-04-29 00:00:00+00:00,KXARREST,long_dated,247,15.0
580,KXARREST-27JAN-ASCH,0.0,2026-04-29 00:00:00+00:00,KXARREST,long_dated,247,
580,KXARREST-27JAN-PBON,0.0,2026-04-29 00:00:00+00:00,KXARREST,long_dated,247,
580,KXARREST-27JAN-BCLIN,0.0,2026-04-29 00:00:00+00:00,KXARREST,long_dated,247,
580,KXARREST-27JAN-LLYN,0.0,2026-04-29 00:00:00+00:00,KXARREST,long_dated,247,
580,KXARREST-27JAN-BNET,0.0,2026-04-29 00:00:00+00:00,KXARREST,long_dated,247,
580,KXARREST-27JAN-LJUN,0.0,2026-04-29 00:00:00+00:00,KXARREST,long_dated,247,
580,KXARREST-27JAN-BJOH,0.0,2026-04-29 00:00:00+00:00,KXARREST,long_dated,247,
580,KXARREST-27JAN-COWE,0.0,2026-04-29 00:00:00+00:00,KXARREST,long_dated,247,
580,KXARREST-27JAN-GNEW,0.0,2026-04-29 00:00:00+00:00,KXARREST,long_dated,247,
580,KXARREST-27JAN-KPAT,0.0,2026-04-29 00:00:00+00:00,KXARREST,long_dated,247,
581,KXARREST-27JAN-JKER,1.0,2026-04-29 00:00:00+00:00,KXARREST,long_dated,247,15.0
581,KXARREST-27JAN-KPAT,0.0,2026-04-29 00:00:00+00:00,KXARREST,long_dated,247,
581,KXARREST-27JAN-GNEW,0.0,2026-04-29 00:00:00+00:00,KXARREST,long_dated,247,
581,KXARREST-27JAN-LCOO,0.0,2026-04-29 00:00:00+00:00,KXARREST,long_dated,247,
581,KXARREST-27JAN-THOM,0.0,2026-04-29 00:00:00+00:00,KXARREST,long_dated,247,
581,KXARREST-27JAN-COWE,0.0,2026-04-29 00:00:00+00:00,KXARREST,long_dated,247,
581,KXARREST-27JAN-BJOH,0.0,2026-04-29 00:00:00+00:00,KXARREST,long_dated,247,
581,KXARREST-27JAN-LJUN,0.0,2026-04-29 00:00:00+00:00,KXARREST,long_dated,247,
581,KXARREST-27JAN-BNET,0.0,2026-04-29 00:00:00+00:00,KXARREST,long_dated,247,
581,KXARREST-27JAN-JBID,0.0,2026-04-29 00:00:00+00:00,KXARREST,long_dated,247,
581,KXARREST-27JAN-LLYN,0.0,2026-04-29 00:00:00+00:00,KXARREST,long_dated,247,
582,KXARREST-27JAN-SRIC,1.0,2026-04-29 00:00:00+00:00,KXARREST,long_dated,247,15.0
582,KXARREST-27JAN-BNET,0.0,2026-04-29 00:00:00+00:00,KXARREST,long_dated,247,
582,KXARREST-27JAN-LLYN,0.0,2026-04-29 00:00:00+00:00,KXARREST,long_dated,247,
582,KXARREST-27JAN-LJUN,0.0,2026-04-29 00:00:00+00:00,KXARREST,long_dated,247,
582,KXARREST-27JAN-BJOH,0.0,2026-04-29 00:00:00+00:00,KXARREST,long_dated,247,
582,KXARREST-27JAN-BCLIN,0.0,2026-04-29 00:00:00+00:00,KXARREST,long_dated,247,
582,KXARREST-27JAN-COWE,0.0,2026-04-29 00:00:00+00:00,KXARREST,long_dated,247,
582,KXARREST-27JAN-GNEW,0.0,2026-04-29 00:00:00+00:00,KXARREST,long_dated,247,
582,KXARREST-27JAN-PBON,0.0,2026-04-29 00:00:00+00:00,KXARREST,long_dated,247,
582,KXARREST-27JAN-KPAT,0.0,2026-04-29 00:00:00+00:00,KXARREST,long_dated,247,
582,KXARREST-27JAN-LCOO,0.0,2026-04-29 00:00:00+00:00,KXARREST,long_dated,247,
590,KXCODINGMODEL-26DEC-ALIB,1.0,2026-04-29 00:00:00+00:00,KXCODINGMODEL,long_dated,246,20.0
590,KXCODINGMODEL-26DEC-BAID,0.0,2026-04-29 00:00:00+00:00,KXCODINGMODEL,long_dated,246,
590,KXCODINGMODEL-26DEC-MOON,0.0,2026-04-29 00:00:00+00:00,KXCODINGMODEL,long_dated,246,
590,KXCODINGMODEL-26DEC-ZAI,0.0,2026-04-29 00:00:00+00:00,KXCODINGMODEL,long_dated,246,
590,KXCODINGMODEL-26DEC-DEEP,0.0,2026-04-29 00:00:00+00:00,KXCODINGMODEL,long_dated,246,
590,KXCODINGMODEL-26DEC-XAI,0.0,2026-04-29 00:00:00+00:00,KXCODINGMODEL,long_dated,246,
590,KXCODINGMODEL-26DEC-GOOG,0.0,2026-04-29 00:00:00+00:00,KXCODINGMODEL,long_dated,246,
591,KXCODINGMODEL-26DEC-ANTH,1.0,2026-04-29 00:00:00+00:00,KXCODINGMODEL,long_dated,246,20.0
591,KXCODINGMODEL-26DEC-GOOG,0.0,2026-04-29 00:00:00+00:00,KXCODINGMODEL,long_dated,246,
591,KXCODINGMODEL-26DEC-XAI,0.0,2026-04-29 00:00:00+00:00,KXCODINGMODEL,long_dated,246,
591,KXCODINGMODEL-26DEC-DEEP,0.0,2026-04-29 00:00:00+00:00,KXCODINGMODEL,long_dated,246,
591,KXCODINGMODEL-26DEC-ZAI,0.0,2026-04-29 00:00:00+00:00,KXCODINGMODEL,long_dated,246,
591,KXCODINGMODEL-26DEC-BAID,0.0,2026-04-29 00:00:00+00:00,KXCODINGMODEL,long_dated,246,
591,KXCODINGMODEL-26DEC-MOON,0.0,2026-04-29 00:00:00+00:00,KXCODINGMODEL,long_dated,246,
592,KXCODINGMODEL-26DEC-OPEN,1.0,2026-04-29 00:00:00+00:00,KXCODINGMODEL,long_dated,246,20.0
592,KXCODINGMODEL-26DEC-GOOG,0.0,2026-04-29 00:00:00+00:00,KXCODINGMODEL,long_dated,246,
592,KXCODINGMODEL-26DEC-XAI,0.0,2026-04-29 00:00:00+00:00,KXCODINGMODEL,long_dated,246,
592,KXCODINGMODEL-26DEC-DEEP,0.0,2026-04-29 00:00:00+00:00,KXCODINGMODEL,long_dated,246,
592,KXCODINGMODEL-26DEC-ZAI,0.0,2026-04-29 00:00:00+00:00,KXCODINGMODEL,long_dated,246,
592,KXCODINGMODEL-26DEC-BAID,0.0,2026-04-29 00:00:00+00:00,KXCODINGMODEL,long_dated,246,
592,KXCODINGMODEL-26DEC-MOON,0.0,2026-04-29 00:00:00+00:00,KXCODINGMODEL,long_dated,246,
594,KXFED-27JAN-T2.50,1.0,2026-04-29 00:00:00+00:00,KXFED,long_dated,273,15.0
594,KXFED-27APR-T4.25,0.0,2026-04-29 00:00:00+00:00,KXFED,long_dated,273,
594,KXFED-27APR-T2.00,0.0,2026-04-29 00:00:00+00:00,KXFED,long_dated,273,
594,KXFED-27MAR-T2.75,0.0,2026-04-29 00:00:00+00:00,KXFED,long_dated,273,
594,KXFED-27MAR-T3.75,0.0,2026-04-29 00:00:00+00:00,KXFED,long_dated,273,
594,KXFED-26DEC-T2.75,0.0,2026-04-29 00:00:00+00:00,KXFED,long_dated,273,
594,KXFED-27APR-T1.75,0.0,2026-04-29 00:00:00+00:00,KXFED,long_dated,273,
594,KXFED-27JAN-T2.25,0.0,2026-04-29 00:00:00+00:00,KXFED,long_dated,273,
594,KXFED-27APR-T4.00,0.0,2026-04-29 00:00:00+00:00,KXFED,long_dated,273,
594,KXFED-26OCT-T3.00,0.0,2026-04-29 00:00:00+00:00,KXFED,long_dated,273,
594,KXFED-27APR-T1.50,0.0,2026-04-29 00:00:00+00:00,KXFED,long_dated,273,
595,KXFED-27JAN-T2.75,1.0,2026-04-29 00:00:00+00:00,KXFED,long_dated,273,15.0
595,KXFED-27APR-T2.50,0.0,2026-04-29 00:00:00+00:00,KXFED,long_dated,273,
595,KXFED-27APR-T3.75,0.0,2026-04-29 00:00:00+00:00,KXFED,long_dated,273,
595,KXFED-27APR-T2.25,0.0,2026-04-29 00:00:00+00:00,KXFED,long_dated,273,
595,KXFED-26JUL-T3.50,0.0,2026-04-29 00:00:00+00:00,KXFED,long_dated,273,
595,KXFED-27MAR-T3.00,0.0,2026-04-29 00:00:00+00:00,KXFED,long_dated,273,
595,KXFED-26SEP-T3.25,0.0,2026-04-29 00:00:00+00:00,KXFED,long_dated,273,
595,KXFED-27APR-T4.00,0.0,2026-04-29 00:00:00+00:00,KXFED,long_dated,273,
595,KXFED-26OCT-T3.25,0.0,2026-04-29 00:00:00+00:00,KXFED,long_dated,273,
595,KXFED-27MAR-T3.50,0.0,2026-04-29 00:00:00+00:00,KXFED,long_dated,273,
595,KXFED-27APR-T2.75,0.0,2026-04-29 00:00:00+00:00,KXFED,long_dated,273,
596,KXFED-27JAN-T3.00,1.0,2026-04-29 00:00:00+00:00,KXFED,long_dated,273,15.0
596,KXFED-27APR-T3.25,0.0,2026-04-29 00:00:00+00:00,KXFED,long_dated,273,
596,KXFED-27MAR-T3.25,0.0,2026-04-29 00:00:00+00:00,KXFED,long_dated,273,
596,KXFED-27APR-T3.50,0.0,2026-04-29 00:00:00+00:00,KXFED,long_dated,273,
596,KXFED-26SEP-T3.50,0.0,2026-04-29 00:00:00+00:00,KXFED,long_dated,273,
596,KXFED-26OCT-T3.50,0.0,2026-04-29 00:00:00+00:00,KXFED,long_dated,273,
596,KXFED-27APR-T3.00,0.0,2026-04-29 00:00:00+00:00,KXFED,long_dated,273,
596,KXFED-27APR-T2.75,0.0,2026-04-29 00:00:00+00:00,KXFED,long_dated,273,
596,KXFED-27MAR-T3.50,0.0,2026-04-29 00:00:00+00:00,KXFED,long_dated,273,
596,KXFED-26OCT-T3.25,0.0,2026-04-29 00:00:00+00:00,KXFED,long_dated,273,
596,KXFED-26SEP-T3.25,0.0,2026-04-29 00:00:00+00:00,KXFED,long_dated,273,
597,KXFED-27JAN-T3.25,1.0,2026-04-29 00:00:00+00:00,KXFED,long_dated,273,15.0
597,KXFED-26JUL-T3.50,0.0,2026-04-29 00:00:00+00:00,KXFED,long_dated,273,
597,KXFED-27APR-T3.75,0.0,2026-04-29 00:00:00+00:00,KXFED,long_dated,273,
597,KXFED-27MAR-T3.00,0.0,2026-04-29 00:00:00+00:00,KXFED,long_dated,273,
597,KXFED-27APR-T2.50,0.0,2026-04-29 00:00:00+00:00,KXFED,long_dated,273,
597,KXFED-26SEP-T3.25,0.0,2026-04-29 00:00:00+00:00,KXFED,long_dated,273,
597,KXFED-26OCT-T3.25,0.0,2026-04-29 00:00:00+00:00,KXFED,long_dated,273,
597,KXFED-27MAR-T3.50,0.0,2026-04-29 00:00:00+00:00,KXFED,long_dated,273,
597,KXFED-27APR-T2.25,0.0,2026-04-29 00:00:00+00:00,KXFED,long_dated,273,
597,KXFED-27APR-T2.75,0.0,2026-04-29 00:00:00+00:00,KXFED,long_dated,273,
597,KXFED-27APR-T3.00,0.0,2026-04-29 00:00:00+00:00,KXFED,long_dated,273,
598,KXFED-27JAN-T3.50,1.0,2026-04-29 00:00:00+00:00,KXFED,long_dated,273,15.0
598,KXFED-27APR-T4.00,0.0,2026-04-29 00:00:00+00:00,KXFED,long_dated,273,
598,KXFED-27MAR-T2.75,0.0,2026-04-29 00:00:00+00:00,KXFED,long_dated,273,
598,KXFED-27APR-T2.25,0.0,2026-04-29 00:00:00+00:00,KXFED,long_dated,273,
598,KXFED-27APR-T4.25,0.0,2026-04-29 00:00:00+00:00,KXFED,long_dated,273,
598,KXFED-27APR-T2.00,0.0,2026-04-29 00:00:00+00:00,KXFED,long_dated,273,
598,KXFED-27MAR-T3.75,0.0,2026-04-29 00:00:00+00:00,KXFED,long_dated,273,
598,KXFED-27APR-T2.50,0.0,2026-04-29 00:00:00+00:00,KXFED,long_dated,273,
598,KXFED-26DEC-T2.75,0.0,2026-04-29 00:00:00+00:00,KXFED,long_dated,273,
598,KXFED-27APR-T3.75,0.0,2026-04-29 00:00:00+00:00,KXFED,long_dated,273,
598,KXFED-27APR-T1.75,0.0,2026-04-29 00:00:00+00:00,KXFED,long_dated,273,
599,KXFED-27JAN-T3.75,1.0,2026-04-29 00:00:00+00:00,KXFED,long_dated,273,15.0
599,KXFED-27JAN-T1.50,0.0,2026-04-29 00:00:00+00:00,KXFED,long_dated,273,
599,KXFED-27APR-T1.00,0.0,2026-04-29 00:00:00+00:00,KXFED,long_dated,273,
599,KXFED-26SEP-T3.00,0.0,2026-04-29 00:00:00+00:00,KXFED,long_dated,273,
599,KXFED-26DEC-T4.00,0.0,2026-04-29 00:00:00+00:00,KXFED,long_dated,273,
599,KXFED-27APR-T0.75,0.0,2026-04-29 00:00:00+00:00,KXFED,long_dated,273,
599,KXFED-27MAR-T2.50,0.0,2026-04-29 00:00:00+00:00,KXFED,long_dated,273,
599,KXFED-27JAN-T0.25,0.0,2026-04-29 00:00:00+00:00,KXFED,long_dated,273,
599,KXFED-27JAN-T1.75,0.0,2026-04-29 00:00:00+00:00,KXFED,long_dated,273,
599,KXFED-26JUL-T3.25,0.0,2026-04-29 00:00:00+00:00,KXFED,long_dated,273,
599,KXFED-26OCT-T3.75,0.0,2026-04-29 00:00:00+00:00,KXFED,long_dated,273,
600,KXFEDCHGCOUNT-27JAN01-E0,1.0,2026-04-29 00:00:00+00:00,KXFEDCHGCOUNT,long_dated,140,15.0
600,KXFEDCHGCOUNT-27JAN01-E7,0.0,2026-04-29 00:00:00+00:00,KXFEDCHGCOUNT,long_dated,140,
600,KXFEDCHGCOUNT-27JAN01-E5,0.0,2026-04-29 00:00:00+00:00,KXFEDCHGCOUNT,long_dated,140,
600,KXFEDCHGCOUNT-27JAN01-E6,0.0,2026-04-29 00:00:00+00:00,KXFEDCHGCOUNT,long_dated,140,
600,KXFEDCHGCOUNT-27JAN01-E8,0.0,2026-04-29 00:00:00+00:00,KXFEDCHGCOUNT,long_dated,140,
600,KXFEDCHGCOUNT-27JAN01-E10,0.0,2026-04-29 00:00:00+00:00,KXFEDCHGCOUNT,long_dated,140,
600,KXFEDCHGCOUNT-27JAN01-E11,0.0,2026-04-29 00:00:00+00:00,KXFEDCHGCOUNT,long_dated,140,
600,KXFEDCHGCOUNT-27JAN01-E12,0.0,2026-04-29 00:00:00+00:00,KXFEDCHGCOUNT,long_dated,140,
600,KXFEDCHGCOUNT-27JAN01-E9,0.0,2026-04-29 00:00:00+00:00,KXFEDCHGCOUNT,long_dated,140,
601,KXFEDCHGCOUNT-27JAN01-E1,1.0,2026-04-29 00:00:00+00:00,KXFEDCHGCOUNT,long_dated,247,15.0
601,KXFEDCHGCOUNT-27JAN01-E7,0.0,2026-04-29 00:00:00+00:00,KXFEDCHGCOUNT,long_dated,247,
601,KXFEDCHGCOUNT-27JAN01-E5,0.0,2026-04-29 00:00:00+00:00,KXFEDCHGCOUNT,long_dated,247,
601,KXFEDCHGCOUNT-27JAN01-E6,0.0,2026-04-29 00:00:00+00:00,KXFEDCHGCOUNT,long_dated,247,
601,KXFEDCHGCOUNT-27JAN01-E8,0.0,2026-04-29 00:00:00+00:00,KXFEDCHGCOUNT,long_dated,247,
601,KXFEDCHGCOUNT-27JAN01-E10,0.0,2026-04-29 00:00:00+00:00,KXFEDCHGCOUNT,long_dated,247,
601,KXFEDCHGCOUNT-27JAN01-E11,0.0,2026-04-29 00:00:00+00:00,KXFEDCHGCOUNT,long_dated,247,
601,KXFEDCHGCOUNT-27JAN01-E12,0.0,2026-04-29 00:00:00+00:00,KXFEDCHGCOUNT,long_dated,247,
601,KXFEDCHGCOUNT-27JAN01-E9,0.0,2026-04-29 00:00:00+00:00,KXFEDCHGCOUNT,long_dated,247,
602,KXFEDCHGCOUNT-27JAN01-E2,1.0,2026-04-29 00:00:00+00:00,KXFEDCHGCOUNT,long_dated,247,15.0
602,KXFEDCHGCOUNT-27JAN01-E7,0.0,2026-04-29 00:00:00+00:00,KXFEDCHGCOUNT,long_dated,247,
602,KXFEDCHGCOUNT-27JAN01-E5,0.0,2026-04-29 00:00:00+00:00,KXFEDCHGCOUNT,long_dated,247,
602,KXFEDCHGCOUNT-27JAN01-E6,0.0,2026-04-29 00:00:00+00:00,KXFEDCHGCOUNT,long_dated,247,
602,KXFEDCHGCOUNT-27JAN01-E8,0.0,2026-04-29 00:00:00+00:00,KXFEDCHGCOUNT,long_dated,247,
602,KXFEDCHGCOUNT-27JAN01-E10,0.0,2026-04-29 00:00:00+00:00,KXFEDCHGCOUNT,long_dated,247,
602,KXFEDCHGCOUNT-27JAN01-E11,0.0,2026-04-29 00:00:00+00:00,KXFEDCHGCOUNT,long_dated,247,
602,KXFEDCHGCOUNT-27JAN01-E12,0.0,2026-04-29 00:00:00+00:00,KXFEDCHGCOUNT,long_dated,247,
602,KXFEDCHGCOUNT-27JAN01-E9,0.0,2026-04-29 00:00:00+00:00,KXFEDCHGCOUNT,long_dated,247,
603,KXFEDCHGCOUNT-27JAN01-E3,1.0,2026-04-29 00:00:00+00:00,KXFEDCHGCOUNT,long_dated,247,15.0
603,KXFEDCHGCOUNT-27JAN01-E7,0.0,2026-04-29 00:00:00+00:00,KXFEDCHGCOUNT,long_dated,247,
603,KXFEDCHGCOUNT-27JAN01-E5,0.0,2026-04-29 00:00:00+00:00,KXFEDCHGCOUNT,long_dated,247,
603,KXFEDCHGCOUNT-27JAN01-E6,0.0,2026-04-29 00:00:00+00:00,KXFEDCHGCOUNT,long_dated,247,
603,KXFEDCHGCOUNT-27JAN01-E8,0.0,2026-04-29 00:00:00+00:00,KXFEDCHGCOUNT,long_dated,247,
603,KXFEDCHGCOUNT-27JAN01-E10,0.0,2026-04-29 00:00:00+00:00,KXFEDCHGCOUNT,long_dated,247,
603,KXFEDCHGCOUNT-27JAN01-E11,0.0,2026-04-29 00:00:00+00:00,KXFEDCHGCOUNT,long_dated,247,
603,KXFEDCHGCOUNT-27JAN01-E12,0.0,2026-04-29 00:00:00+00:00,KXFEDCHGCOUNT,long_dated,247,
603,KXFEDCHGCOUNT-27JAN01-E9,0.0,2026-04-29 00:00:00+00:00,KXFEDCHGCOUNT,long_dated,247,
604,KXFEDCHGCOUNT-27JAN01-E4,1.0,2026-04-29 00:00:00+00:00,KXFEDCHGCOUNT,long_dated,247,15.0
604,KXFEDCHGCOUNT-27JAN01-E7,0.0,2026-04-29 00:00:00+00:00,KXFEDCHGCOUNT,long_dated,247,
604,KXFEDCHGCOUNT-27JAN01-E5,0.0,2026-04-29 00:00:00+00:00,KXFEDCHGCOUNT,long_dated,247,
604,KXFEDCHGCOUNT-27JAN01-E6,0.0,2026-04-29 00:00:00+00:00,KXFEDCHGCOUNT,long_dated,247,
604,KXFEDCHGCOUNT-27JAN01-E8,0.0,2026-04-29 00:00:00+00:00,KXFEDCHGCOUNT,long_dated,247,
604,KXFEDCHGCOUNT-27JAN01-E10,0.0,2026-04-29 00:00:00+00:00,KXFEDCHGCOUNT,long_dated,247,
604,KXFEDCHGCOUNT-27JAN01-E11,0.0,2026-04-29 00:00:00+00:00,KXFEDCHGCOUNT,long_dated,247,
604,KXFEDCHGCOUNT-27JAN01-E12,0.0,2026-04-29 00:00:00+00:00,KXFEDCHGCOUNT,long_dated,247,
604,KXFEDCHGCOUNT-27JAN01-E9,0.0,2026-04-29 00:00:00+00:00,KXFEDCHGCOUNT,long_dated,247,
608,KXFREDDIE-27APR01,1.0,2026-04-29 00:00:00+00:00,KXFREDDIE,long_dated,337,20.0
608,KXFREDDIE-26NOV01,0.0,2026-04-29 00:00:00+00:00,KXFREDDIE,long_dated,337,
608,KXFREDDIE-27JAN01,0.0,2026-04-29 00:00:00+00:00,KXFREDDIE,long_dated,337,
608,KXFREDDIE-26DEC01,0.0,2026-04-29 00:00:00+00:00,KXFREDDIE,long_dated,337,
608,KXFREDDIE-26AUG01,0.0,2026-04-29 00:00:00+00:00,KXFREDDIE,long_dated,337,
608,KXFREDDIE-26OCT01,0.0,2026-04-29 00:00:00+00:00,KXFREDDIE,long_dated,337,
608,KXFREDDIE-26SEP01,0.0,2026-04-29 00:00:00+00:00,KXFREDDIE,long_dated,337,
609,KXFREDDIE-27FEB01,1.0,2026-04-29 00:00:00+00:00,KXFREDDIE,long_dated,278,20.0
609,KXFREDDIE-26NOV01,0.0,2026-04-29 00:00:00+00:00,KXFREDDIE,long_dated,278,
609,KXFREDDIE-27JAN01,0.0,2026-04-29 00:00:00+00:00,KXFREDDIE,long_dated,278,
609,KXFREDDIE-26DEC01,0.0,2026-04-29 00:00:00+00:00,KXFREDDIE,long_dated,278,
609,KXFREDDIE-26AUG01,0.0,2026-04-29 00:00:00+00:00,KXFREDDIE,long_dated,278,
609,KXFREDDIE-26OCT01,0.0,2026-04-29 00:00:00+00:00,KXFREDDIE,long_dated,278,
609,KXFREDDIE-26SEP01,0.0,2026-04-29 00:00:00+00:00,KXFREDDIE,long_dated,278,
610,KXFREDDIE-27JUN01,1.0,2026-04-29 00:00:00+00:00,KXFREDDIE,long_dated,398,20.0
610,KXFREDDIE-26NOV01,0.0,2026-04-29 00:00:00+00:00,KXFREDDIE,long_dated,398,
610,KXFREDDIE-27JAN01,0.0,2026-04-29 00:00:00+00:00,KXFREDDIE,long_dated,398,
610,KXFREDDIE-26DEC01,0.0,2026-04-29 00:00:00+00:00,KXFREDDIE,long_dated,398,
610,KXFREDDIE-26AUG01,0.0,2026-04-29 00:00:00+00:00,KXFREDDIE,long_dated,398,
610,KXFREDDIE-26OCT01,0.0,2026-04-29 00:00:00+00:00,KXFREDDIE,long_dated,398,
610,KXFREDDIE-26SEP01,0.0,2026-04-29 00:00:00+00:00,KXFREDDIE,long_dated,398,
611,KXFREDDIE-27MAR01,1.0,2026-04-29 00:00:00+00:00,KXFREDDIE,long_dated,306,20.0
611,KXFREDDIE-26NOV01,0.0,2026-04-29 00:00:00+00:00,KXFREDDIE,long_dated,306,
611,KXFREDDIE-27JAN01,0.0,2026-04-29 00:00:00+00:00,KXFREDDIE,long_dated,306,
611,KXFREDDIE-26DEC01,0.0,2026-04-29 00:00:00+00:00,KXFREDDIE,long_dated,306,
611,KXFREDDIE-26AUG01,0.0,2026-04-29 00:00:00+00:00,KXFREDDIE,long_dated,306,
611,KXFREDDIE-26OCT01,0.0,2026-04-29 00:00:00+00:00,KXFREDDIE,long_dated,306,
611,KXFREDDIE-26SEP01,0.0,2026-04-29 00:00:00+00:00,KXFREDDIE,long_dated,306,
612,KXFREDDIE-27MAY01,1.0,2026-04-29 00:00:00+00:00,KXFREDDIE,long_dated,367,20.0
612,KXFREDDIE-26NOV01,0.0,2026-04-29 00:00:00+00:00,KXFREDDIE,long_dated,367,
612,KXFREDDIE-27JAN01,0.0,2026-04-29 00:00:00+00:00,KXFREDDIE,long_dated,367,
612,KXFREDDIE-26DEC01,0.0,2026-04-29 00:00:00+00:00,KXFREDDIE,long_dated,367,
612,KXFREDDIE-26AUG01,0.0,2026-04-29 00:00:00+00:00,KXFREDDIE,long_dated,367,
612,KXFREDDIE-26OCT01,0.0,2026-04-29 00:00:00+00:00,KXFREDDIE,long_dated,367,
612,KXFREDDIE-26SEP01,0.0,2026-04-29 00:00:00+00:00,KXFREDDIE,long_dated,367,
613,KXGAMEAWARDS-2026-CAI,1.0,2026-04-29 00:00:00+00:00,KXGAMEAWARDS,long_dated,611,15.0
613,KXGAMEAWARDS-2026-MARA,0.0,2026-04-29 00:00:00+00:00,KXGAMEAWARDS,long_dated,611,
613,KXGAMEAWARDS-2026-TIE,0.0,2026-04-29 00:00:00+00:00,KXGAMEAWARDS,long_dated,611,
613,KXGAMEAWARDS-2026-DUS,0.0,2026-04-29 00:00:00+00:00,KXGAMEAWARDS,long_dated,611,
613,KXGAMEAWARDS-2026-PRA,0.0,2026-04-29 00:00:00+00:00,KXGAMEAWARDS,long_dated,611,
613,KXGAMEAWARDS-2026-FAB,0.0,2026-04-29 00:00:00+00:00,KXGAMEAWARDS,long_dated,611,
614,KXGAMEAWARDS-2026-CRI,1.0,2026-04-29 00:00:00+00:00,KXGAMEAWARDS,long_dated,611,15.0
614,KXGAMEAWARDS-2026-FAB,0.0,2026-04-29 00:00:00+00:00,KXGAMEAWARDS,long_dated,611,
614,KXGAMEAWARDS-2026-PRA,0.0,2026-04-29 00:00:00+00:00,KXGAMEAWARDS,long_dated,611,
614,KXGAMEAWARDS-2026-DUS,0.0,2026-04-29 00:00:00+00:00,KXGAMEAWARDS,long_dated,611,
614,KXGAMEAWARDS-2026-MARA,0.0,2026-04-29 00:00:00+00:00,KXGAMEAWARDS,long_dated,611,
614,KXGAMEAWARDS-2026-TIE,0.0,2026-04-29 00:00:00+00:00,KXGAMEAWARDS,long_dated,611,
615,KXGAMEAWARDS-2026-HAL,1.0,2026-04-29 00:00:00+00:00,KXGAMEAWARDS,long_dated,611,15.0
615,KXGAMEAWARDS-2026-FAB,0.0,2026-04-29 00:00:00+00:00,KXGAMEAWARDS,long_dated,611,
615,KXGAMEAWARDS-2026-PRA,0.0,2026-04-29 00:00:00+00:00,KXGAMEAWARDS,long_dated,611,
615,KXGAMEAWARDS-2026-DUS,0.0,2026-04-29 00:00:00+00:00,KXGAMEAWARDS,long_dated,611,
615,KXGAMEAWARDS-2026-MARA,0.0,2026-04-29 00:00:00+00:00,KXGAMEAWARDS,long_dated,611,
615,KXGAMEAWARDS-2026-TIE,0.0,2026-04-29 00:00:00+00:00,KXGAMEAWARDS,long_dated,611,
616,KXGAMEAWARDS-2026-ONI,1.0,2026-04-29 00:00:00+00:00,KXGAMEAWARDS,long_dated,611,15.0
616,KXGAMEAWARDS-2026-MARA,0.0,2026-04-29 00:00:00+00:00,KXGAMEAWARDS,long_dated,611,
616,KXGAMEAWARDS-2026-TIE,0.0,2026-04-29 00:00:00+00:00,KXGAMEAWARDS,long_dated,611,
616,KXGAMEAWARDS-2026-DUS,0.0,2026-04-29 00:00:00+00:00,KXGAMEAWARDS,long_dated,611,
616,KXGAMEAWARDS-2026-PRA,0.0,2026-04-29 00:00:00+00:00,KXGAMEAWARDS,long_dated,611,
616,KXGAMEAWARDS-2026-FAB,0.0,2026-04-29 00:00:00+00:00,KXGAMEAWARDS,long_dated,611,
617,KXGAMEAWARDS-2026-SAR,1.0,2026-04-29 00:00:00+00:00,KXGAMEAWARDS,long_dated,611,15.0
617,KXGAMEAWARDS-2026-FAB,0.0,2026-04-29 00:00:00+00:00,KXGAMEAWARDS,long_dated,611,
617,KXGAMEAWARDS-2026-PRA,0.0,2026-04-29 00:00:00+00:00,KXGAMEAWARDS,long_dated,611,
617,KXGAMEAWARDS-2026-DUS,0.0,2026-04-29 00:00:00+00:00,KXGAMEAWARDS,long_dated,611,
617,KXGAMEAWARDS-2026-MARA,0.0,2026-04-29 00:00:00+00:00,KXGAMEAWARDS,long_dated,611,
617,KXGAMEAWARDS-2026-TIE,0.0,2026-04-29 00:00:00+00:00,KXGAMEAWARDS,long_dated,611,
618,KXGAMEAWARDS-2026-SLA,1.0,2026-04-29 00:00:00+00:00,KXGAMEAWARDS,long_dated,611,15.0
618,KXGAMEAWARDS-2026-DUS,0.0,2026-04-29 00:00:00+00:00,KXGAMEAWARDS,long_dated,611,
618,KXGAMEAWARDS-2026-MARA,0.0,2026-04-29 00:00:00+00:00,KXGAMEAWARDS,long_dated,611,
618,KXGAMEAWARDS-2026-TIE,0.0,2026-04-29 00:00:00+00:00,KXGAMEAWARDS,long_dated,611,
618,KXGAMEAWARDS-2026-PRA,0.0,2026-04-29 00:00:00+00:00,KXGAMEAWARDS,long_dated,611,
618,KXGAMEAWARDS-2026-FAB,0.0,2026-04-29 00:00:00+00:00,KXGAMEAWARDS,long_dated,611,
619,KXHOUSERACE-MS02-26-R,1.0,2026-04-29 00:00:00+00:00,KXHOUSERACE,long_dated,553,575.0
619,KXHOUSERACE-OR04-26-D,0.0,2026-04-29 00:00:00+00:00,KXHOUSERACE,long_dated,553,
619,KXHOUSERACE-OR04-26-R,0.0,2026-04-29 00:00:00+00:00,KXHOUSERACE,long_dated,553,
619,KXHOUSERACE-LA04-26-D,0.0,2026-04-29 00:00:00+00:00,KXHOUSERACE,long_dated,553,
619,KXHOUSERACE-ID02-26-R,0.0,2026-04-29 00:00:00+00:00,KXHOUSERACE,long_dated,553,
619,KXHOUSERACE-VA04-26-R,0.0,2026-04-29 00:00:00+00:00,KXHOUSERACE,long_dated,553,
619,KXHOUSERACE-ID02-26-D,0.0,2026-04-29 00:00:00+00:00,KXHOUSERACE,long_dated,553,
619,KXHOUSERACE-LA05-26-D,0.0,2026-04-29 00:00:00+00:00,KXHOUSERACE,long_dated,553,
619,KXHOUSERACE-LA04-26-R,0.0,2026-04-29 00:00:00+00:00,KXHOUSERACE,long_dated,553,
619,KXHOUSERACE-WA01-26-R,0.0,2026-04-29 00:00:00+00:00,KXHOUSERACE,long_dated,553,
619,KXHOUSERACE-CA01-26-D,0.0,2026-04-29 00:00:00+00:00,KXHOUSERACE,long_dated,553,
629,KXIPO-26-AIRWALLEX,1.0,2026-04-29 00:00:00+00:00,KXIPO,long_dated,247,10.0
629,KXIPO-26-BREX,0.0,2026-04-29 00:00:00+00:00,KXIPO,long_dated,247,
629,KXIPO-26-VANTA,0.0,2026-04-29 00:00:00+00:00,KXIPO,long_dated,247,
629,KXIPO-26-STRIPE,0.0,2026-04-29 00:00:00+00:00,KXIPO,long_dated,247,
629,KXIPO-26-ANDURIL,0.0,2026-04-29 00:00:00+00:00,KXIPO,long_dated,247,
629,KXIPO-26-MISTRAL,0.0,2026-04-29 00:00:00+00:00,KXIPO,long_dated,247,
629,KXIPO-26-RIPPLE,0.0,2026-04-29 00:00:00+00:00,KXIPO,long_dated,247,
629,KXIPO-26-CELONIS,0.0,2026-04-29 00:00:00+00:00,KXIPO,long_dated,247,
629,KXIPO-26-RAMP,0.0,2026-04-29 00:00:00+00:00,KXIPO,long_dated,247,
629,KXIPO-26-AINTUITION,0.0,2026-04-29 00:00:00+00:00,KXIPO,long_dated,247,
629,KXIPO-26-BEAS,0.0,2026-04-29 00:00:00+00:00,KXIPO,long_dated,247,
630,KXIPO-26-ANYSPHERE,1.0,2026-04-29 00:00:00+00:00,KXIPO,long_dated,247,10.0
630,KXIPO-26-STRIPE,0.0,2026-04-29 00:00:00+00:00,KXIPO,long_dated,247,
630,KXIPO-26-ANDURIL,0.0,2026-04-29 00:00:00+00:00,KXIPO,long_dated,247,
630,KXIPO-26-MISTRAL,0.0,2026-04-29 00:00:00+00:00,KXIPO,long_dated,247,
630,KXIPO-26-VANTA,0.0,2026-04-29 00:00:00+00:00,KXIPO,long_dated,247,
630,KXIPO-26-RIPPLE,0.0,2026-04-29 00:00:00+00:00,KXIPO,long_dated,247,
630,KXIPO-26-CELONIS,0.0,2026-04-29 00:00:00+00:00,KXIPO,long_dated,247,
630,KXIPO-26-RAMP,0.0,2026-04-29 00:00:00+00:00,KXIPO,long_dated,247,
630,KXIPO-26-AINTUITION,0.0,2026-04-29 00:00:00+00:00,KXIPO,long_dated,247,
630,KXIPO-26-BEAS,0.0,2026-04-29 00:00:00+00:00,KXIPO,long_dated,247,
630,KXIPO-26-BREX,0.0,2026-04-29 00:00:00+00:00,KXIPO,long_dated,247,
631,KXIPO-26-DISCORD,1.0,2026-04-29 00:00:00+00:00,KXIPO,long_dated,247,10.0
631,KXIPO-26-ANTHROPIC,0.0,2026-04-29 00:00:00+00:00,KXIPO,long_dated,247,
631,KXIPO-26-OPENAI,0.0,2026-04-29 00:00:00+00:00,KXIPO,long_dated,247,
631,KXIPO-26-KRAKEN,0.0,2026-04-29 00:00:00+00:00,KXIPO,long_dated,247,
631,KXIPO-26-JERS,0.0,2026-04-29 00:00:00+00:00,KXIPO,long_dated,247,
631,KXIPO-26-SKIMS,0.0,2026-04-29 00:00:00+00:00,KXIPO,long_dated,247,
631,KXIPO-26-DATABRICKS,0.0,2026-04-29 00:00:00+00:00,KXIPO,long_dated,247,
631,KXIPO-26-DEEL,0.0,2026-04-29 00:00:00+00:00,KXIPO,long_dated,247,
631,KXIPO-26-BEAS,0.0,2026-04-29 00:00:00+00:00,KXIPO,long_dated,247,
631,KXIPO-26-AINTUITION,0.0,2026-04-29 00:00:00+00:00,KXIPO,long_dated,247,
631,KXIPO-26-RAMP,0.0,2026-04-29 00:00:00+00:00,KXIPO,long_dated,247,
632,KXIPO-26-GLEAN,1.0,2026-04-29 00:00:00+00:00,KXIPO,long_dated,247,10.0
632,KXIPO-26-VANTA,0.0,2026-04-29 00:00:00+00:00,KXIPO,long_dated,247,
632,KXIPO-26-STRIPE,0.0,2026-04-29 00:00:00+00:00,KXIPO,long_dated,247,
632,KXIPO-26-ANDURIL,0.0,2026-04-29 00:00:00+00:00,KXIPO,long_dated,247,
632,KXIPO-26-MISTRAL,0.0,2026-04-29 00:00:00+00:00,KXIPO,long_dated,247,
632,KXIPO-26-RIPPLE,0.0,2026-04-29 00:00:00+00:00,KXIPO,long_dated,247,
632,KXIPO-26-CELONIS,0.0,2026-04-29 00:00:00+00:00,KXIPO,long_dated,247,
632,KXIPO-26-RAMP,0.0,2026-04-29 00:00:00+00:00,KXIPO,long_dated,247,
632,KXIPO-26-BREX,0.0,2026-04-29 00:00:00+00:00,KXIPO,long_dated,247,
632,KXIPO-26-AINTUITION,0.0,2026-04-29 00:00:00+00:00,KXIPO,long_dated,247,
632,KXIPO-26-BEAS,0.0,2026-04-29 00:00:00+00:00,KXIPO,long_dated,247,
633,KXIPO-26-PLAID,1.0,2026-04-29 00:00:00+00:00,KXIPO,long_dated,247,10.0
633,KXIPO-26-BEAS,0.0,2026-04-29 00:00:00+00:00,KXIPO,long_dated,247,
633,KXIPO-26-AINTUITION,0.0,2026-04-29 00:00:00+00:00,KXIPO,long_dated,247,
633,KXIPO-26-RAMP,0.0,2026-04-29 00:00:00+00:00,KXIPO,long_dated,247,
633,KXIPO-26-CELONIS,0.0,2026-04-29 00:00:00+00:00,KXIPO,long_dated,247,
633,KXIPO-26-RIPPLE,0.0,2026-04-29 00:00:00+00:00,KXIPO,long_dated,247,
633,KXIPO-26-MISTRAL,0.0,2026-04-29 00:00:00+00:00,KXIPO,long_dated,247,
633,KXIPO-26-ANDURIL,0.0,2026-04-29 00:00:00+00:00,KXIPO,long_dated,247,
633,KXIPO-26-STRIPE,0.0,2026-04-29 00:00:00+00:00,KXIPO,long_dated,247,
633,KXIPO-26-DEEL,0.0,2026-04-29 00:00:00+00:00,KXIPO,long_dated,247,
633,KXIPO-26-VANTA,0.0,2026-04-29 00:00:00+00:00,KXIPO,long_dated,247,
634,KXIPO-26-RIPPLING,1.0,2026-04-29 00:00:00+00:00,KXIPO,long_dated,247,10.0
634,KXIPO-26-RIPPLE,0.0,2026-04-29 00:00:00+00:00,KXIPO,long_dated,247,
634,KXIPO-26-CELONIS,0.0,2026-04-29 00:00:00+00:00,KXIPO,long_dated,247,
634,KXIPO-26-MISTRAL,0.0,2026-04-29 00:00:00+00:00,KXIPO,long_dated,247,
634,KXIPO-26-ANDURIL,0.0,2026-04-29 00:00:00+00:00,KXIPO,long_dated,247,
634,KXIPO-26-STRIPE,0.0,2026-04-29 00:00:00+00:00,KXIPO,long_dated,247,
634,KXIPO-26-RAMP,0.0,2026-04-29 00:00:00+00:00,KXIPO,long_dated,247,
634,KXIPO-26-VANTA,0.0,2026-04-29 00:00:00+00:00,KXIPO,long_dated,247,
634,KXIPO-26-AINTUITION,0.0,2026-04-29 00:00:00+00:00,KXIPO,long_dated,247,
634,KXIPO-26-BEAS,0.0,2026-04-29 00:00:00+00:00,KXIPO,long_dated,247,
634,KXIPO-26-BREX,0.0,2026-04-29 00:00:00+00:00,KXIPO,long_dated,247,
635,KXIPO-26-SHEIN,1.0,2026-04-29 00:00:00+00:00,KXIPO,long_dated,117,10.0
635,KXIPO-26-SKIMS,0.0,2026-04-29 00:00:00+00:00,KXIPO,long_dated,117,
635,KXIPO-26-DATABRICKS,0.0,2026-04-29 00:00:00+00:00,KXIPO,long_dated,117,
635,KXIPO-26-DEEL,0.0,2026-04-29 00:00:00+00:00,KXIPO,long_dated,117,
635,KXIPO-26-JERS,0.0,2026-04-29 00:00:00+00:00,KXIPO,long_dated,117,
635,KXIPO-26-BEAS,0.0,2026-04-29 00:00:00+00:00,KXIPO,long_dated,117,
635,KXIPO-26-AINTUITION,0.0,2026-04-29 00:00:00+00:00,KXIPO,long_dated,117,
635,KXIPO-26-RAMP,0.0,2026-04-29 00:00:00+00:00,KXIPO,long_dated,117,
635,KXIPO-26-CELONIS,0.0,2026-04-29 00:00:00+00:00,KXIPO,long_dated,117,
635,KXIPO-26-RIPPLE,0.0,2026-04-29 00:00:00+00:00,KXIPO,long_dated,117,
635,KXIPO-26-MISTRAL,0.0,2026-04-29 00:00:00+00:00,KXIPO,long_dated,117,
636,KXIPO-26-XAI,1.0,2026-04-29 00:00:00+00:00,KXIPO,long_dated,247,10.0
636,KXIPO-26-VANTA,0.0,2026-04-29 00:00:00+00:00,KXIPO,long_dated,247,
636,KXIPO-26-STRIPE,0.0,2026-04-29 00:00:00+00:00,KXIPO,long_dated,247,
636,KXIPO-26-BREX,0.0,2026-04-29 00:00:00+00:00,KXIPO,long_dated,247,
636,KXIPO-26-ANDURIL,0.0,2026-04-29 00:00:00+00:00,KXIPO,long_dated,247,
636,KXIPO-26-MISTRAL,0.0,2026-04-29 00:00:00+00:00,KXIPO,long_dated,247,
636,KXIPO-26-RIPPLE,0.0,2026-04-29 00:00:00+00:00,KXIPO,long_dated,247,
636,KXIPO-26-CELONIS,0.0,2026-04-29 00:00:00+00:00,KXIPO,long_dated,247,
636,KXIPO-26-RAMP,0.0,2026-04-29 00:00:00+00:00,KXIPO,long_dated,247,
636,KXIPO-26-AINTUITION,0.0,2026-04-29 00:00:00+00:00,KXIPO,long_dated,247,
636,KXIPO-26-BEAS,0.0,2026-04-29 00:00:00+00:00,KXIPO,long_dated,247,
637,KXIPOFANNIE-27APR01,1.0,2026-04-29 00:00:00+00:00,KXIPOFANNIE,long_dated,337,25.0
637,KXIPOFANNIE-27JAN01,0.0,2026-04-29 00:00:00+00:00,KXIPOFANNIE,long_dated,337,
637,KXIPOFANNIE-26DEC01,0.0,2026-04-29 00:00:00+00:00,KXIPOFANNIE,long_dated,337,
637,KXIPOFANNIE-26OCT01,0.0,2026-04-29 00:00:00+00:00,KXIPOFANNIE,long_dated,337,
637,KXIPOFANNIE-26SEP01,0.0,2026-04-29 00:00:00+00:00,KXIPOFANNIE,long_dated,337,
637,KXIPOFANNIE-26AUG01,0.0,2026-04-29 00:00:00+00:00,KXIPOFANNIE,long_dated,337,
637,KXIPOFANNIE-26NOV01,0.0,2026-04-29 00:00:00+00:00,KXIPOFANNIE,long_dated,337,
638,KXIPOFANNIE-27FEB01,1.0,2026-04-29 00:00:00+00:00,KXIPOFANNIE,long_dated,278,25.0
638,KXIPOFANNIE-27JAN01,0.0,2026-04-29 00:00:00+00:00,KXIPOFANNIE,long_dated,278,
638,KXIPOFANNIE-26DEC01,0.0,2026-04-29 00:00:00+00:00,KXIPOFANNIE,long_dated,278,
638,KXIPOFANNIE-26OCT01,0.0,2026-04-29 00:00:00+00:00,KXIPOFANNIE,long_dated,278,
638,KXIPOFANNIE-26SEP01,0.0,2026-04-29 00:00:00+00:00,KXIPOFANNIE,long_dated,278,
638,KXIPOFANNIE-26AUG01,0.0,2026-04-29 00:00:00+00:00,KXIPOFANNIE,long_dated,278,
638,KXIPOFANNIE-26NOV01,0.0,2026-04-29 00:00:00+00:00,KXIPOFANNIE,long_dated,278,
639,KXIPOFANNIE-27JUN01,1.0,2026-04-29 00:00:00+00:00,KXIPOFANNIE,long_dated,398,25.0
639,KXIPOFANNIE-27JAN01,0.0,2026-04-29 00:00:00+00:00,KXIPOFANNIE,long_dated,398,
639,KXIPOFANNIE-26DEC01,0.0,2026-04-29 00:00:00+00:00,KXIPOFANNIE,long_dated,398,
639,KXIPOFANNIE-26OCT01,0.0,2026-04-29 00:00:00+00:00,KXIPOFANNIE,long_dated,398,
639,KXIPOFANNIE-26SEP01,0.0,2026-04-29 00:00:00+00:00,KXIPOFANNIE,long_dated,398,
639,KXIPOFANNIE-26AUG01,0.0,2026-04-29 00:00:00+00:00,KXIPOFANNIE,long_dated,398,
639,KXIPOFANNIE-26NOV01,0.0,2026-04-29 00:00:00+00:00,KXIPOFANNIE,long_dated,398,
640,KXIPOFANNIE-27MAR01,1.0,2026-04-29 00:00:00+00:00,KXIPOFANNIE,long_dated,306,25.0
640,KXIPOFANNIE-27JAN01,0.0,2026-04-29 00:00:00+00:00,KXIPOFANNIE,long_dated,306,
640,KXIPOFANNIE-26DEC01,0.0,2026-04-29 00:00:00+00:00,KXIPOFANNIE,long_dated,306,
640,KXIPOFANNIE-26OCT01,0.0,2026-04-29 00:00:00+00:00,KXIPOFANNIE,long_dated,306,
640,KXIPOFANNIE-26SEP01,0.0,2026-04-29 00:00:00+00:00,KXIPOFANNIE,long_dated,306,
640,KXIPOFANNIE-26AUG01,0.0,2026-04-29 00:00:00+00:00,KXIPOFANNIE,long_dated,306,
640,KXIPOFANNIE-26NOV01,0.0,2026-04-29 00:00:00+00:00,KXIPOFANNIE,long_dated,306,
641,KXIPOFANNIE-27MAY01,1.0,2026-04-29 00:00:00+00:00,KXIPOFANNIE,long_dated,367,25.0
641,KXIPOFANNIE-27JAN01,0.0,2026-04-29 00:00:00+00:00,KXIPOFANNIE,long_dated,367,
641,KXIPOFANNIE-26DEC01,0.0,2026-04-29 00:00:00+00:00,KXIPOFANNIE,long_dated,367,
641,KXIPOFANNIE-26OCT01,0.0,2026-04-29 00:00:00+00:00,KXIPOFANNIE,long_dated,367,
641,KXIPOFANNIE-26SEP01,0.0,2026-04-29 00:00:00+00:00,KXIPOFANNIE,long_dated,367,
641,KXIPOFANNIE-26AUG01,0.0,2026-04-29 00:00:00+00:00,KXIPOFANNIE,long_dated,367,
641,KXIPOFANNIE-26NOV01,0.0,2026-04-29 00:00:00+00:00,KXIPOFANNIE,long_dated,367,
650,KXNEXTAG-29-ESCH,1.0,2026-04-29 00:00:00+00:00,KXNEXTAG,long_dated,101,15.0
650,KXNEXTAG-29-RDES,0.0,2026-04-29 00:00:00+00:00,KXNEXTAG,long_dated,101,
650,KXNEXTAG-29-AHAB,0.0,2026-04-29 00:00:00+00:00,KXNEXTAG,long_dated,101,
650,KXNEXTAG-29-RGIUL,0.0,2026-04-29 00:00:00+00:00,KXNEXTAG,long_dated,101,
650,KXNEXTAG-29-YROT,0.0,2026-04-29 00:00:00+00:00,KXNEXTAG,long_dated,101,
650,KXNEXTAG-29-TCRU,0.0,2026-04-29 00:00:00+00:00,KXNEXTAG,long_dated,101,
650,KXNEXTAG-29-EMAR,0.0,2026-04-29 00:00:00+00:00,KXNEXTAG,long_dated,101,
650,KXNEXTAG-29-AMOO,0.0,2026-04-29 00:00:00+00:00,KXNEXTAG,long_dated,101,
650,KXNEXTAG-29-RGIU,0.0,2026-04-29 00:00:00+00:00,KXNEXTAG,long_dated,101,
650,KXNEXTAG-29-JMIY,0.0,2026-04-29 00:00:00+00:00,KXNEXTAG,long_dated,101,
651,KXNEXTAG-29-HDHI,1.0,2026-04-29 00:00:00+00:00,KXNEXTAG,long_dated,101,15.0
651,KXNEXTAG-29-RDES,0.0,2026-04-29 00:00:00+00:00,KXNEXTAG,long_dated,101,
651,KXNEXTAG-29-AHAB,0.0,2026-04-29 00:00:00+00:00,KXNEXTAG,long_dated,101,
651,KXNEXTAG-29-RGIUL,0.0,2026-04-29 00:00:00+00:00,KXNEXTAG,long_dated,101,
651,KXNEXTAG-29-YROT,0.0,2026-04-29 00:00:00+00:00,KXNEXTAG,long_dated,101,
651,KXNEXTAG-29-TCRU,0.0,2026-04-29 00:00:00+00:00,KXNEXTAG,long_dated,101,
651,KXNEXTAG-29-EMAR,0.0,2026-04-29 00:00:00+00:00,KXNEXTAG,long_dated,101,
651,KXNEXTAG-29-AMOO,0.0,2026-04-29 00:00:00+00:00,KXNEXTAG,long_dated,101,
651,KXNEXTAG-29-RGIU,0.0,2026-04-29 00:00:00+00:00,KXNEXTAG,long_dated,101,
651,KXNEXTAG-29-JMIY,0.0,2026-04-29 00:00:00+00:00,KXNEXTAG,long_dated,101,
652,KXOSCARDIR-27-AND,1.0,2026-04-29 00:00:00+00:00,KXOSCARDIR,long_dated,611,20.0
652,KXOSCARDIR-27-DAN,0.0,2026-04-29 00:00:00+00:00,KXOSCARDIR,long_dated,611,
652,KXOSCARDIR-27-JOE,0.0,2026-04-29 00:00:00+00:00,KXOSCARDIR,long_dated,611,
652,KXOSCARDIR-27-DAV,0.0,2026-04-29 00:00:00+00:00,KXOSCARDIR,long_dated,611,
652,KXOSCARDIR-27-PHI,0.0,2026-04-29 00:00:00+00:00,KXOSCARDIR,long_dated,611,
652,KXOSCARDIR-27-TIE,0.0,2026-04-29 00:00:00+00:00,KXOSCARDIR,long_dated,611,
652,KXOSCARDIR-27-MAR,0.0,2026-04-29 00:00:00+00:00,KXOSCARDIR,long_dated,611,
653,KXOSCARDIR-27-CHRI,1.0,2026-04-29 00:00:00+00:00,KXOSCARDIR,long_dated,611,20.0
653,KXOSCARDIR-27-MAR,0.0,2026-04-29 00:00:00+00:00,KXOSCARDIR,long_dated,611,
653,KXOSCARDIR-27-DAV,0.0,2026-04-29 00:00:00+00:00,KXOSCARDIR,long_dated,611,
653,KXOSCARDIR-27-JOE,0.0,2026-04-29 00:00:00+00:00,KXOSCARDIR,long_dated,611,
653,KXOSCARDIR-27-DAN,0.0,2026-04-29 00:00:00+00:00,KXOSCARDIR,long_dated,611,
653,KXOSCARDIR-27-PHI,0.0,2026-04-29 00:00:00+00:00,KXOSCARDIR,long_dated,611,
653,KXOSCARDIR-27-TIE,0.0,2026-04-29 00:00:00+00:00,KXOSCARDIR,long_dated,611,
654,KXOSCARDIR-27-NAH,1.0,2026-04-29 00:00:00+00:00,KXOSCARDIR,long_dated,611,20.0
654,KXOSCARDIR-27-DAN,0.0,2026-04-29 00:00:00+00:00,KXOSCARDIR,long_dated,611,
654,KXOSCARDIR-27-JOE,0.0,2026-04-29 00:00:00+00:00,KXOSCARDIR,long_dated,611,
654,KXOSCARDIR-27-DAV,0.0,2026-04-29 00:00:00+00:00,KXOSCARDIR,long_dated,611,
654,KXOSCARDIR-27-PHI,0.0,2026-04-29 00:00:00+00:00,KXOSCARDIR,long_dated,611,
654,KXOSCARDIR-27-TIE,0.0,2026-04-29 00:00:00+00:00,KXOSCARDIR,long_dated,611,
654,KXOSCARDIR-27-MAR,0.0,2026-04-29 00:00:00+00:00,KXOSCARDIR,long_dated,611,
655,KXOSCARDIR-27-STE,1.0,2026-04-29 00:00:00+00:00,KXOSCARDIR,long_dated,611,20.0
655,KXOSCARDIR-27-DAN,0.0,2026-04-29 00:00:00+00:00,KXOSCARDIR,long_dated,611,
655,KXOSCARDIR-27-JOE,0.0,2026-04-29 00:00:00+00:00,KXOSCARDIR,long_dated,611,
655,KXOSCARDIR-27-DAV,0.0,2026-04-29 00:00:00+00:00,KXOSCARDIR,long_dated,611,
655,KXOSCARDIR-27-PHI,0.0,2026-04-29 00:00:00+00:00,KXOSCARDIR,long_dated,611,
655,KXOSCARDIR-27-TIE,0.0,2026-04-29 00:00:00+00:00,KXOSCARDIR,long_dated,611,
655,KXOSCARDIR-27-MAR,0.0,2026-04-29 00:00:00+00:00,KXOSCARDIR,long_dated,611,
656,KXOSCARNOMACTO-27-ADA,1.0,2026-04-29 00:00:00+00:00,KXOSCARNOMACTO,long_dated,611,15.0
656,KXOSCARNOMACTO-27-CHA,0.0,2026-04-29 00:00:00+00:00,KXOSCARNOMACTO,long_dated,611,
656,KXOSCARNOMACTO-27-AND,0.0,2026-04-29 00:00:00+00:00,KXOSCARNOMACTO,long_dated,611,
656,KXOSCARNOMACTO-27-CHAN,0.0,2026-04-29 00:00:00+00:00,KXOSCARNOMACTO,long_dated,611,
656,KXOSCARNOMACTO-27-PED,0.0,2026-04-29 00:00:00+00:00,KXOSCARNOMACTO,long_dated,611,
656,KXOSCARNOMACTO-27-SAM,0.0,2026-04-29 00:00:00+00:00,KXOSCARNOMACTO,long_dated,611,
656,KXOSCARNOMACTO-27-JOS,0.0,2026-04-29 00:00:00+00:00,KXOSCARNOMACTO,long_dated,611,
656,KXOSCARNOMACTO-27-KEA,0.0,2026-04-29 00:00:00+00:00,KXOSCARNOMACTO,long_dated,611,
656,KXOSCARNOMACTO-27-JER,0.0,2026-04-29 00:00:00+00:00,KXOSCARNOMACTO,long_dated,611,
656,KXOSCARNOMACTO-27-JERE,0.0,2026-04-29 00:00:00+00:00,KXOSCARNOMACTO,long_dated,611,
656,KXOSCARNOMACTO-27-TOM,0.0,2026-04-29 00:00:00+00:00,KXOSCARNOMACTO,long_dated,611,
657,KXOSCARNOMACTO-27-BRA,1.0,2026-04-29 00:00:00+00:00,KXOSCARNOMACTO,long_dated,611,15.0
657,KXOSCARNOMACTO-27-CHA,0.0,2026-04-29 00:00:00+00:00,KXOSCARNOMACTO,long_dated,611,
657,KXOSCARNOMACTO-27-AND,0.0,2026-04-29 00:00:00+00:00,KXOSCARNOMACTO,long_dated,611,
657,KXOSCARNOMACTO-27-CHAN,0.0,2026-04-29 00:00:00+00:00,KXOSCARNOMACTO,long_dated,611,
657,KXOSCARNOMACTO-27-SAM,0.0,2026-04-29 00:00:00+00:00,KXOSCARNOMACTO,long_dated,611,
657,KXOSCARNOMACTO-27-JOS,0.0,2026-04-29 00:00:00+00:00,KXOSCARNOMACTO,long_dated,611,
657,KXOSCARNOMACTO-27-JER,0.0,2026-04-29 00:00:00+00:00,KXOSCARNOMACTO,long_dated,611,
657,KXOSCARNOMACTO-27-PED,0.0,2026-04-29 00:00:00+00:00,KXOSCARNOMACTO,long_dated,611,
657,KXOSCARNOMACTO-27-KEA,0.0,2026-04-29 00:00:00+00:00,KXOSCARNOMACTO,long_dated,611,
657,KXOSCARNOMACTO-27-JERE,0.0,2026-04-29 00:00:00+00:00,KXOSCARNOMACTO,long_dated,611,
657,KXOSCARNOMACTO-27-TOM,0.0,2026-04-29 00:00:00+00:00,KXOSCARNOMACTO,long_dated,611,
658,KXOSCARNOMACTO-27-JAA,1.0,2026-04-29 00:00:00+00:00,KXOSCARNOMACTO,long_dated,611,15.0
658,KXOSCARNOMACTO-27-JOS,0.0,2026-04-29 00:00:00+00:00,KXOSCARNOMACTO,long_dated,611,
658,KXOSCARNOMACTO-27-JER,0.0,2026-04-29 00:00:00+00:00,KXOSCARNOMACTO,long_dated,611,
658,KXOSCARNOMACTO-27-SAM,0.0,2026-04-29 00:00:00+00:00,KXOSCARNOMACTO,long_dated,611,
658,KXOSCARNOMACTO-27-CHA,0.0,2026-04-29 00:00:00+00:00,KXOSCARNOMACTO,long_dated,611,
658,KXOSCARNOMACTO-27-AND,0.0,2026-04-29 00:00:00+00:00,KXOSCARNOMACTO,long_dated,611,
658,KXOSCARNOMACTO-27-CHAN,0.0,2026-04-29 00:00:00+00:00,KXOSCARNOMACTO,long_dated,611,
658,KXOSCARNOMACTO-27-TOM,0.0,2026-04-29 00:00:00+00:00,KXOSCARNOMACTO,long_dated,611,
658,KXOSCARNOMACTO-27-PED,0.0,2026-04-29 00:00:00+00:00,KXOSCARNOMACTO,long_dated,611,
658,KXOSCARNOMACTO-27-KEA,0.0,2026-04-29 00:00:00+00:00,KXOSCARNOMACTO,long_dated,611,
658,KXOSCARNOMACTO-27-JOH,0.0,2026-04-29 00:00:00+00:00,KXOSCARNOMACTO,long_dated,611,
659,KXOSCARNOMACTO-27-MAT,1.0,2026-04-29 00:00:00+00:00,KXOSCARNOMACTO,long_dated,611,15.0
659,KXOSCARNOMACTO-27-SEB,0.0,2026-04-29 00:00:00+00:00,KXOSCARNOMACTO,long_dated,611,
659,KXOSCARNOMACTO-27-JOH,0.0,2026-04-29 00:00:00+00:00,KXOSCARNOMACTO,long_dated,611,
659,KXOSCARNOMACTO-27-TOM,0.0,2026-04-29 00:00:00+00:00,KXOSCARNOMACTO,long_dated,611,
659,KXOSCARNOMACTO-27-JER,0.0,2026-04-29 00:00:00+00:00,KXOSCARNOMACTO,long_dated,611,
659,KXOSCARNOMACTO-27-JOS,0.0,2026-04-29 00:00:00+00:00,KXOSCARNOMACTO,long_dated,611,
659,KXOSCARNOMACTO-27-SAM,0.0,2026-04-29 00:00:00+00:00,KXOSCARNOMACTO,long_dated,611,
659,KXOSCARNOMACTO-27-CHA,0.0,2026-04-29 00:00:00+00:00,KXOSCARNOMACTO,long_dated,611,
659,KXOSCARNOMACTO-27-AND,0.0,2026-04-29 00:00:00+00:00,KXOSCARNOMACTO,long_dated,611,
659,KXOSCARNOMACTO-27-CHAN,0.0,2026-04-29 00:00:00+00:00,KXOSCARNOMACTO,long_dated,611,
659,KXOSCARNOMACTO-27-PED,0.0,2026-04-29 00:00:00+00:00,KXOSCARNOMACTO,long_dated,611,
660,KXOSCARNOMACTO-27-RYA,1.0,2026-04-29 00:00:00+00:00,KXOSCARNOMACTO,long_dated,611,15.0
660,KXOSCARNOMACTO-27-JOH,0.0,2026-04-29 00:00:00+00:00,KXOSCARNOMACTO,long_dated,611,
660,KXOSCARNOMACTO-27-SEB,0.0,2026-04-29 00:00:00+00:00,KXOSCARNOMACTO,long_dated,611,
660,KXOSCARNOMACTO-27-TOM,0.0,2026-04-29 00:00:00+00:00,KXOSCARNOMACTO,long_dated,611,
660,KXOSCARNOMACTO-27-JER,0.0,2026-04-29 00:00:00+00:00,KXOSCARNOMACTO,long_dated,611,
660,KXOSCARNOMACTO-27-JOS,0.0,2026-04-29 00:00:00+00:00,KXOSCARNOMACTO,long_dated,611,
660,KXOSCARNOMACTO-27-SAM,0.0,2026-04-29 00:00:00+00:00,KXOSCARNOMACTO,long_dated,611,
660,KXOSCARNOMACTO-27-CHA,0.0,2026-04-29 00:00:00+00:00,KXOSCARNOMACTO,long_dated,611,
660,KXOSCARNOMACTO-27-AND,0.0,2026-04-29 00:00:00+00:00,KXOSCARNOMACTO,long_dated,611,
660,KXOSCARNOMACTO-27-CHAN,0.0,2026-04-29 00:00:00+00:00,KXOSCARNOMACTO,long_dated,611,
660,KXOSCARNOMACTO-27-PED,0.0,2026-04-29 00:00:00+00:00,KXOSCARNOMACTO,long_dated,611,
661,KXOSCARNOMACTO-27-TIM,1.0,2026-04-29 00:00:00+00:00,KXOSCARNOMACTO,long_dated,611,15.0
661,KXOSCARNOMACTO-27-TOM,0.0,2026-04-29 00:00:00+00:00,KXOSCARNOMACTO,long_dated,611,
661,KXOSCARNOMACTO-27-JER,0.0,2026-04-29 00:00:00+00:00,KXOSCARNOMACTO,long_dated,611,
661,KXOSCARNOMACTO-27-JOS,0.0,2026-04-29 00:00:00+00:00,KXOSCARNOMACTO,long_dated,611,
661,KXOSCARNOMACTO-27-SAM,0.0,2026-04-29 00:00:00+00:00,KXOSCARNOMACTO,long_dated,611,
661,KXOSCARNOMACTO-27-JOH,0.0,2026-04-29 00:00:00+00:00,KXOSCARNOMACTO,long_dated,611,
661,KXOSCARNOMACTO-27-SEB,0.0,2026-04-29 00:00:00+00:00,KXOSCARNOMACTO,long_dated,611,
661,KXOSCARNOMACTO-27-CHA,0.0,2026-04-29 00:00:00+00:00,KXOSCARNOMACTO,long_dated,611,
661,KXOSCARNOMACTO-27-AND,0.0,2026-04-29 00:00:00+00:00,KXOSCARNOMACTO,long_dated,611,
661,KXOSCARNOMACTO-27-CHAN,0.0,2026-04-29 00:00:00+00:00,KXOSCARNOMACTO,long_dated,611,
661,KXOSCARNOMACTO-27-PED,0.0,2026-04-29 00:00:00+00:00,KXOSCARNOMACTO,long_dated,611,
662,KXOSCARPIC-27-DIG,1.0,2026-04-29 00:00:00+00:00,KXOSCARPIC,long_dated,611,295.0
662,KXOSCARPIC-27-SEN,0.0,2026-04-29 00:00:00+00:00,KXOSCARPIC,long_dated,611,
662,KXOSCARPIC-27-FAT,0.0,2026-04-29 00:00:00+00:00,KXOSCARPIC,long_dated,611,
662,KXOSCARPIC-27-ENT,0.0,2026-04-29 00:00:00+00:00,KXOSCARPIC,long_dated,611,
662,KXOSCARPIC-27-ALL,0.0,2026-04-29 00:00:00+00:00,KXOSCARPIC,long_dated,611,
662,KXOSCARPIC-27-ART,0.0,2026-04-29 00:00:00+00:00,KXOSCARPIC,long_dated,611,
662,KXOSCARPIC-27-CRY,0.0,2026-04-29 00:00:00+00:00,KXOSCARPIC,long_dated,611,
662,KXOSCARPIC-27-BEH,0.0,2026-04-29 00:00:00+00:00,KXOSCARPIC,long_dated,611,
662,KXOSCARPIC-27-INK,0.0,2026-04-29 00:00:00+00:00,KXOSCARPIC,long_dated,611,
662,KXOSCARPIC-27-ADV,0.0,2026-04-29 00:00:00+00:00,KXOSCARPIC,long_dated,611,
662,KXOSCARPIC-27-JOS,0.0,2026-04-29 00:00:00+00:00,KXOSCARPIC,long_dated,611,
663,KXOSCARPIC-27-DIS,1.0,2026-04-29 00:00:00+00:00,KXOSCARPIC,long_dated,611,20.0
663,KXOSCARPIC-27-ENT,0.0,2026-04-29 00:00:00+00:00,KXOSCARPIC,long_dated,611,
663,KXOSCARPIC-27-FAT,0.0,2026-04-29 00:00:00+00:00,KXOSCARPIC,long_dated,611,
663,KXOSCARPIC-27-ALL,0.0,2026-04-29 00:00:00+00:00,KXOSCARPIC,long_dated,611,
663,KXOSCARPIC-27-SEN,0.0,2026-04-29 00:00:00+00:00,KXOSCARPIC,long_dated,611,
663,KXOSCARPIC-27-ART,0.0,2026-04-29 00:00:00+00:00,KXOSCARPIC,long_dated,611,
663,KXOSCARPIC-27-CRY,0.0,2026-04-29 00:00:00+00:00,KXOSCARPIC,long_dated,611,
663,KXOSCARPIC-27-BEH,0.0,2026-04-29 00:00:00+00:00,KXOSCARPIC,long_dated,611,
663,KXOSCARPIC-27-INK,0.0,2026-04-29 00:00:00+00:00,KXOSCARPIC,long_dated,611,
663,KXOSCARPIC-27-ADV,0.0,2026-04-29 00:00:00+00:00,KXOSCARPIC,long_dated,611,
663,KXOSCARPIC-27-JOS,0.0,2026-04-29 00:00:00+00:00,KXOSCARPIC,long_dated,611,
664,KXOSCARPIC-27-DUN,1.0,2026-04-29 00:00:00+00:00,KXOSCARPIC,long_dated,611,20.0
664,KXOSCARPIC-27-SEN,0.0,2026-04-29 00:00:00+00:00,KXOSCARPIC,long_dated,611,
664,KXOSCARPIC-27-FAT,0.0,2026-04-29 00:00:00+00:00,KXOSCARPIC,long_dated,611,
664,KXOSCARPIC-27-ENT,0.0,2026-04-29 00:00:00+00:00,KXOSCARPIC,long_dated,611,
664,KXOSCARPIC-27-ALL,0.0,2026-04-29 00:00:00+00:00,KXOSCARPIC,long_dated,611,
664,KXOSCARPIC-27-ART,0.0,2026-04-29 00:00:00+00:00,KXOSCARPIC,long_dated,611,
664,KXOSCARPIC-27-CRY,0.0,2026-04-29 00:00:00+00:00,KXOSCARPIC,long_dated,611,
664,KXOSCARPIC-27-BEH,0.0,2026-04-29 00:00:00+00:00,KXOSCARPIC,long_dated,611,
664,KXOSCARPIC-27-INK,0.0,2026-04-29 00:00:00+00:00,KXOSCARPIC,long_dated,611,
664,KXOSCARPIC-27-ADV,0.0,2026-04-29 00:00:00+00:00,KXOSCARPIC,long_dated,611,
664,KXOSCARPIC-27-JOS,0.0,2026-04-29 00:00:00+00:00,KXOSCARPIC,long_dated,611,
665,KXOSCARPIC-27-FJO,1.0,2026-04-29 00:00:00+00:00,KXOSCARPIC,long_dated,611,20.0
665,KXOSCARPIC-27-ART,0.0,2026-04-29 00:00:00+00:00,KXOSCARPIC,long_dated,611,
665,KXOSCARPIC-27-ALL,0.0,2026-04-29 00:00:00+00:00,KXOSCARPIC,long_dated,611,
665,KXOSCARPIC-27-CRY,0.0,2026-04-29 00:00:00+00:00,KXOSCARPIC,long_dated,611,
665,KXOSCARPIC-27-BEH,0.0,2026-04-29 00:00:00+00:00,KXOSCARPIC,long_dated,611,
665,KXOSCARPIC-27-ENT,0.0,2026-04-29 00:00:00+00:00,KXOSCARPIC,long_dated,611,
665,KXOSCARPIC-27-INK,0.0,2026-04-29 00:00:00+00:00,KXOSCARPIC,long_dated,611,
665,KXOSCARPIC-27-ADV,0.0,2026-04-29 00:00:00+00:00,KXOSCARPIC,long_dated,611,
665,KXOSCARPIC-27-JOS,0.0,2026-04-29 00:00:00+00:00,KXOSCARPIC,long_dated,611,
665,KXOSCARPIC-27-FAT,0.0,2026-04-29 00:00:00+00:00,KXOSCARPIC,long_dated,611,
665,KXOSCARPIC-27-DEA,0.0,2026-04-29 00:00:00+00:00,KXOSCARPIC,long_dated,611,
666,KXOSCARPIC-27-MIC,1.0,2026-04-29 00:00:00+00:00,KXOSCARPIC,long_dated,611,20.0
666,KXOSCARPIC-27-ENT,0.0,2026-04-29 00:00:00+00:00,KXOSCARPIC,long_dated,611,
666,KXOSCARPIC-27-ALL,0.0,2026-04-29 00:00:00+00:00,KXOSCARPIC,long_dated,611,
666,KXOSCARPIC-27-FAT,0.0,2026-04-29 00:00:00+00:00,KXOSCARPIC,long_dated,611,
666,KXOSCARPIC-27-SEN,0.0,2026-04-29 00:00:00+00:00,KXOSCARPIC,long_dated,611,
666,KXOSCARPIC-27-ART,0.0,2026-04-29 00:00:00+00:00,KXOSCARPIC,long_dated,611,
666,KXOSCARPIC-27-CRY,0.0,2026-04-29 00:00:00+00:00,KXOSCARPIC,long_dated,611,
666,KXOSCARPIC-27-BEH,0.0,2026-04-29 00:00:00+00:00,KXOSCARPIC,long_dated,611,
666,KXOSCARPIC-27-INK,0.0,2026-04-29 00:00:00+00:00,KXOSCARPIC,long_dated,611,
666,KXOSCARPIC-27-ADV,0.0,2026-04-29 00:00:00+00:00,KXOSCARPIC,long_dated,611,
666,KXOSCARPIC-27-JOS,0.0,2026-04-29 00:00:00+00:00,KXOSCARPIC,long_dated,611,
667,KXOSCARPIC-27-ODY,1.0,2026-04-29 00:00:00+00:00,KXOSCARPIC,long_dated,611,295.0
667,KXOSCARPIC-27-SEN,0.0,2026-04-29 00:00:00+00:00,KXOSCARPIC,long_dated,611,
667,KXOSCARPIC-27-FAT,0.0,2026-04-29 00:00:00+00:00,KXOSCARPIC,long_dated,611,
667,KXOSCARPIC-27-ENT,0.0,2026-04-29 00:00:00+00:00,KXOSCARPIC,long_dated,611,
667,KXOSCARPIC-27-ALL,0.0,2026-04-29 00:00:00+00:00,KXOSCARPIC,long_dated,611,
667,KXOSCARPIC-27-ART,0.0,2026-04-29 00:00:00+00:00,KXOSCARPIC,long_dated,611,
667,KXOSCARPIC-27-CRY,0.0,2026-04-29 00:00:00+00:00,KXOSCARPIC,long_dated,611,
667,KXOSCARPIC-27-BEH,0.0,2026-04-29 00:00:00+00:00,KXOSCARPIC,long_dated,611,
667,KXOSCARPIC-27-INK,0.0,2026-04-29 00:00:00+00:00,KXOSCARPIC,long_dated,611,
667,KXOSCARPIC-27-ADV,0.0,2026-04-29 00:00:00+00:00,KXOSCARPIC,long_dated,611,
667,KXOSCARPIC-27-JOS,0.0,2026-04-29 00:00:00+00:00,KXOSCARPIC,long_dated,611,
668,KXOSCARPIC-27-PRO,1.0,2026-04-29 00:00:00+00:00,KXOSCARPIC,long_dated,611,20.0
668,KXOSCARPIC-27-SEN,0.0,2026-04-29 00:00:00+00:00,KXOSCARPIC,long_dated,611,
668,KXOSCARPIC-27-FAT,0.0,2026-04-29 00:00:00+00:00,KXOSCARPIC,long_dated,611,
668,KXOSCARPIC-27-ENT,0.0,2026-04-29 00:00:00+00:00,KXOSCARPIC,long_dated,611,
668,KXOSCARPIC-27-ALL,0.0,2026-04-29 00:00:00+00:00,KXOSCARPIC,long_dated,611,
668,KXOSCARPIC-27-ART,0.0,2026-04-29 00:00:00+00:00,KXOSCARPIC,long_dated,611,
668,KXOSCARPIC-27-CRY,0.0,2026-04-29 00:00:00+00:00,KXOSCARPIC,long_dated,611,
668,KXOSCARPIC-27-BEH,0.0,2026-04-29 00:00:00+00:00,KXOSCARPIC,long_dated,611,
668,KXOSCARPIC-27-INK,0.0,2026-04-29 00:00:00+00:00,KXOSCARPIC,long_dated,611,
668,KXOSCARPIC-27-ADV,0.0,2026-04-29 00:00:00+00:00,KXOSCARPIC,long_dated,611,
668,KXOSCARPIC-27-JOS,0.0,2026-04-29 00:00:00+00:00,KXOSCARPIC,long_dated,611,
669,KXOSCARPIC-27-SOC,1.0,2026-04-29 00:00:00+00:00,KXOSCARPIC,long_dated,611,20.0
669,KXOSCARPIC-27-SEN,0.0,2026-04-29 00:00:00+00:00,KXOSCARPIC,long_dated,611,
669,KXOSCARPIC-27-FAT,0.0,2026-04-29 00:00:00+00:00,KXOSCARPIC,long_dated,611,
669,KXOSCARPIC-27-ENT,0.0,2026-04-29 00:00:00+00:00,KXOSCARPIC,long_dated,611,
669,KXOSCARPIC-27-ALL,0.0,2026-04-29 00:00:00+00:00,KXOSCARPIC,long_dated,611,
669,KXOSCARPIC-27-ART,0.0,2026-04-29 00:00:00+00:00,KXOSCARPIC,long_dated,611,
669,KXOSCARPIC-27-CRY,0.0,2026-04-29 00:00:00+00:00,KXOSCARPIC,long_dated,611,
669,KXOSCARPIC-27-BEH,0.0,2026-04-29 00:00:00+00:00,KXOSCARPIC,long_dated,611,
669,KXOSCARPIC-27-INK,0.0,2026-04-29 00:00:00+00:00,KXOSCARPIC,long_dated,611,
669,KXOSCARPIC-27-ADV,0.0,2026-04-29 00:00:00+00:00,KXOSCARPIC,long_dated,611,
669,KXOSCARPIC-27-JOS,0.0,2026-04-29 00:00:00+00:00,KXOSCARPIC,long_dated,611,
670,KXOSCARPIC-27-WIL,1.0,2026-04-29 00:00:00+00:00,KXOSCARPIC,long_dated,611,295.0
670,KXOSCARPIC-27-SEN,0.0,2026-04-29 00:00:00+00:00,KXOSCARPIC,long_dated,611,
670,KXOSCARPIC-27-FAT,0.0,2026-04-29 00:00:00+00:00,KXOSCARPIC,long_dated,611,
670,KXOSCARPIC-27-ENT,0.0,2026-04-29 00:00:00+00:00,KXOSCARPIC,long_dated,611,
670,KXOSCARPIC-27-ALL,0.0,2026-04-29 00:00:00+00:00,KXOSCARPIC,long_dated,611,
670,KXOSCARPIC-27-ART,0.0,2026-04-29 00:00:00+00:00,KXOSCARPIC,long_dated,611,
670,KXOSCARPIC-27-CRY,0.0,2026-04-29 00:00:00+00:00,KXOSCARPIC,long_dated,611,
670,KXOSCARPIC-27-BEH,0.0,2026-04-29 00:00:00+00:00,KXOSCARPIC,long_dated,611,
670,KXOSCARPIC-27-INK,0.0,2026-04-29 00:00:00+00:00,KXOSCARPIC,long_dated,611,
670,KXOSCARPIC-27-ADV,0.0,2026-04-29 00:00:00+00:00,KXOSCARPIC,long_dated,611,
670,KXOSCARPIC-27-JOS,0.0,2026-04-29 00:00:00+00:00,KXOSCARPIC,long_dated,611,
671,KXPERFORMROLE007-MONEYPENNY-ALI,1.0,2026-04-29 00:00:00+00:00,KXPERFORMROLE007,long_dated,1708,100.0
671,KXPERFORMROLE007-M-MAR,0.0,2026-04-29 00:00:00+00:00,KXPERFORMROLE007,long_dated,1708,
671,KXPERFORMROLE007-M-IDR,0.0,2026-04-29 00:00:00+00:00,KXPERFORMROLE007,long_dated,1708,
671,KXPERFORMROLE007-VILLAIN-ADA,0.0,2026-04-29 00:00:00+00:00,KXPERFORMROLE007,long_dated,1708,
671,KXPERFORMROLE007-FELIX-CHI,0.0,2026-04-29 00:00:00+00:00,KXPERFORMROLE007,long_dated,1708,
671,KXPERFORMROLE007-FELIX-STE,0.0,2026-04-29 00:00:00+00:00,KXPERFORMROLE007,long_dated,1708,
671,KXPERFORMROLE007-FELIX-JOH,0.0,2026-04-29 00:00:00+00:00,KXPERFORMROLE007,long_dated,1708,
671,KXPERFORMROLE007-FELIX-SET,0.0,2026-04-29 00:00:00+00:00,KXPERFORMROLE007,long_dated,1708,
671,KXPERFORMROLE007-FELIX-ALB,0.0,2026-04-29 00:00:00+00:00,KXPERFORMROLE007,long_dated,1708,
671,KXPERFORMROLE007-Q-TOM,0.0,2026-04-29 00:00:00+00:00,KXPERFORMROLE007,long_dated,1708,
671,KXPERFORMROLE007-FELIX-WYA,0.0,2026-04-29 00:00:00+00:00,KXPERFORMROLE007,long_dated,1708,
672,KXPERFORMROLE007-MONEYPENNY-EMM,1.0,2026-04-29 00:00:00+00:00,KXPERFORMROLE007,long_dated,1708,100.0
672,KXPERFORMROLE007-FELIX-SET,0.0,2026-04-29 00:00:00+00:00,KXPERFORMROLE007,long_dated,1708,
672,KXPERFORMROLE007-FELIX-STE,0.0,2026-04-29 00:00:00+00:00,KXPERFORMROLE007,long_dated,1708,
672,KXPERFORMROLE007-FELIX-ALB,0.0,2026-04-29 00:00:00+00:00,KXPERFORMROLE007,long_dated,1708,
672,KXPERFORMROLE007-VILLAIN-ADA,0.0,2026-04-29 00:00:00+00:00,KXPERFORMROLE007,long_dated,1708,
672,KXPERFORMROLE007-Q-TOM,0.0,2026-04-29 00:00:00+00:00,KXPERFORMROLE007,long_dated,1708,
672,KXPERFORMROLE007-FELIX-WYA,0.0,2026-04-29 00:00:00+00:00,KXPERFORMROLE007,long_dated,1708,
672,KXPERFORMROLE007-M-MAR,0.0,2026-04-29 00:00:00+00:00,KXPERFORMROLE007,long_dated,1708,
672,KXPERFORMROLE007-JOD,0.0,2026-04-29 00:00:00+00:00,KXPERFORMROLE007,long_dated,1708,
672,KXPERFORMROLE007-ADR,0.0,2026-04-29 00:00:00+00:00,KXPERFORMROLE007,long_dated,1708,
672,KXPERFORMROLE007-LIL,0.0,2026-04-29 00:00:00+00:00,KXPERFORMROLE007,long_dated,1708,
673,KXPERFORMROLE007-MONEYPENNY-JOD,1.0,2026-04-29 00:00:00+00:00,KXPERFORMROLE007,long_dated,1708,100.0
673,KXPERFORMROLE007-M-MAR,0.0,2026-04-29 00:00:00+00:00,KXPERFORMROLE007,long_dated,1708,
673,KXPERFORMROLE007-VILLAIN-ADA,0.0,2026-04-29 00:00:00+00:00,KXPERFORMROLE007,long_dated,1708,
673,KXPERFORMROLE007-FELIX-STE,0.0,2026-04-29 00:00:00+00:00,KXPERFORMROLE007,long_dated,1708,
673,KXPERFORMROLE007-FELIX-SET,0.0,2026-04-29 00:00:00+00:00,KXPERFORMROLE007,long_dated,1708,
673,KXPERFORMROLE007-FELIX-ALB,0.0,2026-04-29 00:00:00+00:00,KXPERFORMROLE007,long_dated,1708,
673,KXPERFORMROLE007-M-IDR,0.0,2026-04-29 00:00:00+00:00,KXPERFORMROLE007,long_dated,1708,
673,KXPERFORMROLE007-Q-TOM,0.0,2026-04-29 00:00:00+00:00,KXPERFORMROLE007,long_dated,1708,
673,KXPERFORMROLE007-FELIX-WYA,0.0,2026-04-29 00:00:00+00:00,KXPERFORMROLE007,long_dated,1708,
673,KXPERFORMROLE007-FELIX-CHI,0.0,2026-04-29 00:00:00+00:00,KXPERFORMROLE007,long_dated,1708,
673,KXPERFORMROLE007-JOD,0.0,2026-04-29 00:00:00+00:00,KXPERFORMROLE007,long_dated,1708,
674,KXPERFORMROLE007-MONEYPENNY-JODI,1.0,2026-04-29 00:00:00+00:00,KXPERFORMROLE007,long_dated,1708,100.0
674,KXPERFORMROLE007-M-MAR,0.0,2026-04-29 00:00:00+00:00,KXPERFORMROLE007,long_dated,1708,
674,KXPERFORMROLE007-VILLAIN-ADA,0.0,2026-04-29 00:00:00+00:00,KXPERFORMROLE007,long_dated,1708,
674,KXPERFORMROLE007-FELIX-STE,0.0,2026-04-29 00:00:00+00:00,KXPERFORMROLE007,long_dated,1708,
674,KXPERFORMROLE007-M-IDR,0.0,2026-04-29 00:00:00+00:00,KXPERFORMROLE007,long_dated,1708,
674,KXPERFORMROLE007-FELIX-SET,0.0,2026-04-29 00:00:00+00:00,KXPERFORMROLE007,long_dated,1708,
674,KXPERFORMROLE007-FELIX-ALB,0.0,2026-04-29 00:00:00+00:00,KXPERFORMROLE007,long_dated,1708,
674,KXPERFORMROLE007-FELIX-CHI,0.0,2026-04-29 00:00:00+00:00,KXPERFORMROLE007,long_dated,1708,
674,KXPERFORMROLE007-Q-TOM,0.0,2026-04-29 00:00:00+00:00,KXPERFORMROLE007,long_dated,1708,
674,KXPERFORMROLE007-FELIX-WYA,0.0,2026-04-29 00:00:00+00:00,KXPERFORMROLE007,long_dated,1708,
674,KXPERFORMROLE007-JOD,0.0,2026-04-29 00:00:00+00:00,KXPERFORMROLE007,long_dated,1708,
675,KXPERFORMROLE007-MONEYPENNY-JUN,1.0,2026-04-29 00:00:00+00:00,KXPERFORMROLE007,long_dated,1708,100.0
675,KXPERFORMROLE007-M-IDR,0.0,2026-04-29 00:00:00+00:00,KXPERFORMROLE007,long_dated,1708,
675,KXPERFORMROLE007-FELIX-CHI,0.0,2026-04-29 00:00:00+00:00,KXPERFORMROLE007,long_dated,1708,
675,KXPERFORMROLE007-M-MAR,0.0,2026-04-29 00:00:00+00:00,KXPERFORMROLE007,long_dated,1708,
675,KXPERFORMROLE007-FELIX-JOH,0.0,2026-04-29 00:00:00+00:00,KXPERFORMROLE007,long_dated,1708,
675,KXPERFORMROLE007-VILLAIN-ADA,0.0,2026-04-29 00:00:00+00:00,KXPERFORMROLE007,long_dated,1708,
675,KXPERFORMROLE007-FELIX-STE,0.0,2026-04-29 00:00:00+00:00,KXPERFORMROLE007,long_dated,1708,
675,KXPERFORMROLE007-VILLAIN-ROS,0.0,2026-04-29 00:00:00+00:00,KXPERFORMROLE007,long_dated,1708,
675,KXPERFORMROLE007-FELIX-SET,0.0,2026-04-29 00:00:00+00:00,KXPERFORMROLE007,long_dated,1708,
675,KXPERFORMROLE007-FELIX-ALB,0.0,2026-04-29 00:00:00+00:00,KXPERFORMROLE007,long_dated,1708,
675,KXPERFORMROLE007-Q-TOM,0.0,2026-04-29 00:00:00+00:00,KXPERFORMROLE007,long_dated,1708,
676,KXPERFORMROLE007-MONEYPENNY-MEG,1.0,2026-04-29 00:00:00+00:00,KXPERFORMROLE007,long_dated,1708,100.0
676,KXPERFORMROLE007-JOD,0.0,2026-04-29 00:00:00+00:00,KXPERFORMROLE007,long_dated,1708,
676,KXPERFORMROLE007-FELIX-WYA,0.0,2026-04-29 00:00:00+00:00,KXPERFORMROLE007,long_dated,1708,
676,KXPERFORMROLE007-Q-TOM,0.0,2026-04-29 00:00:00+00:00,KXPERFORMROLE007,long_dated,1708,
676,KXPERFORMROLE007-ADR,0.0,2026-04-29 00:00:00+00:00,KXPERFORMROLE007,long_dated,1708,
676,KXPERFORMROLE007-LIL,0.0,2026-04-29 00:00:00+00:00,KXPERFORMROLE007,long_dated,1708,
676,KXPERFORMROLE007-FELIX-ALB,0.0,2026-04-29 00:00:00+00:00,KXPERFORMROLE007,long_dated,1708,
676,KXPERFORMROLE007-FELIX-SET,0.0,2026-04-29 00:00:00+00:00,KXPERFORMROLE007,long_dated,1708,
676,KXPERFORMROLE007-FELIX-AAR,0.0,2026-04-29 00:00:00+00:00,KXPERFORMROLE007,long_dated,1708,
676,KXPERFORMROLE007-FELIX-STE,0.0,2026-04-29 00:00:00+00:00,KXPERFORMROLE007,long_dated,1708,
676,KXPERFORMROLE007-VILLAIN-ADA,0.0,2026-04-29 00:00:00+00:00,KXPERFORMROLE007,long_dated,1708,
677,KXPERFORMROLE007-MONEYPENNY-NAO,1.0,2026-04-29 00:00:00+00:00,KXPERFORMROLE007,long_dated,1708,100.0
677,KXPERFORMROLE007-VILLAIN-IDR,0.0,2026-04-29 00:00:00+00:00,KXPERFORMROLE007,long_dated,1708,
677,KXPERFORMROLE007-MAR,0.0,2026-04-29 00:00:00+00:00,KXPERFORMROLE007,long_dated,1708,
677,KXPERFORMROLE007-VILLAIN-BAR,0.0,2026-04-29 00:00:00+00:00,KXPERFORMROLE007,long_dated,1708,
677,KXPERFORMROLE007-VILLAIN-OSC,0.0,2026-04-29 00:00:00+00:00,KXPERFORMROLE007,long_dated,1708,
677,KXPERFORMROLE007-FELIX-BOY,0.0,2026-04-29 00:00:00+00:00,KXPERFORMROLE007,long_dated,1708,
677,KXPERFORMROLE007-M-OLI,0.0,2026-04-29 00:00:00+00:00,KXPERFORMROLE007,long_dated,1708,
677,KXPERFORMROLE007-VILLAIN-PET,0.0,2026-04-29 00:00:00+00:00,KXPERFORMROLE007,long_dated,1708,
677,KXPERFORMROLE007-FELIX-ANT,0.0,2026-04-29 00:00:00+00:00,KXPERFORMROLE007,long_dated,1708,
677,KXPERFORMROLE007-M-CHA,0.0,2026-04-29 00:00:00+00:00,KXPERFORMROLE007,long_dated,1708,
677,KXPERFORMROLE007-VILLAIN-ROS,0.0,2026-04-29 00:00:00+00:00,KXPERFORMROLE007,long_dated,1708,
678,KXPERFORMROLE007-MONEYPENNY-PHO,1.0,2026-04-29 00:00:00+00:00,KXPERFORMROLE007,long_dated,1708,100.0
678,KXPERFORMROLE007-VILLAIN-ROS,0.0,2026-04-29 00:00:00+00:00,KXPERFORMROLE007,long_dated,1708,
678,KXPERFORMROLE007-FELIX-JOH,0.0,2026-04-29 00:00:00+00:00,KXPERFORMROLE007,long_dated,1708,
678,KXPERFORMROLE007-FELIX-ANT,0.0,2026-04-29 00:00:00+00:00,KXPERFORMROLE007,long_dated,1708,
678,KXPERFORMROLE007-M-CHA,0.0,2026-04-29 00:00:00+00:00,KXPERFORMROLE007,long_dated,1708,
678,KXPERFORMROLE007-VILLAIN-PET,0.0,2026-04-29 00:00:00+00:00,KXPERFORMROLE007,long_dated,1708,
678,KXPERFORMROLE007-FELIX-CHI,0.0,2026-04-29 00:00:00+00:00,KXPERFORMROLE007,long_dated,1708,
678,KXPERFORMROLE007-M-OLI,0.0,2026-04-29 00:00:00+00:00,KXPERFORMROLE007,long_dated,1708,
678,KXPERFORMROLE007-FELIX-BOY,0.0,2026-04-29 00:00:00+00:00,KXPERFORMROLE007,long_dated,1708,
678,KXPERFORMROLE007-M-IDR,0.0,2026-04-29 00:00:00+00:00,KXPERFORMROLE007,long_dated,1708,
678,KXPERFORMROLE007-VILLAIN-OSC,0.0,2026-04-29 00:00:00+00:00,KXPERFORMROLE007,long_dated,1708,
679,KXPRESNOMD-28-CMUR,1.0,2026-04-29 00:00:00+00:00,KXPRESNOMD,long_dated,923,10.0
679,KXPRESNOMD-28-RC,0.0,2026-04-29 00:00:00+00:00,KXPRESNOMD,long_dated,923,
679,KXPRESNOMD-28-RW,0.0,2026-04-29 00:00:00+00:00,KXPRESNOMD,long_dated,923,
679,KXPRESNOMD-28-ESLO,0.0,2026-04-29 00:00:00+00:00,KXPRESNOMD,long_dated,923,
679,KXPRESNOMD-28-JAM,0.0,2026-04-29 00:00:00+00:00,KXPRESNOMD,long_dated,923,
679,KXPRESNOMD-28-GPLA,0.0,2026-04-29 00:00:00+00:00,KXPRESNOMD,long_dated,923,
679,KXPRESNOMD-28-EWAR,0.0,2026-04-29 00:00:00+00:00,KXPRESNOMD,long_dated,923,
679,KXPRESNOMD-28-CBOO,0.0,2026-04-29 00:00:00+00:00,KXPRESNOMD,long_dated,923,
679,KXPRESNOMD-28-JP,0.0,2026-04-29 00:00:00+00:00,KXPRESNOMD,long_dated,923,
679,KXPRESNOMD-28-GR,0.0,2026-04-29 00:00:00+00:00,KXPRESNOMD,long_dated,923,
679,KXPRESNOMD-28-JF,0.0,2026-04-29 00:00:00+00:00,KXPRESNOMD,long_dated,923,
680,KXPRESNOMD-28-GW,1.0,2026-04-29 00:00:00+00:00,KXPRESNOMD,long_dated,923,10.0
680,KXPRESNOMD-28-JSTE,0.0,2026-04-29 00:00:00+00:00,KXPRESNOMD,long_dated,923,
680,KXPRESNOMD-28-MO,0.0,2026-04-29 00:00:00+00:00,KXPRESNOMD,long_dated,923,
680,KXPRESNOMD-28-MLAN,0.0,2026-04-29 00:00:00+00:00,KXPRESNOMD,long_dated,923,
680,KXPRESNOMD-28-SAS,0.0,2026-04-29 00:00:00+00:00,KXPRESNOMD,long_dated,923,
680,KXPRESNOMD-28-CBOO,0.0,2026-04-29 00:00:00+00:00,KXPRESNOMD,long_dated,923,
680,KXPRESNOMD-28-GPLA,0.0,2026-04-29 00:00:00+00:00,KXPRESNOMD,long_dated,923,
680,KXPRESNOMD-28-RC,0.0,2026-04-29 00:00:00+00:00,KXPRESNOMD,long_dated,923,
680,KXPRESNOMD-28-RW,0.0,2026-04-29 00:00:00+00:00,KXPRESNOMD,long_dated,923,
680,KXPRESNOMD-28-ESLO,0.0,2026-04-29 00:00:00+00:00,KXPRESNOMD,long_dated,923,
680,KXPRESNOMD-28-JAM,0.0,2026-04-29 00:00:00+00:00,KXPRESNOMD,long_dated,923,
681,KXPRESNOMD-28-HBID,1.0,2026-04-29 00:00:00+00:00,KXPRESNOMD,long_dated,923,10.0
681,KXPRESNOMD-28-BORO,0.0,2026-04-29 00:00:00+00:00,KXPRESNOMD,long_dated,923,
681,KXPRESNOMD-28-LJAM,0.0,2026-04-29 00:00:00+00:00,KXPRESNOMD,long_dated,923,
681,KXPRESNOMD-28-BS,0.0,2026-04-29 00:00:00+00:00,KXPRESNOMD,long_dated,923,
681,KXPRESNOMD-28-AKLO,0.0,2026-04-29 00:00:00+00:00,KXPRESNOMD,long_dated,923,
681,KXPRESNOMD-28-JCRO,0.0,2026-04-29 00:00:00+00:00,KXPRESNOMD,long_dated,923,
681,KXPRESNOMD-28-LC,0.0,2026-04-29 00:00:00+00:00,KXPRESNOMD,long_dated,923,
681,KXPRESNOMD-28-PHI,0.0,2026-04-29 00:00:00+00:00,KXPRESNOMD,long_dated,923,
681,KXPRESNOMD-28-HCLI,0.0,2026-04-29 00:00:00+00:00,KXPRESNOMD,long_dated,923,
681,KXPRESNOMD-28-BOBA,0.0,2026-04-29 00:00:00+00:00,KXPRESNOMD,long_dated,923,
681,KXPRESNOMD-28-AYAN,0.0,2026-04-29 00:00:00+00:00,KXPRESNOMD,long_dated,923,
682,KXPRESNOMD-28-MC,1.0,2026-04-29 00:00:00+00:00,KXPRESNOMD,long_dated,923,10.0
682,KXPRESNOMD-28-CBOO,0.0,2026-04-29 00:00:00+00:00,KXPRESNOMD,long_dated,923,
682,KXPRESNOMD-28-GPLA,0.0,2026-04-29 00:00:00+00:00,KXPRESNOMD,long_dated,923,
682,KXPRESNOMD-28-SAS,0.0,2026-04-29 00:00:00+00:00,KXPRESNOMD,long_dated,923,
682,KXPRESNOMD-28-MLAN,0.0,2026-04-29 00:00:00+00:00,KXPRESNOMD,long_dated,923,
682,KXPRESNOMD-28-RC,0.0,2026-04-29 00:00:00+00:00,KXPRESNOMD,long_dated,923,
682,KXPRESNOMD-28-RW,0.0,2026-04-29 00:00:00+00:00,KXPRESNOMD,long_dated,923,
682,KXPRESNOMD-28-ESLO,0.0,2026-04-29 00:00:00+00:00,KXPRESNOMD,long_dated,923,
682,KXPRESNOMD-28-JAM,0.0,2026-04-29 00:00:00+00:00,KXPRESNOMD,long_dated,923,
682,KXPRESNOMD-28-EWAR,0.0,2026-04-29 00:00:00+00:00,KXPRESNOMD,long_dated,923,
682,KXPRESNOMD-28-MO,0.0,2026-04-29 00:00:00+00:00,KXPRESNOMD,long_dated,923,
683,KXPRESNOMD-28-RGAL,1.0,2026-04-29 00:00:00+00:00,KXPRESNOMD,long_dated,923,10.0
683,KXPRESNOMD-28-JSTE,0.0,2026-04-29 00:00:00+00:00,KXPRESNOMD,long_dated,923,
683,KXPRESNOMD-28-MO,0.0,2026-04-29 00:00:00+00:00,KXPRESNOMD,long_dated,923,
683,KXPRESNOMD-28-MLAN,0.0,2026-04-29 00:00:00+00:00,KXPRESNOMD,long_dated,923,
683,KXPRESNOMD-28-SAS,0.0,2026-04-29 00:00:00+00:00,KXPRESNOMD,long_dated,923,
683,KXPRESNOMD-28-CBOO,0.0,2026-04-29 00:00:00+00:00,KXPRESNOMD,long_dated,923,
683,KXPRESNOMD-28-GPLA,0.0,2026-04-29 00:00:00+00:00,KXPRESNOMD,long_dated,923,
683,KXPRESNOMD-28-RC,0.0,2026-04-29 00:00:00+00:00,KXPRESNOMD,long_dated,923,
683,KXPRESNOMD-28-RW,0.0,2026-04-29 00:00:00+00:00,KXPRESNOMD,long_dated,923,
683,KXPRESNOMD-28-ESLO,0.0,2026-04-29 00:00:00+00:00,KXPRESNOMD,long_dated,923,
683,KXPRESNOMD-28-JAM,0.0,2026-04-29 00:00:00+00:00,KXPRESNOMD,long_dated,923,
684,KXPRESNOMD-28-RKHA,1.0,2026-04-29 00:00:00+00:00,KXPRESNOMD,long_dated,923,10.0
684,KXPRESNOMD-28-REMA,0.0,2026-04-29 00:00:00+00:00,KXPRESNOMD,long_dated,923,
684,KXPRESNOMD-28-MK,0.0,2026-04-29 00:00:00+00:00,KXPRESNOMD,long_dated,923,
684,KXPRESNOMD-28-JSTE,0.0,2026-04-29 00:00:00+00:00,KXPRESNOMD,long_dated,923,
684,KXPRESNOMD-28-MO,0.0,2026-04-29 00:00:00+00:00,KXPRESNOMD,long_dated,923,
684,KXPRESNOMD-28-MLAN,0.0,2026-04-29 00:00:00+00:00,KXPRESNOMD,long_dated,923,
684,KXPRESNOMD-28-SAS,0.0,2026-04-29 00:00:00+00:00,KXPRESNOMD,long_dated,923,
684,KXPRESNOMD-28-CBOO,0.0,2026-04-29 00:00:00+00:00,KXPRESNOMD,long_dated,923,
684,KXPRESNOMD-28-GPLA,0.0,2026-04-29 00:00:00+00:00,KXPRESNOMD,long_dated,923,
684,KXPRESNOMD-28-RC,0.0,2026-04-29 00:00:00+00:00,KXPRESNOMD,long_dated,923,
684,KXPRESNOMD-28-RW,0.0,2026-04-29 00:00:00+00:00,KXPRESNOMD,long_dated,923,
685,KXPRESNOMD-28-TW,1.0,2026-04-29 00:00:00+00:00,KXPRESNOMD,long_dated,923,10.0
685,KXPRESNOMD-28-AKLO,0.0,2026-04-29 00:00:00+00:00,KXPRESNOMD,long_dated,923,
685,KXPRESNOMD-28-BS,0.0,2026-04-29 00:00:00+00:00,KXPRESNOMD,long_dated,923,
685,KXPRESNOMD-28-BORO,0.0,2026-04-29 00:00:00+00:00,KXPRESNOMD,long_dated,923,
685,KXPRESNOMD-28-HCLI,0.0,2026-04-29 00:00:00+00:00,KXPRESNOMD,long_dated,923,
685,KXPRESNOMD-28-BOBA,0.0,2026-04-29 00:00:00+00:00,KXPRESNOMD,long_dated,923,
685,KXPRESNOMD-28-AYAN,0.0,2026-04-29 00:00:00+00:00,KXPRESNOMD,long_dated,923,
685,KXPRESNOMD-28-LJAM,0.0,2026-04-29 00:00:00+00:00,KXPRESNOMD,long_dated,923,
685,KXPRESNOMD-28-JCRO,0.0,2026-04-29 00:00:00+00:00,KXPRESNOMD,long_dated,923,
685,KXPRESNOMD-28-LC,0.0,2026-04-29 00:00:00+00:00,KXPRESNOMD,long_dated,923,
685,KXPRESNOMD-28-PHI,0.0,2026-04-29 00:00:00+00:00,KXPRESNOMD,long_dated,923,
686,KXPRESNOMD-28-WM,1.0,2026-04-29 00:00:00+00:00,KXPRESNOMD,long_dated,923,10.0
686,KXPRESNOMD-28-JSTE,0.0,2026-04-29 00:00:00+00:00,KXPRESNOMD,long_dated,923,
686,KXPRESNOMD-28-MO,0.0,2026-04-29 00:00:00+00:00,KXPRESNOMD,long_dated,923,
686,KXPRESNOMD-28-REMA,0.0,2026-04-29 00:00:00+00:00,KXPRESNOMD,long_dated,923,
686,KXPRESNOMD-28-MLAN,0.0,2026-04-29 00:00:00+00:00,KXPRESNOMD,long_dated,923,
686,KXPRESNOMD-28-SAS,0.0,2026-04-29 00:00:00+00:00,KXPRESNOMD,long_dated,923,
686,KXPRESNOMD-28-MK,0.0,2026-04-29 00:00:00+00:00,KXPRESNOMD,long_dated,923,
686,KXPRESNOMD-28-CBOO,0.0,2026-04-29 00:00:00+00:00,KXPRESNOMD,long_dated,923,
686,KXPRESNOMD-28-GPLA,0.0,2026-04-29 00:00:00+00:00,KXPRESNOMD,long_dated,923,
686,KXPRESNOMD-28-RC,0.0,2026-04-29 00:00:00+00:00,KXPRESNOMD,long_dated,923,
686,KXPRESNOMD-28-RW,0.0,2026-04-29 00:00:00+00:00,KXPRESNOMD,long_dated,923,
687,KXPRESNOMD-28-ZMAM,1.0,2026-04-29 00:00:00+00:00,KXPRESNOMD,long_dated,923,10.0
687,KXPRESNOMD-28-EWAR,0.0,2026-04-29 00:00:00+00:00,KXPRESNOMD,long_dated,923,
687,KXPRESNOMD-28-JAM,0.0,2026-04-29 00:00:00+00:00,KXPRESNOMD,long_dated,923,
687,KXPRESNOMD-28-ESLO,0.0,2026-04-29 00:00:00+00:00,KXPRESNOMD,long_dated,923,
687,KXPRESNOMD-28-RW,0.0,2026-04-29 00:00:00+00:00,KXPRESNOMD,long_dated,923,
687,KXPRESNOMD-28-RC,0.0,2026-04-29 00:00:00+00:00,KXPRESNOMD,long_dated,923,
687,KXPRESNOMD-28-JP,0.0,2026-04-29 00:00:00+00:00,KXPRESNOMD,long_dated,923,
687,KXPRESNOMD-28-GR,0.0,2026-04-29 00:00:00+00:00,KXPRESNOMD,long_dated,923,
687,KXPRESNOMD-28-JF,0.0,2026-04-29 00:00:00+00:00,KXPRESNOMD,long_dated,923,
687,KXPRESNOMD-28-DJOH,0.0,2026-04-29 00:00:00+00:00,KXPRESNOMD,long_dated,923,
687,KXPRESNOMD-28-AYAN,0.0,2026-04-29 00:00:00+00:00,KXPRESNOMD,long_dated,923,
688,KXPRESPERSON-28-DTRU,1.0,2026-04-29 00:00:00+00:00,KXPRESPERSON,long_dated,1288,10.0
688,KXPRESPERSON-28-MKEL,0.0,2026-04-29 00:00:00+00:00,KXPRESPERSON,long_dated,1288,
688,KXPRESPERSON-28-PBUT,0.0,2026-04-29 00:00:00+00:00,KXPRESPERSON,long_dated,1288,
688,KXPRESPERSON-28-ABES,0.0,2026-04-29 00:00:00+00:00,KXPRESPERSON,long_dated,1288,
688,KXPRESPERSON-28-TCAR,0.0,2026-04-29 00:00:00+00:00,KXPRESPERSON,long_dated,1288,
688,KXPRESPERSON-28-JSHA,0.0,2026-04-29 00:00:00+00:00,KXPRESPERSON,long_dated,1288,
688,KXPRESPERSON-28-KHAR,0.0,2026-04-29 00:00:00+00:00,KXPRESPERSON,long_dated,1288,
688,KXPRESPERSON-28-WMOO,0.0,2026-04-29 00:00:00+00:00,KXPRESPERSON,long_dated,1288,
688,KXPRESPERSON-28-GWHI,0.0,2026-04-29 00:00:00+00:00,KXPRESPERSON,long_dated,1288,
688,KXPRESPERSON-28-SSMI,0.0,2026-04-29 00:00:00+00:00,KXPRESPERSON,long_dated,1288,
688,KXPRESPERSON-28-JDIM,0.0,2026-04-29 00:00:00+00:00,KXPRESPERSON,long_dated,1288,
689,KXPRESPERSON-28-DTRUJR,1.0,2026-04-29 00:00:00+00:00,KXPRESPERSON,long_dated,1288,10.0
689,KXPRESPERSON-28-SSMI,0.0,2026-04-29 00:00:00+00:00,KXPRESPERSON,long_dated,1288,
689,KXPRESPERSON-28-JDIM,0.0,2026-04-29 00:00:00+00:00,KXPRESPERSON,long_dated,1288,
689,KXPRESPERSON-28-VRAM,0.0,2026-04-29 00:00:00+00:00,KXPRESPERSON,long_dated,1288,
689,KXPRESPERSON-28-GABB,0.0,2026-04-29 00:00:00+00:00,KXPRESPERSON,long_dated,1288,
689,KXPRESPERSON-28-TWAL,0.0,2026-04-29 00:00:00+00:00,KXPRESPERSON,long_dated,1288,
689,KXPRESPERSON-28-GWHI,0.0,2026-04-29 00:00:00+00:00,KXPRESPERSON,long_dated,1288,
689,KXPRESPERSON-28-WMOO,0.0,2026-04-29 00:00:00+00:00,KXPRESPERSON,long_dated,1288,
689,KXPRESPERSON-28-TCAR,0.0,2026-04-29 00:00:00+00:00,KXPRESPERSON,long_dated,1288,
689,KXPRESPERSON-28-MKEL,0.0,2026-04-29 00:00:00+00:00,KXPRESPERSON,long_dated,1288,
689,KXPRESPERSON-28-PBUT,0.0,2026-04-29 00:00:00+00:00,KXPRESPERSON,long_dated,1288,
690,KXPRESPERSON-28-GYOU,1.0,2026-04-29 00:00:00+00:00,KXPRESPERSON,long_dated,1288,10.0
690,KXPRESPERSON-28-GWHI,0.0,2026-04-29 00:00:00+00:00,KXPRESPERSON,long_dated,1288,
690,KXPRESPERSON-28-SSMI,0.0,2026-04-29 00:00:00+00:00,KXPRESPERSON,long_dated,1288,
690,KXPRESPERSON-28-JDIM,0.0,2026-04-29 00:00:00+00:00,KXPRESPERSON,long_dated,1288,
690,KXPRESPERSON-28-WMOO,0.0,2026-04-29 00:00:00+00:00,KXPRESPERSON,long_dated,1288,
690,KXPRESPERSON-28-VRAM,0.0,2026-04-29 00:00:00+00:00,KXPRESPERSON,long_dated,1288,
690,KXPRESPERSON-28-GABB,0.0,2026-04-29 00:00:00+00:00,KXPRESPERSON,long_dated,1288,
690,KXPRESPERSON-28-TWAL,0.0,2026-04-29 00:00:00+00:00,KXPRESPERSON,long_dated,1288,
690,KXPRESPERSON-28-TCAR,0.0,2026-04-29 00:00:00+00:00,KXPRESPERSON,long_dated,1288,
690,KXPRESPERSON-28-MKEL,0.0,2026-04-29 00:00:00+00:00,KXPRESPERSON,long_dated,1288,
690,KXPRESPERSON-28-PBUT,0.0,2026-04-29 00:00:00+00:00,KXPRESPERSON,long_dated,1288,
691,KXPRESPERSON-28-JPRI,1.0,2026-04-29 00:00:00+00:00,KXPRESPERSON,long_dated,1288,10.0
691,KXPRESPERSON-28-TCAR,0.0,2026-04-29 00:00:00+00:00,KXPRESPERSON,long_dated,1288,
691,KXPRESPERSON-28-MKEL,0.0,2026-04-29 00:00:00+00:00,KXPRESPERSON,long_dated,1288,
691,KXPRESPERSON-28-WMOO,0.0,2026-04-29 00:00:00+00:00,KXPRESPERSON,long_dated,1288,
691,KXPRESPERSON-28-GWHI,0.0,2026-04-29 00:00:00+00:00,KXPRESPERSON,long_dated,1288,
691,KXPRESPERSON-28-PBUT,0.0,2026-04-29 00:00:00+00:00,KXPRESPERSON,long_dated,1288,
691,KXPRESPERSON-28-ABES,0.0,2026-04-29 00:00:00+00:00,KXPRESPERSON,long_dated,1288,
691,KXPRESPERSON-28-SSMI,0.0,2026-04-29 00:00:00+00:00,KXPRESPERSON,long_dated,1288,
691,KXPRESPERSON-28-JDIM,0.0,2026-04-29 00:00:00+00:00,KXPRESPERSON,long_dated,1288,
691,KXPRESPERSON-28-JSHA,0.0,2026-04-29 00:00:00+00:00,KXPRESPERSON,long_dated,1288,
691,KXPRESPERSON-28-KHAR,0.0,2026-04-29 00:00:00+00:00,KXPRESPERSON,long_dated,1288,
692,KXPRESPERSON-28-NHAL,1.0,2026-04-29 00:00:00+00:00,KXPRESPERSON,long_dated,1288,10.0
692,KXPRESPERSON-28-JDIM,0.0,2026-04-29 00:00:00+00:00,KXPRESPERSON,long_dated,1288,
692,KXPRESPERSON-28-VRAM,0.0,2026-04-29 00:00:00+00:00,KXPRESPERSON,long_dated,1288,
692,KXPRESPERSON-28-SSMI,0.0,2026-04-29 00:00:00+00:00,KXPRESPERSON,long_dated,1288,
692,KXPRESPERSON-28-GABB,0.0,2026-04-29 00:00:00+00:00,KXPRESPERSON,long_dated,1288,
692,KXPRESPERSON-28-TWAL,0.0,2026-04-29 00:00:00+00:00,KXPRESPERSON,long_dated,1288,
692,KXPRESPERSON-28-GWHI,0.0,2026-04-29 00:00:00+00:00,KXPRESPERSON,long_dated,1288,
692,KXPRESPERSON-28-WMOO,0.0,2026-04-29 00:00:00+00:00,KXPRESPERSON,long_dated,1288,
692,KXPRESPERSON-28-TCAR,0.0,2026-04-29 00:00:00+00:00,KXPRESPERSON,long_dated,1288,
692,KXPRESPERSON-28-MKEL,0.0,2026-04-29 00:00:00+00:00,KXPRESPERSON,long_dated,1288,
692,KXPRESPERSON-28-PBUT,0.0,2026-04-29 00:00:00+00:00,KXPRESPERSON,long_dated,1288,
693,KXPRESPERSON-28-RDES,1.0,2026-04-29 00:00:00+00:00,KXPRESPERSON,long_dated,1288,10.0
693,KXPRESPERSON-28-TCAR,0.0,2026-04-29 00:00:00+00:00,KXPRESPERSON,long_dated,1288,
693,KXPRESPERSON-28-MKEL,0.0,2026-04-29 00:00:00+00:00,KXPRESPERSON,long_dated,1288,
693,KXPRESPERSON-28-WMOO,0.0,2026-04-29 00:00:00+00:00,KXPRESPERSON,long_dated,1288,
693,KXPRESPERSON-28-GWHI,0.0,2026-04-29 00:00:00+00:00,KXPRESPERSON,long_dated,1288,
693,KXPRESPERSON-28-PBUT,0.0,2026-04-29 00:00:00+00:00,KXPRESPERSON,long_dated,1288,
693,KXPRESPERSON-28-ABES,0.0,2026-04-29 00:00:00+00:00,KXPRESPERSON,long_dated,1288,
693,KXPRESPERSON-28-SSMI,0.0,2026-04-29 00:00:00+00:00,KXPRESPERSON,long_dated,1288,
693,KXPRESPERSON-28-JDIM,0.0,2026-04-29 00:00:00+00:00,KXPRESPERSON,long_dated,1288,
693,KXPRESPERSON-28-JSHA,0.0,2026-04-29 00:00:00+00:00,KXPRESPERSON,long_dated,1288,
693,KXPRESPERSON-28-KHAR,0.0,2026-04-29 00:00:00+00:00,KXPRESPERSON,long_dated,1288,
694,KXPRESPERSON-28-TGAB,1.0,2026-04-29 00:00:00+00:00,KXPRESPERSON,long_dated,1288,10.0
694,KXPRESPERSON-28-JDIM,0.0,2026-04-29 00:00:00+00:00,KXPRESPERSON,long_dated,1288,
694,KXPRESPERSON-28-SSMI,0.0,2026-04-29 00:00:00+00:00,KXPRESPERSON,long_dated,1288,
694,KXPRESPERSON-28-VRAM,0.0,2026-04-29 00:00:00+00:00,KXPRESPERSON,long_dated,1288,
694,KXPRESPERSON-28-GABB,0.0,2026-04-29 00:00:00+00:00,KXPRESPERSON,long_dated,1288,
694,KXPRESPERSON-28-TWAL,0.0,2026-04-29 00:00:00+00:00,KXPRESPERSON,long_dated,1288,
694,KXPRESPERSON-28-GWHI,0.0,2026-04-29 00:00:00+00:00,KXPRESPERSON,long_dated,1288,
694,KXPRESPERSON-28-WMOO,0.0,2026-04-29 00:00:00+00:00,KXPRESPERSON,long_dated,1288,
694,KXPRESPERSON-28-TCAR,0.0,2026-04-29 00:00:00+00:00,KXPRESPERSON,long_dated,1288,
694,KXPRESPERSON-28-MKEL,0.0,2026-04-29 00:00:00+00:00,KXPRESPERSON,long_dated,1288,
694,KXPRESPERSON-28-PBUT,0.0,2026-04-29 00:00:00+00:00,KXPRESPERSON,long_dated,1288,
695,KXRANKLISTGOOGLESEARCH-26DEC-DON,1.0,2026-04-29 00:00:00+00:00,KXRANKLISTGOOGLESEARCH,long_dated,246,435.0
695,KXRANKLISTGOOGLESEARCH-26DEC-BAD,0.0,2026-04-29 00:00:00+00:00,KXRANKLISTGOOGLESEARCH,long_dated,246,
695,KXRANKLISTGOOGLESEARCH-26DEC-ELO,0.0,2026-04-29 00:00:00+00:00,KXRANKLISTGOOGLESEARCH,long_dated,246,
695,KXRANKLISTGOOGLESEARCH-26DEC-BIL,0.0,2026-04-29 00:00:00+00:00,KXRANKLISTGOOGLESEARCH,long_dated,246,
695,KXRANKLISTGOOGLESEARCH-26DEC-SAM,0.0,2026-04-29 00:00:00+00:00,KXRANKLISTGOOGLESEARCH,long_dated,246,
695,KXRANKLISTGOOGLESEARCH-26DEC-TIM,0.0,2026-04-29 00:00:00+00:00,KXRANKLISTGOOGLESEARCH,long_dated,246,
695,KXRANKLISTGOOGLESEARCH-26DEC-VLA,0.0,2026-04-29 00:00:00+00:00,KXRANKLISTGOOGLESEARCH,long_dated,246,
696,KXRANKLISTGOOGLESEARCH-26DEC-JOE,1.0,2026-04-29 00:00:00+00:00,KXRANKLISTGOOGLESEARCH,long_dated,246,20.0
696,KXRANKLISTGOOGLESEARCH-26DEC-BIL,0.0,2026-04-29 00:00:00+00:00,KXRANKLISTGOOGLESEARCH,long_dated,246,
696,KXRANKLISTGOOGLESEARCH-26DEC-SAM,0.0,2026-04-29 00:00:00+00:00,KXRANKLISTGOOGLESEARCH,long_dated,246,
696,KXRANKLISTGOOGLESEARCH-26DEC-TIM,0.0,2026-04-29 00:00:00+00:00,KXRANKLISTGOOGLESEARCH,long_dated,246,
696,KXRANKLISTGOOGLESEARCH-26DEC-VLA,0.0,2026-04-29 00:00:00+00:00,KXRANKLISTGOOGLESEARCH,long_dated,246,
696,KXRANKLISTGOOGLESEARCH-26DEC-ELO,0.0,2026-04-29 00:00:00+00:00,KXRANKLISTGOOGLESEARCH,long_dated,246,
696,KXRANKLISTGOOGLESEARCH-26DEC-BAD,0.0,2026-04-29 00:00:00+00:00,KXRANKLISTGOOGLESEARCH,long_dated,246,
697,KXRANKLISTGOOGLESEARCH-26DEC-KAM,1.0,2026-04-29 00:00:00+00:00,KXRANKLISTGOOGLESEARCH,long_dated,246,155.0
697,KXRANKLISTGOOGLESEARCH-26DEC-BIL,0.0,2026-04-29 00:00:00+00:00,KXRANKLISTGOOGLESEARCH,long_dated,246,
697,KXRANKLISTGOOGLESEARCH-26DEC-SAM,0.0,2026-04-29 00:00:00+00:00,KXRANKLISTGOOGLESEARCH,long_dated,246,
697,KXRANKLISTGOOGLESEARCH-26DEC-TIM,0.0,2026-04-29 00:00:00+00:00,KXRANKLISTGOOGLESEARCH,long_dated,246,
697,KXRANKLISTGOOGLESEARCH-26DEC-VLA,0.0,2026-04-29 00:00:00+00:00,KXRANKLISTGOOGLESEARCH,long_dated,246,
697,KXRANKLISTGOOGLESEARCH-26DEC-ELO,0.0,2026-04-29 00:00:00+00:00,KXRANKLISTGOOGLESEARCH,long_dated,246,
697,KXRANKLISTGOOGLESEARCH-26DEC-BAD,0.0,2026-04-29 00:00:00+00:00,KXRANKLISTGOOGLESEARCH,long_dated,246,
698,KXRANKLISTGOOGLESEARCH-26DEC-VOL,1.0,2026-04-29 00:00:00+00:00,KXRANKLISTGOOGLESEARCH,long_dated,246,20.0
698,KXRANKLISTGOOGLESEARCH-26DEC-BIL,0.0,2026-04-29 00:00:00+00:00,KXRANKLISTGOOGLESEARCH,long_dated,246,
698,KXRANKLISTGOOGLESEARCH-26DEC-SAM,0.0,2026-04-29 00:00:00+00:00,KXRANKLISTGOOGLESEARCH,long_dated,246,
698,KXRANKLISTGOOGLESEARCH-26DEC-TIM,0.0,2026-04-29 00:00:00+00:00,KXRANKLISTGOOGLESEARCH,long_dated,246,
698,KXRANKLISTGOOGLESEARCH-26DEC-VLA,0.0,2026-04-29 00:00:00+00:00,KXRANKLISTGOOGLESEARCH,long_dated,246,
698,KXRANKLISTGOOGLESEARCH-26DEC-ELO,0.0,2026-04-29 00:00:00+00:00,KXRANKLISTGOOGLESEARCH,long_dated,246,
698,KXRANKLISTGOOGLESEARCH-26DEC-BAD,0.0,2026-04-29 00:00:00+00:00,KXRANKLISTGOOGLESEARCH,long_dated,246,
699,KXROLEATEVENTLOLLA-26DEC31-ARC,1.0,2026-04-29 00:00:00+00:00,KXROLEATEVENTLOLLA,long_dated,96,25.0
699,KXROLEATEVENTLOLLA-26DEC31-MAR,0.0,2026-04-29 00:00:00+00:00,KXROLEATEVENTLOLLA,long_dated,96,
699,KXROLEATEVENTLOLLA-26DEC31-CHE,0.0,2026-04-29 00:00:00+00:00,KXROLEATEVENTLOLLA,long_dated,96,
699,KXROLEATEVENTLOLLA-26DEC31-EDS,0.0,2026-04-29 00:00:00+00:00,KXROLEATEVENTLOLLA,long_dated,96,
699,KXROLEATEVENTLOLLA-26DEC31-GUN,0.0,2026-04-29 00:00:00+00:00,KXROLEATEVENTLOLLA,long_dated,96,
699,KXROLEATEVENTLOLLA-26DEC31-WEE,0.0,2026-04-29 00:00:00+00:00,KXROLEATEVENTLOLLA,long_dated,96,
699,KXROLEATEVENTLOLLA-26DEC31-ARI,0.0,2026-04-29 00:00:00+00:00,KXROLEATEVENTLOLLA,long_dated,96,
699,KXROLEATEVENTLOLLA-26DEC31-LAD,0.0,2026-04-29 00:00:00+00:00,KXROLEATEVENTLOLLA,long_dated,96,
699,KXROLEATEVENTLOLLA-26DEC31-POS,0.0,2026-04-29 00:00:00+00:00,KXROLEATEVENTLOLLA,long_dated,96,
699,KXROLEATEVENTLOLLA-26DEC31-OLI,0.0,2026-04-29 00:00:00+00:00,KXROLEATEVENTLOLLA,long_dated,96,
699,KXROLEATEVENTLOLLA-26DEC31-MET,0.0,2026-04-29 00:00:00+00:00,KXROLEATEVENTLOLLA,long_dated,96,
700,KXROLEATEVENTLOLLA-26DEC31-BAD,1.0,2026-04-29 00:00:00+00:00,KXROLEATEVENTLOLLA,long_dated,96,25.0
700,KXROLEATEVENTLOLLA-26DEC31-MET,0.0,2026-04-29 00:00:00+00:00,KXROLEATEVENTLOLLA,long_dated,96,
700,KXROLEATEVENTLOLLA-26DEC31-OLI,0.0,2026-04-29 00:00:00+00:00,KXROLEATEVENTLOLLA,long_dated,96,
700,KXROLEATEVENTLOLLA-26DEC31-POS,0.0,2026-04-29 00:00:00+00:00,KXROLEATEVENTLOLLA,long_dated,96,
700,KXROLEATEVENTLOLLA-26DEC31-LAD,0.0,2026-04-29 00:00:00+00:00,KXROLEATEVENTLOLLA,long_dated,96,
700,KXROLEATEVENTLOLLA-26DEC31-ARI,0.0,2026-04-29 00:00:00+00:00,KXROLEATEVENTLOLLA,long_dated,96,
700,KXROLEATEVENTLOLLA-26DEC31-WEE,0.0,2026-04-29 00:00:00+00:00,KXROLEATEVENTLOLLA,long_dated,96,
700,KXROLEATEVENTLOLLA-26DEC31-CHE,0.0,2026-04-29 00:00:00+00:00,KXROLEATEVENTLOLLA,long_dated,96,
700,KXROLEATEVENTLOLLA-26DEC31-MAR,0.0,2026-04-29 00:00:00+00:00,KXROLEATEVENTLOLLA,long_dated,96,
700,KXROLEATEVENTLOLLA-26DEC31-EDS,0.0,2026-04-29 00:00:00+00:00,KXROLEATEVENTLOLLA,long_dated,96,
700,KXROLEATEVENTLOLLA-26DEC31-GUN,0.0,2026-04-29 00:00:00+00:00,KXROLEATEVENTLOLLA,long_dated,96,
701,KXROLEATEVENTLOLLA-26DEC31-BRU,1.0,2026-04-29 00:00:00+00:00,KXROLEATEVENTLOLLA,long_dated,96,25.0
701,KXROLEATEVENTLOLLA-26DEC31-POS,0.0,2026-04-29 00:00:00+00:00,KXROLEATEVENTLOLLA,long_dated,96,
701,KXROLEATEVENTLOLLA-26DEC31-OLI,0.0,2026-04-29 00:00:00+00:00,KXROLEATEVENTLOLLA,long_dated,96,
701,KXROLEATEVENTLOLLA-26DEC31-LAD,0.0,2026-04-29 00:00:00+00:00,KXROLEATEVENTLOLLA,long_dated,96,
701,KXROLEATEVENTLOLLA-26DEC31-ARI,0.0,2026-04-29 00:00:00+00:00,KXROLEATEVENTLOLLA,long_dated,96,
701,KXROLEATEVENTLOLLA-26DEC31-MET,0.0,2026-04-29 00:00:00+00:00,KXROLEATEVENTLOLLA,long_dated,96,
701,KXROLEATEVENTLOLLA-26DEC31-WEE,0.0,2026-04-29 00:00:00+00:00,KXROLEATEVENTLOLLA,long_dated,96,
701,KXROLEATEVENTLOLLA-26DEC31-CHE,0.0,2026-04-29 00:00:00+00:00,KXROLEATEVENTLOLLA,long_dated,96,
701,KXROLEATEVENTLOLLA-26DEC31-MAR,0.0,2026-04-29 00:00:00+00:00,KXROLEATEVENTLOLLA,long_dated,96,
701,KXROLEATEVENTLOLLA-26DEC31-EDS,0.0,2026-04-29 00:00:00+00:00,KXROLEATEVENTLOLLA,long_dated,96,
701,KXROLEATEVENTLOLLA-26DEC31-GUN,0.0,2026-04-29 00:00:00+00:00,KXROLEATEVENTLOLLA,long_dated,96,
702,KXROLEATEVENTLOLLA-26DEC31-DOJ,1.0,2026-04-29 00:00:00+00:00,KXROLEATEVENTLOLLA,long_dated,96,25.0
702,KXROLEATEVENTLOLLA-26DEC31-LAD,0.0,2026-04-29 00:00:00+00:00,KXROLEATEVENTLOLLA,long_dated,96,
702,KXROLEATEVENTLOLLA-26DEC31-ARI,0.0,2026-04-29 00:00:00+00:00,KXROLEATEVENTLOLLA,long_dated,96,
702,KXROLEATEVENTLOLLA-26DEC31-WEE,0.0,2026-04-29 00:00:00+00:00,KXROLEATEVENTLOLLA,long_dated,96,
702,KXROLEATEVENTLOLLA-26DEC31-POS,0.0,2026-04-29 00:00:00+00:00,KXROLEATEVENTLOLLA,long_dated,96,
702,KXROLEATEVENTLOLLA-26DEC31-CHE,0.0,2026-04-29 00:00:00+00:00,KXROLEATEVENTLOLLA,long_dated,96,
702,KXROLEATEVENTLOLLA-26DEC31-MAR,0.0,2026-04-29 00:00:00+00:00,KXROLEATEVENTLOLLA,long_dated,96,
702,KXROLEATEVENTLOLLA-26DEC31-OLI,0.0,2026-04-29 00:00:00+00:00,KXROLEATEVENTLOLLA,long_dated,96,
702,KXROLEATEVENTLOLLA-26DEC31-EDS,0.0,2026-04-29 00:00:00+00:00,KXROLEATEVENTLOLLA,long_dated,96,
702,KXROLEATEVENTLOLLA-26DEC31-GUN,0.0,2026-04-29 00:00:00+00:00,KXROLEATEVENTLOLLA,long_dated,96,
702,KXROLEATEVENTLOLLA-26DEC31-MET,0.0,2026-04-29 00:00:00+00:00,KXROLEATEVENTLOLLA,long_dated,96,
703,KXROLEATEVENTLOLLA-26DEC31-LOR,1.0,2026-04-29 00:00:00+00:00,KXROLEATEVENTLOLLA,long_dated,93,25.0
703,KXROLEATEVENTLOLLA-26DEC31-MET,0.0,2026-04-29 00:00:00+00:00,KXROLEATEVENTLOLLA,long_dated,93,
703,KXROLEATEVENTLOLLA-26DEC31-OLI,0.0,2026-04-29 00:00:00+00:00,KXROLEATEVENTLOLLA,long_dated,93,
703,KXROLEATEVENTLOLLA-26DEC31-POS,0.0,2026-04-29 00:00:00+00:00,KXROLEATEVENTLOLLA,long_dated,93,
703,KXROLEATEVENTLOLLA-26DEC31-LAD,0.0,2026-04-29 00:00:00+00:00,KXROLEATEVENTLOLLA,long_dated,93,
703,KXROLEATEVENTLOLLA-26DEC31-ARI,0.0,2026-04-29 00:00:00+00:00,KXROLEATEVENTLOLLA,long_dated,93,
703,KXROLEATEVENTLOLLA-26DEC31-WEE,0.0,2026-04-29 00:00:00+00:00,KXROLEATEVENTLOLLA,long_dated,93,
703,KXROLEATEVENTLOLLA-26DEC31-CHE,0.0,2026-04-29 00:00:00+00:00,KXROLEATEVENTLOLLA,long_dated,93,
703,KXROLEATEVENTLOLLA-26DEC31-MAR,0.0,2026-04-29 00:00:00+00:00,KXROLEATEVENTLOLLA,long_dated,93,
703,KXROLEATEVENTLOLLA-26DEC31-EDS,0.0,2026-04-29 00:00:00+00:00,KXROLEATEVENTLOLLA,long_dated,93,
703,KXROLEATEVENTLOLLA-26DEC31-GUN,0.0,2026-04-29 00:00:00+00:00,KXROLEATEVENTLOLLA,long_dated,93,
704,KXROLEATEVENTLOLLA-26DEC31-TAM,1.0,2026-04-29 00:00:00+00:00,KXROLEATEVENTLOLLA,long_dated,96,25.0
704,KXROLEATEVENTLOLLA-26DEC31-MET,0.0,2026-04-29 00:00:00+00:00,KXROLEATEVENTLOLLA,long_dated,96,
704,KXROLEATEVENTLOLLA-26DEC31-OLI,0.0,2026-04-29 00:00:00+00:00,KXROLEATEVENTLOLLA,long_dated,96,
704,KXROLEATEVENTLOLLA-26DEC31-POS,0.0,2026-04-29 00:00:00+00:00,KXROLEATEVENTLOLLA,long_dated,96,
704,KXROLEATEVENTLOLLA-26DEC31-LAD,0.0,2026-04-29 00:00:00+00:00,KXROLEATEVENTLOLLA,long_dated,96,
704,KXROLEATEVENTLOLLA-26DEC31-ARI,0.0,2026-04-29 00:00:00+00:00,KXROLEATEVENTLOLLA,long_dated,96,
704,KXROLEATEVENTLOLLA-26DEC31-WEE,0.0,2026-04-29 00:00:00+00:00,KXROLEATEVENTLOLLA,long_dated,96,
704,KXROLEATEVENTLOLLA-26DEC31-CHE,0.0,2026-04-29 00:00:00+00:00,KXROLEATEVENTLOLLA,long_dated,96,
704,KXROLEATEVENTLOLLA-26DEC31-MAR,0.0,2026-04-29 00:00:00+00:00,KXROLEATEVENTLOLLA,long_dated,96,
704,KXROLEATEVENTLOLLA-26DEC31-EDS,0.0,2026-04-29 00:00:00+00:00,KXROLEATEVENTLOLLA,long_dated,96,
704,KXROLEATEVENTLOLLA-26DEC31-GUN,0.0,2026-04-29 00:00:00+00:00,KXROLEATEVENTLOLLA,long_dated,96,
705,KXTESLASEMI-27JAN-0,1.0,2026-04-29 00:00:00+00:00,KXTESLASEMI,long_dated,247,160.0
705,KXTESLASEMI-27JAN-10000,0.0,2026-04-29 00:00:00+00:00,KXTESLASEMI,long_dated,247,
705,KXTESLASEMI-27JAN-20000,0.0,2026-04-29 00:00:00+00:00,KXTESLASEMI,long_dated,247,
705,KXTESLASEMI-27JAN-15000,0.0,2026-04-29 00:00:00+00:00,KXTESLASEMI,long_dated,247,
705,KXTESLASEMI-27JAN-25000,0.0,2026-04-29 00:00:00+00:00,KXTESLASEMI,long_dated,247,
706,KXTESLASEMI-27JAN-1000,1.0,2026-04-29 00:00:00+00:00,KXTESLASEMI,long_dated,247,160.0
706,KXTESLASEMI-27JAN-10000,0.0,2026-04-29 00:00:00+00:00,KXTESLASEMI,long_dated,247,
706,KXTESLASEMI-27JAN-20000,0.0,2026-04-29 00:00:00+00:00,KXTESLASEMI,long_dated,247,
706,KXTESLASEMI-27JAN-15000,0.0,2026-04-29 00:00:00+00:00,KXTESLASEMI,long_dated,247,
706,KXTESLASEMI-27JAN-25000,0.0,2026-04-29 00:00:00+00:00,KXTESLASEMI,long_dated,247,
707,KXTESLASEMI-27JAN-5000,1.0,2026-04-29 00:00:00+00:00,KXTESLASEMI,long_dated,247,160.0
707,KXTESLASEMI-27JAN-10000,0.0,2026-04-29 00:00:00+00:00,KXTESLASEMI,long_dated,247,
707,KXTESLASEMI-27JAN-20000,0.0,2026-04-29 00:00:00+00:00,KXTESLASEMI,long_dated,247,
707,KXTESLASEMI-27JAN-15000,0.0,2026-04-29 00:00:00+00:00,KXTESLASEMI,long_dated,247,
707,KXTESLASEMI-27JAN-25000,0.0,2026-04-29 00:00:00+00:00,KXTESLASEMI,long_dated,247,
708,KXTIME-26-AI,1.0,2026-04-29 00:00:00+00:00,KXTIME,long_dated,247,160.0
708,KXTIME-26-SHE,0.0,2026-04-29 00:00:00+00:00,KXTIME,long_dated,247,
708,KXTIME-26-REI,0.0,2026-04-29 00:00:00+00:00,KXTIME,long_dated,247,
708,KXTIME-26-BAD,0.0,2026-04-29 00:00:00+00:00,KXTIME,long_dated,247,
708,KXTIME-26-POP,0.0,2026-04-29 00:00:00+00:00,KXTIME,long_dated,247,
708,KXTIME-26-DAR,0.0,2026-04-29 00:00:00+00:00,KXTIME,long_dated,247,
708,KXTIME-26-ZOH,0.0,2026-04-29 00:00:00+00:00,KXTIME,long_dated,247,
708,KXTIME-26-TS,0.0,2026-04-29 00:00:00+00:00,KXTIME,long_dated,247,
708,KXTIME-26-DT,0.0,2026-04-29 00:00:00+00:00,KXTIME,long_dated,247,
709,KXTIME-26-EM,1.0,2026-04-29 00:00:00+00:00,KXTIME,long_dated,247,160.0
709,KXTIME-26-BAD,0.0,2026-04-29 00:00:00+00:00,KXTIME,long_dated,247,
709,KXTIME-26-SHE,0.0,2026-04-29 00:00:00+00:00,KXTIME,long_dated,247,
709,KXTIME-26-DAR,0.0,2026-04-29 00:00:00+00:00,KXTIME,long_dated,247,
709,KXTIME-26-REI,0.0,2026-04-29 00:00:00+00:00,KXTIME,long_dated,247,
709,KXTIME-26-POP,0.0,2026-04-29 00:00:00+00:00,KXTIME,long_dated,247,
709,KXTIME-26-TS,0.0,2026-04-29 00:00:00+00:00,KXTIME,long_dated,247,
709,KXTIME-26-ZOH,0.0,2026-04-29 00:00:00+00:00,KXTIME,long_dated,247,
709,KXTIME-26-DT,0.0,2026-04-29 00:00:00+00:00,KXTIME,long_dated,247,
710,KXTIME-26-GPT,1.0,2026-04-29 00:00:00+00:00,KXTIME,long_dated,247,160.0
710,KXTIME-26-TS,0.0,2026-04-29 00:00:00+00:00,KXTIME,long_dated,247,
710,KXTIME-26-DAR,0.0,2026-04-29 00:00:00+00:00,KXTIME,long_dated,247,
710,KXTIME-26-BAD,0.0,2026-04-29 00:00:00+00:00,KXTIME,long_dated,247,
710,KXTIME-26-SHE,0.0,2026-04-29 00:00:00+00:00,KXTIME,long_dated,247,
710,KXTIME-26-REI,0.0,2026-04-29 00:00:00+00:00,KXTIME,long_dated,247,
710,KXTIME-26-POP,0.0,2026-04-29 00:00:00+00:00,KXTIME,long_dated,247,
710,KXTIME-26-ZOH,0.0,2026-04-29 00:00:00+00:00,KXTIME,long_dated,247,
710,KXTIME-26-DT,0.0,2026-04-29 00:00:00+00:00,KXTIME,long_dated,247,
711,KXTIME-26-JP,1.0,2026-04-29 00:00:00+00:00,KXTIME,long_dated,247,160.0
711,KXTIME-26-DAR,0.0,2026-04-29 00:00:00+00:00,KXTIME,long_dated,247,
711,KXTIME-26-TS,0.0,2026-04-29 00:00:00+00:00,KXTIME,long_dated,247,
711,KXTIME-26-BAD,0.0,2026-04-29 00:00:00+00:00,KXTIME,long_dated,247,
711,KXTIME-26-SHE,0.0,2026-04-29 00:00:00+00:00,KXTIME,long_dated,247,
711,KXTIME-26-REI,0.0,2026-04-29 00:00:00+00:00,KXTIME,long_dated,247,
711,KXTIME-26-POP,0.0,2026-04-29 00:00:00+00:00,KXTIME,long_dated,247,
711,KXTIME-26-ZOH,0.0,2026-04-29 00:00:00+00:00,KXTIME,long_dated,247,
711,KXTIME-26-DT,0.0,2026-04-29 00:00:00+00:00,KXTIME,long_dated,247,
712,KXTIME-26-SA,1.0,2026-04-29 00:00:00+00:00,KXTIME,long_dated,247,160.0
712,KXTIME-26-DAR,0.0,2026-04-29 00:00:00+00:00,KXTIME,long_dated,247,
712,KXTIME-26-TS,0.0,2026-04-29 00:00:00+00:00,KXTIME,long_dated,247,
712,KXTIME-26-BAD,0.0,2026-04-29 00:00:00+00:00,KXTIME,long_dated,247,
712,KXTIME-26-SHE,0.0,2026-04-29 00:00:00+00:00,KXTIME,long_dated,247,
712,KXTIME-26-REI,0.0,2026-04-29 00:00:00+00:00,KXTIME,long_dated,247,
712,KXTIME-26-POP,0.0,2026-04-29 00:00:00+00:00,KXTIME,long_dated,247,
712,KXTIME-26-ZOH,0.0,2026-04-29 00:00:00+00:00,KXTIME,long_dated,247,
712,KXTIME-26-DT,0.0,2026-04-29 00:00:00+00:00,KXTIME,long_dated,247,
713,KXTOPARTISTUSA-26-BRUN,1.0,2026-04-29 00:00:00+00:00,KXTOPARTISTUSA,long_dated,246,20.0
713,KXTOPARTISTUSA-26-BTS,0.0,2026-04-29 00:00:00+00:00,KXTOPARTISTUSA,long_dated,246,
713,KXTOPARTISTUSA-26-YE,0.0,2026-04-29 00:00:00+00:00,KXTOPARTISTUSA,long_dated,246,
713,KXTOPARTISTUSA-26-BEY,0.0,2026-04-29 00:00:00+00:00,KXTOPARTISTUSA,long_dated,246,
713,KXTOPARTISTUSA-26-DJO,0.0,2026-04-29 00:00:00+00:00,KXTOPARTISTUSA,long_dated,246,
713,KXTOPARTISTUSA-26-ELL,0.0,2026-04-29 00:00:00+00:00,KXTOPARTISTUSA,long_dated,246,
713,KXTOPARTISTUSA-26-HAR,0.0,2026-04-29 00:00:00+00:00,KXTOPARTISTUSA,long_dated,246,
713,KXTOPARTISTUSA-26-SAB,0.0,2026-04-29 00:00:00+00:00,KXTOPARTISTUSA,long_dated,246,
713,KXTOPARTISTUSA-26-ZAC,0.0,2026-04-29 00:00:00+00:00,KXTOPARTISTUSA,long_dated,246,
714,KXTOPARTISTUSA-26-CHA,1.0,2026-04-29 00:00:00+00:00,KXTOPARTISTUSA,long_dated,246,20.0
714,KXTOPARTISTUSA-26-DJO,0.0,2026-04-29 00:00:00+00:00,KXTOPARTISTUSA,long_dated,246,
714,KXTOPARTISTUSA-26-ELL,0.0,2026-04-29 00:00:00+00:00,KXTOPARTISTUSA,long_dated,246,
714,KXTOPARTISTUSA-26-HAR,0.0,2026-04-29 00:00:00+00:00,KXTOPARTISTUSA,long_dated,246,
714,KXTOPARTISTUSA-26-SAB,0.0,2026-04-29 00:00:00+00:00,KXTOPARTISTUSA,long_dated,246,
714,KXTOPARTISTUSA-26-ZAC,0.0,2026-04-29 00:00:00+00:00,KXTOPARTISTUSA,long_dated,246,
714,KXTOPARTISTUSA-26-BEY,0.0,2026-04-29 00:00:00+00:00,KXTOPARTISTUSA,long_dated,246,
714,KXTOPARTISTUSA-26-YE,0.0,2026-04-29 00:00:00+00:00,KXTOPARTISTUSA,long_dated,246,
714,KXTOPARTISTUSA-26-BTS,0.0,2026-04-29 00:00:00+00:00,KXTOPARTISTUSA,long_dated,246,
715,KXTOPARTISTUSA-26-DRA,1.0,2026-04-29 00:00:00+00:00,KXTOPARTISTUSA,long_dated,246,755.0
715,KXTOPARTISTUSA-26-BTS,0.0,2026-04-29 00:00:00+00:00,KXTOPARTISTUSA,long_dated,246,
715,KXTOPARTISTUSA-26-YE,0.0,2026-04-29 00:00:00+00:00,KXTOPARTISTUSA,long_dated,246,
715,KXTOPARTISTUSA-26-BEY,0.0,2026-04-29 00:00:00+00:00,KXTOPARTISTUSA,long_dated,246,
715,KXTOPARTISTUSA-26-DJO,0.0,2026-04-29 00:00:00+00:00,KXTOPARTISTUSA,long_dated,246,
715,KXTOPARTISTUSA-26-ELL,0.0,2026-04-29 00:00:00+00:00,KXTOPARTISTUSA,long_dated,246,
715,KXTOPARTISTUSA-26-HAR,0.0,2026-04-29 00:00:00+00:00,KXTOPARTISTUSA,long_dated,246,
715,KXTOPARTISTUSA-26-SAB,0.0,2026-04-29 00:00:00+00:00,KXTOPARTISTUSA,long_dated,246,
715,KXTOPARTISTUSA-26-ZAC,0.0,2026-04-29 00:00:00+00:00,KXTOPARTISTUSA,long_dated,246,
716,KXTOPARTISTUSA-26-KEN,1.0,2026-04-29 00:00:00+00:00,KXTOPARTISTUSA,long_dated,246,20.0
716,KXTOPARTISTUSA-26-BEY,0.0,2026-04-29 00:00:00+00:00,KXTOPARTISTUSA,long_dated,246,
716,KXTOPARTISTUSA-26-YE,0.0,2026-04-29 00:00:00+00:00,KXTOPARTISTUSA,long_dated,246,
716,KXTOPARTISTUSA-26-DJO,0.0,2026-04-29 00:00:00+00:00,KXTOPARTISTUSA,long_dated,246,
716,KXTOPARTISTUSA-26-ELL,0.0,2026-04-29 00:00:00+00:00,KXTOPARTISTUSA,long_dated,246,
716,KXTOPARTISTUSA-26-HAR,0.0,2026-04-29 00:00:00+00:00,KXTOPARTISTUSA,long_dated,246,
716,KXTOPARTISTUSA-26-SAB,0.0,2026-04-29 00:00:00+00:00,KXTOPARTISTUSA,long_dated,246,
716,KXTOPARTISTUSA-26-ZAC,0.0,2026-04-29 00:00:00+00:00,KXTOPARTISTUSA,long_dated,246,
716,KXTOPARTISTUSA-26-BTS,0.0,2026-04-29 00:00:00+00:00,KXTOPARTISTUSA,long_dated,246,
717,KXTOPARTISTUSA-26-MOR,1.0,2026-04-29 00:00:00+00:00,KXTOPARTISTUSA,long_dated,246,20.0
717,KXTOPARTISTUSA-26-YE,0.0,2026-04-29 00:00:00+00:00,KXTOPARTISTUSA,long_dated,246,
717,KXTOPARTISTUSA-26-BEY,0.0,2026-04-29 00:00:00+00:00,KXTOPARTISTUSA,long_dated,246,
717,KXTOPARTISTUSA-26-DJO,0.0,2026-04-29 00:00:00+00:00,KXTOPARTISTUSA,long_dated,246,
717,KXTOPARTISTUSA-26-ELL,0.0,2026-04-29 00:00:00+00:00,KXTOPARTISTUSA,long_dated,246,
717,KXTOPARTISTUSA-26-HAR,0.0,2026-04-29 00:00:00+00:00,KXTOPARTISTUSA,long_dated,246,
717,KXTOPARTISTUSA-26-SAB,0.0,2026-04-29 00:00:00+00:00,KXTOPARTISTUSA,long_dated,246,
717,KXTOPARTISTUSA-26-ZAC,0.0,2026-04-29 00:00:00+00:00,KXTOPARTISTUSA,long_dated,246,
717,KXTOPARTISTUSA-26-BTS,0.0,2026-04-29 00:00:00+00:00,KXTOPARTISTUSA,long_dated,246,
718,KXTOPARTISTUSA-26-WEE,1.0,2026-04-29 00:00:00+00:00,KXTOPARTISTUSA,long_dated,246,20.0
718,KXTOPARTISTUSA-26-BEY,0.0,2026-04-29 00:00:00+00:00,KXTOPARTISTUSA,long_dated,246,
718,KXTOPARTISTUSA-26-YE,0.0,2026-04-29 00:00:00+00:00,KXTOPARTISTUSA,long_dated,246,
718,KXTOPARTISTUSA-26-DJO,0.0,2026-04-29 00:00:00+00:00,KXTOPARTISTUSA,long_dated,246,
718,KXTOPARTISTUSA-26-ELL,0.0,2026-04-29 00:00:00+00:00,KXTOPARTISTUSA,long_dated,246,
718,KXTOPARTISTUSA-26-HAR,0.0,2026-04-29 00:00:00+00:00,KXTOPARTISTUSA,long_dated,246,
718,KXTOPARTISTUSA-26-SAB,0.0,2026-04-29 00:00:00+00:00,KXTOPARTISTUSA,long_dated,246,
718,KXTOPARTISTUSA-26-ZAC,0.0,2026-04-29 00:00:00+00:00,KXTOPARTISTUSA,long_dated,246,
718,KXTOPARTISTUSA-26-BTS,0.0,2026-04-29 00:00:00+00:00,KXTOPARTISTUSA,long_dated,246,
719,KXTOPMONTHLY-26AUG-BIL,1.0,2026-04-29 00:00:00+00:00,KXTOPMONTHLY,long_dated,124,85.0
719,KXTOPMONTHLY-26AUG-RIH,0.0,2026-04-29 00:00:00+00:00,KXTOPMONTHLY,long_dated,124,
719,KXTOPMONTHLY-26AUG-COL,0.0,2026-04-29 00:00:00+00:00,KXTOPMONTHLY,long_dated,124,
719,KXTOPMONTHLY-26AUG-ED,0.0,2026-04-29 00:00:00+00:00,KXTOPMONTHLY,long_dated,124,
719,KXTOPMONTHLY-26AUG-DRA,0.0,2026-04-29 00:00:00+00:00,KXTOPMONTHLY,long_dated,124,
719,KXTOPMONTHLY-26AUG-BAD,0.0,2026-04-29 00:00:00+00:00,KXTOPMONTHLY,long_dated,124,
720,KXTOPMONTHLY-26AUG-BRU,1.0,2026-04-29 00:00:00+00:00,KXTOPMONTHLY,long_dated,124,160.0
720,KXTOPMONTHLY-26AUG-BAD,0.0,2026-04-29 00:00:00+00:00,KXTOPMONTHLY,long_dated,124,
720,KXTOPMONTHLY-26AUG-DRA,0.0,2026-04-29 00:00:00+00:00,KXTOPMONTHLY,long_dated,124,
720,KXTOPMONTHLY-26AUG-RIH,0.0,2026-04-29 00:00:00+00:00,KXTOPMONTHLY,long_dated,124,
720,KXTOPMONTHLY-26AUG-COL,0.0,2026-04-29 00:00:00+00:00,KXTOPMONTHLY,long_dated,124,
720,KXTOPMONTHLY-26AUG-ED,0.0,2026-04-29 00:00:00+00:00,KXTOPMONTHLY,long_dated,124,
721,KXTOPMONTHLY-26AUG-KEN,1.0,2026-04-29 00:00:00+00:00,KXTOPMONTHLY,long_dated,124,15.0
721,KXTOPMONTHLY-26AUG-COL,0.0,2026-04-29 00:00:00+00:00,KXTOPMONTHLY,long_dated,124,
721,KXTOPMONTHLY-26AUG-ED,0.0,2026-04-29 00:00:00+00:00,KXTOPMONTHLY,long_dated,124,
721,KXTOPMONTHLY-26AUG-RIH,0.0,2026-04-29 00:00:00+00:00,KXTOPMONTHLY,long_dated,124,
721,KXTOPMONTHLY-26AUG-DRA,0.0,2026-04-29 00:00:00+00:00,KXTOPMONTHLY,long_dated,124,
721,KXTOPMONTHLY-26AUG-BAD,0.0,2026-04-29 00:00:00+00:00,KXTOPMONTHLY,long_dated,124,
722,KXTOPMONTHLY-26AUG-WEE,1.0,2026-04-29 00:00:00+00:00,KXTOPMONTHLY,long_dated,124,85.0
722,KXTOPMONTHLY-26AUG-BAD,0.0,2026-04-29 00:00:00+00:00,KXTOPMONTHLY,long_dated,124,
722,KXTOPMONTHLY-26AUG-DRA,0.0,2026-04-29 00:00:00+00:00,KXTOPMONTHLY,long_dated,124,
722,KXTOPMONTHLY-26AUG-RIH,0.0,2026-04-29 00:00:00+00:00,KXTOPMONTHLY,long_dated,124,
722,KXTOPMONTHLY-26AUG-COL,0.0,2026-04-29 00:00:00+00:00,KXTOPMONTHLY,long_dated,124,
722,KXTOPMONTHLY-26AUG-ED,0.0,2026-04-29 00:00:00+00:00,KXTOPMONTHLY,long_dated,124,
723,KXTRUMPPARDON-27JAN01-BMEN,1.0,2026-04-29 00:00:00+00:00,KXTRUMPPARDON,long_dated,247,10.0
723,KXTRUMPPARDON-27JAN01-EHOL,0.0,2026-04-29 00:00:00+00:00,KXTRUMPPARDON,long_dated,247,
723,KXTRUMPPARDON-27JAN01-BJK,0.0,2026-04-29 00:00:00+00:00,KXTRUMPPARDON,long_dated,247,
723,KXTRUMPPARDON-27JAN01-TALE,0.0,2026-04-29 00:00:00+00:00,KXTRUMPPARDON,long_dated,247,
723,KXTRUMPPARDON-27JAN01-SCOM,0.0,2026-04-29 00:00:00+00:00,KXTRUMPPARDON,long_dated,247,
723,KXTRUMPPARDON-27JAN01-ESNO,0.0,2026-04-29 00:00:00+00:00,KXTRUMPPARDON,long_dated,247,
723,KXTRUMPPARDON-27JAN01-MSH,0.0,2026-04-29 00:00:00+00:00,KXTRUMPPARDON,long_dated,247,
723,KXTRUMPPARDON-27JAN01-NMAD,0.0,2026-04-29 00:00:00+00:00,KXTRUMPPARDON,long_dated,247,
723,KXTRUMPPARDON-27JAN01-DJT,0.0,2026-04-29 00:00:00+00:00,KXTRUMPPARDON,long_dated,247,
723,KXTRUMPPARDON-27JAN01-JMAL,0.0,2026-04-29 00:00:00+00:00,KXTRUMPPARDON,long_dated,247,
723,KXTRUMPPARDON-27JAN01-ABOC,0.0,2026-04-29 00:00:00+00:00,KXTRUMPPARDON,long_dated,247,
724,KXTRUMPPARDON-27JAN01-DCHAU,1.0,2026-04-29 00:00:00+00:00,KXTRUMPPARDON,long_dated,247,10.0
724,KXTRUMPPARDON-27JAN01-ESNO,0.0,2026-04-29 00:00:00+00:00,KXTRUMPPARDON,long_dated,247,
724,KXTRUMPPARDON-27JAN01-EHOL,0.0,2026-04-29 00:00:00+00:00,KXTRUMPPARDON,long_dated,247,
724,KXTRUMPPARDON-27JAN01-BJK,0.0,2026-04-29 00:00:00+00:00,KXTRUMPPARDON,long_dated,247,
724,KXTRUMPPARDON-27JAN01-TALE,0.0,2026-04-29 00:00:00+00:00,KXTRUMPPARDON,long_dated,247,
724,KXTRUMPPARDON-27JAN01-SCOM,0.0,2026-04-29 00:00:00+00:00,KXTRUMPPARDON,long_dated,247,
724,KXTRUMPPARDON-27JAN01-MSH,0.0,2026-04-29 00:00:00+00:00,KXTRUMPPARDON,long_dated,247,
724,KXTRUMPPARDON-27JAN01-NMAD,0.0,2026-04-29 00:00:00+00:00,KXTRUMPPARDON,long_dated,247,
724,KXTRUMPPARDON-27JAN01-DJT,0.0,2026-04-29 00:00:00+00:00,KXTRUMPPARDON,long_dated,247,
724,KXTRUMPPARDON-27JAN01-JMAL,0.0,2026-04-29 00:00:00+00:00,KXTRUMPPARDON,long_dated,247,
724,KXTRUMPPARDON-27JAN01-ABOC,0.0,2026-04-29 00:00:00+00:00,KXTRUMPPARDON,long_dated,247,
725,KXTRUMPPARDON-27JAN01-EADA,1.0,2026-04-29 00:00:00+00:00,KXTRUMPPARDON,long_dated,247,10.0
725,KXTRUMPPARDON-27JAN01-JMAL,0.0,2026-04-29 00:00:00+00:00,KXTRUMPPARDON,long_dated,247,
725,KXTRUMPPARDON-27JAN01-DJT,0.0,2026-04-29 00:00:00+00:00,KXTRUMPPARDON,long_dated,247,
725,KXTRUMPPARDON-27JAN01-ABOC,0.0,2026-04-29 00:00:00+00:00,KXTRUMPPARDON,long_dated,247,
725,KXTRUMPPARDON-27JAN01-NMAD,0.0,2026-04-29 00:00:00+00:00,KXTRUMPPARDON,long_dated,247,
725,KXTRUMPPARDON-27JAN01-MSH,0.0,2026-04-29 00:00:00+00:00,KXTRUMPPARDON,long_dated,247,
725,KXTRUMPPARDON-27JAN01-SCOM,0.0,2026-04-29 00:00:00+00:00,KXTRUMPPARDON,long_dated,247,
725,KXTRUMPPARDON-27JAN01-TALE,0.0,2026-04-29 00:00:00+00:00,KXTRUMPPARDON,long_dated,247,
725,KXTRUMPPARDON-27JAN01-BJK,0.0,2026-04-29 00:00:00+00:00,KXTRUMPPARDON,long_dated,247,
725,KXTRUMPPARDON-27JAN01-EHOL,0.0,2026-04-29 00:00:00+00:00,KXTRUMPPARDON,long_dated,247,
725,KXTRUMPPARDON-27JAN01-ESNO,0.0,2026-04-29 00:00:00+00:00,KXTRUMPPARDON,long_dated,247,
726,KXTRUMPPARDON-27JAN01-GMAX,1.0,2026-04-29 00:00:00+00:00,KXTRUMPPARDON,long_dated,247,10.0
726,KXTRUMPPARDON-27JAN01-NMAD,0.0,2026-04-29 00:00:00+00:00,KXTRUMPPARDON,long_dated,247,
726,KXTRUMPPARDON-27JAN01-MSH,0.0,2026-04-29 00:00:00+00:00,KXTRUMPPARDON,long_dated,247,
726,KXTRUMPPARDON-27JAN01-DJT,0.0,2026-04-29 00:00:00+00:00,KXTRUMPPARDON,long_dated,247,
726,KXTRUMPPARDON-27JAN01-SCOM,0.0,2026-04-29 00:00:00+00:00,KXTRUMPPARDON,long_dated,247,
726,KXTRUMPPARDON-27JAN01-TALE,0.0,2026-04-29 00:00:00+00:00,KXTRUMPPARDON,long_dated,247,
726,KXTRUMPPARDON-27JAN01-BJK,0.0,2026-04-29 00:00:00+00:00,KXTRUMPPARDON,long_dated,247,
726,KXTRUMPPARDON-27JAN01-EHOL,0.0,2026-04-29 00:00:00+00:00,KXTRUMPPARDON,long_dated,247,
726,KXTRUMPPARDON-27JAN01-JMAL,0.0,2026-04-29 00:00:00+00:00,KXTRUMPPARDON,long_dated,247,
726,KXTRUMPPARDON-27JAN01-ABOC,0.0,2026-04-29 00:00:00+00:00,KXTRUMPPARDON,long_dated,247,
726,KXTRUMPPARDON-27JAN01-ESNO,0.0,2026-04-29 00:00:00+00:00,KXTRUMPPARDON,long_dated,247,
727,KXTRUMPPARDON-27JAN01-MBOR,1.0,2026-04-29 00:00:00+00:00,KXTRUMPPARDON,long_dated,247,10.0
727,KXTRUMPPARDON-27JAN01-TALE,0.0,2026-04-29 00:00:00+00:00,KXTRUMPPARDON,long_dated,247,
727,KXTRUMPPARDON-27JAN01-BJK,0.0,2026-04-29 00:00:00+00:00,KXTRUMPPARDON,long_dated,247,
727,KXTRUMPPARDON-27JAN01-SCOM,0.0,2026-04-29 00:00:00+00:00,KXTRUMPPARDON,long_dated,247,
727,KXTRUMPPARDON-27JAN01-EHOL,0.0,2026-04-29 00:00:00+00:00,KXTRUMPPARDON,long_dated,247,
727,KXTRUMPPARDON-27JAN01-MSH,0.0,2026-04-29 00:00:00+00:00,KXTRUMPPARDON,long_dated,247,
727,KXTRUMPPARDON-27JAN01-NMAD,0.0,2026-04-29 00:00:00+00:00,KXTRUMPPARDON,long_dated,247,
727,KXTRUMPPARDON-27JAN01-ESNO,0.0,2026-04-29 00:00:00+00:00,KXTRUMPPARDON,long_dated,247,
727,KXTRUMPPARDON-27JAN01-DJT,0.0,2026-04-29 00:00:00+00:00,KXTRUMPPARDON,long_dated,247,
727,KXTRUMPPARDON-27JAN01-JMAL,0.0,2026-04-29 00:00:00+00:00,KXTRUMPPARDON,long_dated,247,
727,KXTRUMPPARDON-27JAN01-ABOC,0.0,2026-04-29 00:00:00+00:00,KXTRUMPPARDON,long_dated,247,
728,KXTRUMPPARDON-27JAN01-SBF,1.0,2026-04-29 00:00:00+00:00,KXTRUMPPARDON,long_dated,247,10.0
728,KXTRUMPPARDON-27JAN01-MSH,0.0,2026-04-29 00:00:00+00:00,KXTRUMPPARDON,long_dated,247,
728,KXTRUMPPARDON-27JAN01-SCOM,0.0,2026-04-29 00:00:00+00:00,KXTRUMPPARDON,long_dated,247,
728,KXTRUMPPARDON-27JAN01-TALE,0.0,2026-04-29 00:00:00+00:00,KXTRUMPPARDON,long_dated,247,
728,KXTRUMPPARDON-27JAN01-BJK,0.0,2026-04-29 00:00:00+00:00,KXTRUMPPARDON,long_dated,247,
728,KXTRUMPPARDON-27JAN01-EHOL,0.0,2026-04-29 00:00:00+00:00,KXTRUMPPARDON,long_dated,247,
728,KXTRUMPPARDON-27JAN01-NMAD,0.0,2026-04-29 00:00:00+00:00,KXTRUMPPARDON,long_dated,247,
728,KXTRUMPPARDON-27JAN01-DJT,0.0,2026-04-29 00:00:00+00:00,KXTRUMPPARDON,long_dated,247,
728,KXTRUMPPARDON-27JAN01-ESNO,0.0,2026-04-29 00:00:00+00:00,KXTRUMPPARDON,long_dated,247,
728,KXTRUMPPARDON-27JAN01-JMAL,0.0,2026-04-29 00:00:00+00:00,KXTRUMPPARDON,long_dated,247,
728,KXTRUMPPARDON-27JAN01-ABOC,0.0,2026-04-29 00:00:00+00:00,KXTRUMPPARDON,long_dated,247,
732,KXUSDBRLMAX-26DEC31-T6.4999,1.0,2026-04-29 00:00:00+00:00,KXUSDBRLMAX,long_dated,246,370.0
732,KXUSDBRLMAX-26DEC31-T6.2499,0.0,2026-04-29 00:00:00+00:00,KXUSDBRLMAX,long_dated,246,
732,KXUSDBRLMAX-26DEC31-T5.7499,0.0,2026-04-29 00:00:00+00:00,KXUSDBRLMAX,long_dated,246,
732,KXUSDBRLMAX-26DEC31-T5.4999,0.0,2026-04-29 00:00:00+00:00,KXUSDBRLMAX,long_dated,246,
732,KXUSDBRLMAX-26DEC31-T5.9999,0.0,2026-04-29 00:00:00+00:00,KXUSDBRLMAX,long_dated,246,
733,KXUSDBRLMAX-26DEC31-T6.7499,1.0,2026-04-29 00:00:00+00:00,KXUSDBRLMAX,long_dated,246,105.0
733,KXUSDBRLMAX-26DEC31-T5.9999,0.0,2026-04-29 00:00:00+00:00,KXUSDBRLMAX,long_dated,246,
733,KXUSDBRLMAX-26DEC31-T5.4999,0.0,2026-04-29 00:00:00+00:00,KXUSDBRLMAX,long_dated,246,
733,KXUSDBRLMAX-26DEC31-T6.2499,0.0,2026-04-29 00:00:00+00:00,KXUSDBRLMAX,long_dated,246,
733,KXUSDBRLMAX-26DEC31-T5.7499,0.0,2026-04-29 00:00:00+00:00,KXUSDBRLMAX,long_dated,246,
734,KXUSDBRLMAX-26DEC31-T6.9999,1.0,2026-04-29 00:00:00+00:00,KXUSDBRLMAX,long_dated,246,445.0
734,KXUSDBRLMAX-26DEC31-T5.9999,0.0,2026-04-29 00:00:00+00:00,KXUSDBRLMAX,long_dated,246,
734,KXUSDBRLMAX-26DEC31-T5.4999,0.0,2026-04-29 00:00:00+00:00,KXUSDBRLMAX,long_dated,246,
734,KXUSDBRLMAX-26DEC31-T6.2499,0.0,2026-04-29 00:00:00+00:00,KXUSDBRLMAX,long_dated,246,
734,KXUSDBRLMAX-26DEC31-T5.7499,0.0,2026-04-29 00:00:00+00:00,KXUSDBRLMAX,long_dated,246,
735,KXUSDBRLMAX-26DEC31-T7.2499,1.0,2026-04-29 00:00:00+00:00,KXUSDBRLMAX,long_dated,246,445.0
735,KXUSDBRLMAX-26DEC31-T5.9999,0.0,2026-04-29 00:00:00+00:00,KXUSDBRLMAX,long_dated,246,
735,KXUSDBRLMAX-26DEC31-T5.4999,0.0,2026-04-29 00:00:00+00:00,KXUSDBRLMAX,long_dated,246,
735,KXUSDBRLMAX-26DEC31-T6.2499,0.0,2026-04-29 00:00:00+00:00,KXUSDBRLMAX,long_dated,246,
735,KXUSDBRLMAX-26DEC31-T5.7499,0.0,2026-04-29 00:00:00+00:00,KXUSDBRLMAX,long_dated,246,
736,KXVAHOUSEDEM-26NOV03-11,1.0,2026-04-29 00:00:00+00:00,KXVAHOUSEDEM,long_dated,553,130.0
736,KXVAHOUSEDEM-26NOV03-BELOW6,0.0,2026-04-29 00:00:00+00:00,KXVAHOUSEDEM,long_dated,553,
736,KXVAHOUSEDEM-26NOV03-6,0.0,2026-04-29 00:00:00+00:00,KXVAHOUSEDEM,long_dated,553,
736,KXVAHOUSEDEM-26NOV03-8,0.0,2026-04-29 00:00:00+00:00,KXVAHOUSEDEM,long_dated,553,
751,KXATTYGENIL-26-D,1.0,2026-04-30 00:00:00+00:00,KXATTYGENIL,other,552,150.0
751,KXATTYGENIL-26-R,0.0,2026-04-30 00:00:00+00:00,KXATTYGENIL,other,552,
753,KXGOVCTNOMD-26-NLAM,1.0,2026-04-30 00:00:00+00:00,KXGOVCTNOMD,other,104,245.0
753,KXGOVCTNOMD-26-WTON,0.0,2026-04-30 00:00:00+00:00,KXGOVCTNOMD,other,104,
753,KXGOVCTNOMD-26-SBYS,0.0,2026-04-30 00:00:00+00:00,KXGOVCTNOMD,other,104,
753,KXGOVCTNOMD-26-JELL,0.0,2026-04-30 00:00:00+00:00,KXGOVCTNOMD,other,104,
753,KXGOVCTNOMD-26-LBRO,0.0,2026-04-30 00:00:00+00:00,KXGOVCTNOMD,other,104,
754,KXGOVKSNOMD-26-CH,1.0,2026-04-30 00:00:00+00:00,KXGOVKSNOMD,other,97,150.0
754,KXGOVKSNOMD-26-DT,0.0,2026-04-30 00:00:00+00:00,KXGOVKSNOMD,other,97,
754,KXGOVKSNOMD-26-JL,0.0,2026-04-30 00:00:00+00:00,KXGOVKSNOMD,other,97,
755,KXGOVKSNOMR-26-JC,1.0,2026-04-30 00:00:00+00:00,KXGOVKSNOMR,other,97,150.0
755,KXGOVKSNOMR-26-TM,0.0,2026-04-30 00:00:00+00:00,KXGOVKSNOMR,other,97,
755,KXGOVKSNOMR-26-PS,0.0,2026-04-30 00:00:00+00:00,KXGOVKSNOMR,other,97,
755,KXGOVKSNOMR-26-VS,0.0,2026-04-30 00:00:00+00:00,KXGOVKSNOMR,other,97,
755,KXGOVKSNOMR-26-DBIL,0.0,2026-04-30 00:00:00+00:00,KXGOVKSNOMR,other,97,
755,KXGOVKSNOMR-26-SS,0.0,2026-04-30 00:00:00+00:00,KXGOVKSNOMR,other,97,
755,KXGOVKSNOMR-26-KK,0.0,2026-04-30 00:00:00+00:00,KXGOVKSNOMR,other,97,
755,KXGOVKSNOMR-26-COHA,0.0,2026-04-30 00:00:00+00:00,KXGOVKSNOMR,other,97,
756,KXRUNBYMIDTERM-26NOV03-JKEN,1.0,2026-04-30 00:00:00+00:00,KXRUNBYMIDTERM,other,187,150.0
756,KXRUNBYMIDTERM-26NOV03-NMIN,0.0,2026-04-30 00:00:00+00:00,KXRUNBYMIDTERM,other,187,
757,KXSENATEKSD-26-PSCH,1.0,2026-04-30 00:00:00+00:00,KXSENATEKSD,other,97,150.0
757,KXSENATEKSD-26-SNEU,0.0,2026-04-30 00:00:00+00:00,KXSENATEKSD,other,97,
757,KXSENATEKSD-26-APAR,0.0,2026-04-30 00:00:00+00:00,KXSENATEKSD,other,97,
757,KXSENATEKSD-26-MSOE,0.0,2026-04-30 00:00:00+00:00,KXSENATEKSD,other,97,
757,KXSENATEKSD-26-LKEL,0.0,2026-04-30 00:00:00+00:00,KXSENATEKSD,other,97,
757,KXSENATEKSD-26-MHOL,0.0,2026-04-30 00:00:00+00:00,KXSENATEKSD,other,97,
758,KXSENATEMNR-26-ASCH,1.0,2026-04-30 00:00:00+00:00,KXSENATEMNR,other,104,220.0
758,KXSENATEMNR-26-RWHI,0.0,2026-04-30 00:00:00+00:00,KXSENATEMNR,other,104,
758,KXSENATEMNR-26-AGRU,0.0,2026-04-30 00:00:00+00:00,KXSENATEMNR,other,104,
758,KXSENATEMNR-26-MYOR,0.0,2026-04-30 00:00:00+00:00,KXSENATEMNR,other,104,
758,KXSENATEMNR-26-TWEI,0.0,2026-04-30 00:00:00+00:00,KXSENATEMNR,other,104,
758,KXSENATEMNR-26-DHAN,0.0,2026-04-30 00:00:00+00:00,KXSENATEMNR,other,104,
758,KXSENATEMNR-26-JCOL,0.0,2026-04-30 00:00:00+00:00,KXSENATEMNR,other,104,
758,KXSENATEMNR-26-KROB,0.0,2026-04-30 00:00:00+00:00,KXSENATEMNR,other,104,
759,KXSTATELEG-AZSEN26-R,1.0,2026-04-30 00:00:00+00:00,KXSTATELEG,other,552,230.0
759,KXSTATELEG-AKHOUSE26-R,0.0,2026-04-30 00:00:00+00:00,KXSTATELEG,other,552,
759,KXSTATELEG-AKHOUSE26-D,0.0,2026-04-30 00:00:00+00:00,KXSTATELEG,other,552,
760,GOVPARTYAL-26-D,1.0,2026-05-03 00:00:00+00:00,GOVPARTYAL,long_dated,549,195.0
760,GOVPARTYAL-26-R,0.0,2026-05-03 00:00:00+00:00,GOVPARTYAL,long_dated,549,
761,GOVPARTYCO-26-R,1.0,2026-05-03 00:00:00+00:00,GOVPARTYCO,long_dated,549,115.0
761,GOVPARTYCO-26-D,0.0,2026-05-03 00:00:00+00:00,GOVPARTYCO,long_dated,549,
762,GOVPARTYGA-26-R,1.0,2026-05-03 00:00:00+00:00,GOVPARTYGA,long_dated,549,185.0
762,GOVPARTYGA-26-D,0.0,2026-05-03 00:00:00+00:00,GOVPARTYGA,long_dated,549,
763,GOVPARTYIL-26-R,1.0,2026-05-03 00:00:00+00:00,GOVPARTYIL,long_dated,549,170.0
763,GOVPARTYIL-26-D,0.0,2026-05-03 00:00:00+00:00,GOVPARTYIL,long_dated,549,
764,GOVPARTYOK-26-D,1.0,2026-05-03 00:00:00+00:00,GOVPARTYOK,long_dated,549,215.0
764,GOVPARTYOK-26-R,0.0,2026-05-03 00:00:00+00:00,GOVPARTYOK,long_dated,549,
765,GOVPARTYOR-26-R,1.0,2026-05-03 00:00:00+00:00,GOVPARTYOR,long_dated,549,135.0
765,GOVPARTYOR-26-D,0.0,2026-05-03 00:00:00+00:00,GOVPARTYOR,long_dated,549,
766,HOUSEMI10-26-D,1.0,2026-05-03 00:00:00+00:00,HOUSEMI10,long_dated,549,280.0
766,HOUSEMI10-26-R,0.0,2026-05-03 00:00:00+00:00,HOUSEMI10,long_dated,549,
767,KXAAAGASMAXCA-26DEC31-7.20,1.0,2026-05-03 00:00:00+00:00,KXAAAGASMAXCA,long_dated,242,305.0
767,KXAAAGASMAXCA-26DEC31-6.20,0.0,2026-05-03 00:00:00+00:00,KXAAAGASMAXCA,long_dated,242,
767,KXAAAGASMAXCA-26DEC31-6.80,0.0,2026-05-03 00:00:00+00:00,KXAAAGASMAXCA,long_dated,242,
767,KXAAAGASMAXCA-26DEC31-6.40,0.0,2026-05-03 00:00:00+00:00,KXAAAGASMAXCA,long_dated,242,
767,KXAAAGASMAXCA-26DEC31-6.60,0.0,2026-05-03 00:00:00+00:00,KXAAAGASMAXCA,long_dated,242,
768,KXAAAGASMAXCA-26DEC31-7.40,1.0,2026-05-03 00:00:00+00:00,KXAAAGASMAXCA,long_dated,242,455.0
768,KXAAAGASMAXCA-26DEC31-6.20,0.0,2026-05-03 00:00:00+00:00,KXAAAGASMAXCA,long_dated,242,
768,KXAAAGASMAXCA-26DEC31-6.80,0.0,2026-05-03 00:00:00+00:00,KXAAAGASMAXCA,long_dated,242,
768,KXAAAGASMAXCA-26DEC31-6.40,0.0,2026-05-03 00:00:00+00:00,KXAAAGASMAXCA,long_dated,242,
768,KXAAAGASMAXCA-26DEC31-6.60,0.0,2026-05-03 00:00:00+00:00,KXAAAGASMAXCA,long_dated,242,
769,KXAAAGASMAXCA-26DEC31-7.60,1.0,2026-05-03 00:00:00+00:00,KXAAAGASMAXCA,long_dated,242,455.0
769,KXAAAGASMAXCA-26DEC31-6.20,0.0,2026-05-03 00:00:00+00:00,KXAAAGASMAXCA,long_dated,242,
769,KXAAAGASMAXCA-26DEC31-6.80,0.0,2026-05-03 00:00:00+00:00,KXAAAGASMAXCA,long_dated,242,
769,KXAAAGASMAXCA-26DEC31-6.40,0.0,2026-05-03 00:00:00+00:00,KXAAAGASMAXCA,long_dated,242,
769,KXAAAGASMAXCA-26DEC31-6.60,0.0,2026-05-03 00:00:00+00:00,KXAAAGASMAXCA,long_dated,242,
770,KXAAAGASMAXTX-26DEC31-4.20,1.0,2026-05-03 00:00:00+00:00,KXAAAGASMAXTX,long_dated,242,295.0
770,KXAAAGASMAXTX-26DEC31-4.80,0.0,2026-05-03 00:00:00+00:00,KXAAAGASMAXTX,long_dated,242,
770,KXAAAGASMAXTX-26DEC31-5.00,0.0,2026-05-03 00:00:00+00:00,KXAAAGASMAXTX,long_dated,242,
770,KXAAAGASMAXTX-26DEC31-5.20,0.0,2026-05-03 00:00:00+00:00,KXAAAGASMAXTX,long_dated,242,
770,KXAAAGASMAXTX-26DEC31-5.40,0.0,2026-05-03 00:00:00+00:00,KXAAAGASMAXTX,long_dated,242,
771,KXAAAGASMAXTX-26DEC31-4.40,1.0,2026-05-03 00:00:00+00:00,KXAAAGASMAXTX,long_dated,242,295.0
771,KXAAAGASMAXTX-26DEC31-4.80,0.0,2026-05-03 00:00:00+00:00,KXAAAGASMAXTX,long_dated,242,
771,KXAAAGASMAXTX-26DEC31-5.00,0.0,2026-05-03 00:00:00+00:00,KXAAAGASMAXTX,long_dated,242,
771,KXAAAGASMAXTX-26DEC31-5.20,0.0,2026-05-03 00:00:00+00:00,KXAAAGASMAXTX,long_dated,242,
771,KXAAAGASMAXTX-26DEC31-5.40,0.0,2026-05-03 00:00:00+00:00,KXAAAGASMAXTX,long_dated,242,
772,KXAAPLPRICEFOLD-27-2200,1.0,2026-05-03 00:00:00+00:00,KXAAPLPRICEFOLD,long_dated,129,485.0
772,KXAAPLPRICEFOLD-27-2000,0.0,2026-05-03 00:00:00+00:00,KXAAPLPRICEFOLD,long_dated,129,
772,KXAAPLPRICEFOLD-27-1800,0.0,2026-05-03 00:00:00+00:00,KXAAPLPRICEFOLD,long_dated,129,
773,KXACQUANNOUNCEPINS-27JAN01-METAPINT,1.0,2026-05-03 00:00:00+00:00,KXACQUANNOUNCEPINS,long_dated,243,315.0
773,KXACQUANNOUNCEPINS-27JAN01-PAYPPINT,0.0,2026-05-03 00:00:00+00:00,KXACQUANNOUNCEPINS,long_dated,243,
773,KXACQUANNOUNCEPINS-27JAN01-MICRPINT,0.0,2026-05-03 00:00:00+00:00,KXACQUANNOUNCEPINS,long_dated,243,
773,KXACQUANNOUNCEPINS-27JAN01-GOOGPINT,0.0,2026-05-03 00:00:00+00:00,KXACQUANNOUNCEPINS,long_dated,243,
773,KXACQUANNOUNCEPINS-27JAN01-AMAZPINT,0.0,2026-05-03 00:00:00+00:00,KXACQUANNOUNCEPINS,long_dated,243,
774,KXACQUANNOUNCEPINS-27JAN01-OPENPINT,1.0,2026-05-03 00:00:00+00:00,KXACQUANNOUNCEPINS,long_dated,243,315.0
774,KXACQUANNOUNCEPINS-27JAN01-GOOGPINT,0.0,2026-05-03 00:00:00+00:00,KXACQUANNOUNCEPINS,long_dated,243,
774,KXACQUANNOUNCEPINS-27JAN01-MICRPINT,0.0,2026-05-03 00:00:00+00:00,KXACQUANNOUNCEPINS,long_dated,243,
774,KXACQUANNOUNCEPINS-27JAN01-PAYPPINT,0.0,2026-05-03 00:00:00+00:00,KXACQUANNOUNCEPINS,long_dated,243,
774,KXACQUANNOUNCEPINS-27JAN01-AMAZPINT,0.0,2026-05-03 00:00:00+00:00,KXACQUANNOUNCEPINS,long_dated,243,
775,KXALBUMRELEASEDATEARIANA-NEW-SEP01-26,1.0,2026-05-03 00:00:00+00:00,KXALBUMRELEASEDATEARIANA,long_dated,89,455.0
775,KXALBUMRELEASEDATEARIANA-NEW-AUG01-26,0.0,2026-05-03 00:00:00+00:00,KXALBUMRELEASEDATEARIANA,long_dated,89,
779,KXCLOSESTGOVERNOR-27JAN20-AZ,1.0,2026-05-03 00:00:00+00:00,KXCLOSESTGOVERNOR,long_dated,262,105.0
779,KXCLOSESTGOVERNOR-27JAN20-OH,0.0,2026-05-03 00:00:00+00:00,KXCLOSESTGOVERNOR,long_dated,262,
779,KXCLOSESTGOVERNOR-27JAN20-NV,0.0,2026-05-03 00:00:00+00:00,KXCLOSESTGOVERNOR,long_dated,262,
779,KXCLOSESTGOVERNOR-27JAN20-IA,0.0,2026-05-03 00:00:00+00:00,KXCLOSESTGOVERNOR,long_dated,262,
779,KXCLOSESTGOVERNOR-27JAN20-NH,0.0,2026-05-03 00:00:00+00:00,KXCLOSESTGOVERNOR,long_dated,262,
779,KXCLOSESTGOVERNOR-27JAN20-KS,0.0,2026-05-03 00:00:00+00:00,KXCLOSESTGOVERNOR,long_dated,262,
779,KXCLOSESTGOVERNOR-27JAN20-WI,0.0,2026-05-03 00:00:00+00:00,KXCLOSESTGOVERNOR,long_dated,262,
779,KXCLOSESTGOVERNOR-27JAN20-ME,0.0,2026-05-03 00:00:00+00:00,KXCLOSESTGOVERNOR,long_dated,262,
779,KXCLOSESTGOVERNOR-27JAN20-GA,0.0,2026-05-03 00:00:00+00:00,KXCLOSESTGOVERNOR,long_dated,262,
779,KXCLOSESTGOVERNOR-27JAN20-PA,0.0,2026-05-03 00:00:00+00:00,KXCLOSESTGOVERNOR,long_dated,262,
779,KXCLOSESTGOVERNOR-27JAN20-MN,0.0,2026-05-03 00:00:00+00:00,KXCLOSESTGOVERNOR,long_dated,262,
780,KXCLOSESTGOVERNOR-27JAN20-MI,1.0,2026-05-03 00:00:00+00:00,KXCLOSESTGOVERNOR,long_dated,262,105.0
780,KXCLOSESTGOVERNOR-27JAN20-NV,0.0,2026-05-03 00:00:00+00:00,KXCLOSESTGOVERNOR,long_dated,262,
780,KXCLOSESTGOVERNOR-27JAN20-OH,0.0,2026-05-03 00:00:00+00:00,KXCLOSESTGOVERNOR,long_dated,262,
780,KXCLOSESTGOVERNOR-27JAN20-NH,0.0,2026-05-03 00:00:00+00:00,KXCLOSESTGOVERNOR,long_dated,262,
780,KXCLOSESTGOVERNOR-27JAN20-KS,0.0,2026-05-03 00:00:00+00:00,KXCLOSESTGOVERNOR,long_dated,262,
780,KXCLOSESTGOVERNOR-27JAN20-IA,0.0,2026-05-03 00:00:00+00:00,KXCLOSESTGOVERNOR,long_dated,262,
780,KXCLOSESTGOVERNOR-27JAN20-ME,0.0,2026-05-03 00:00:00+00:00,KXCLOSESTGOVERNOR,long_dated,262,
780,KXCLOSESTGOVERNOR-27JAN20-PA,0.0,2026-05-03 00:00:00+00:00,KXCLOSESTGOVERNOR,long_dated,262,
780,KXCLOSESTGOVERNOR-27JAN20-MN,0.0,2026-05-03 00:00:00+00:00,KXCLOSESTGOVERNOR,long_dated,262,
780,KXCLOSESTGOVERNOR-27JAN20-WI,0.0,2026-05-03 00:00:00+00:00,KXCLOSESTGOVERNOR,long_dated,262,
780,KXCLOSESTGOVERNOR-27JAN20-GA,0.0,2026-05-03 00:00:00+00:00,KXCLOSESTGOVERNOR,long_dated,262,
781,KXCLOSESTGOVERNOR-27JAN20-NM,1.0,2026-05-03 00:00:00+00:00,KXCLOSESTGOVERNOR,long_dated,262,105.0
781,KXCLOSESTGOVERNOR-27JAN20-ME,0.0,2026-05-03 00:00:00+00:00,KXCLOSESTGOVERNOR,long_dated,262,
781,KXCLOSESTGOVERNOR-27JAN20-PA,0.0,2026-05-03 00:00:00+00:00,KXCLOSESTGOVERNOR,long_dated,262,
781,KXCLOSESTGOVERNOR-27JAN20-MN,0.0,2026-05-03 00:00:00+00:00,KXCLOSESTGOVERNOR,long_dated,262,
781,KXCLOSESTGOVERNOR-27JAN20-KS,0.0,2026-05-03 00:00:00+00:00,KXCLOSESTGOVERNOR,long_dated,262,
781,KXCLOSESTGOVERNOR-27JAN20-NH,0.0,2026-05-03 00:00:00+00:00,KXCLOSESTGOVERNOR,long_dated,262,
781,KXCLOSESTGOVERNOR-27JAN20-NV,0.0,2026-05-03 00:00:00+00:00,KXCLOSESTGOVERNOR,long_dated,262,
781,KXCLOSESTGOVERNOR-27JAN20-OH,0.0,2026-05-03 00:00:00+00:00,KXCLOSESTGOVERNOR,long_dated,262,
781,KXCLOSESTGOVERNOR-27JAN20-IA,0.0,2026-05-03 00:00:00+00:00,KXCLOSESTGOVERNOR,long_dated,262,
781,KXCLOSESTGOVERNOR-27JAN20-WI,0.0,2026-05-03 00:00:00+00:00,KXCLOSESTGOVERNOR,long_dated,262,
781,KXCLOSESTGOVERNOR-27JAN20-GA,0.0,2026-05-03 00:00:00+00:00,KXCLOSESTGOVERNOR,long_dated,262,
782,KXCLOSESTGOVERNOR-27JAN20-NY,1.0,2026-05-03 00:00:00+00:00,KXCLOSESTGOVERNOR,long_dated,262,105.0
782,KXCLOSESTGOVERNOR-27JAN20-KS,0.0,2026-05-03 00:00:00+00:00,KXCLOSESTGOVERNOR,long_dated,262,
782,KXCLOSESTGOVERNOR-27JAN20-NH,0.0,2026-05-03 00:00:00+00:00,KXCLOSESTGOVERNOR,long_dated,262,
782,KXCLOSESTGOVERNOR-27JAN20-ME,0.0,2026-05-03 00:00:00+00:00,KXCLOSESTGOVERNOR,long_dated,262,
782,KXCLOSESTGOVERNOR-27JAN20-PA,0.0,2026-05-03 00:00:00+00:00,KXCLOSESTGOVERNOR,long_dated,262,
782,KXCLOSESTGOVERNOR-27JAN20-MN,0.0,2026-05-03 00:00:00+00:00,KXCLOSESTGOVERNOR,long_dated,262,
782,KXCLOSESTGOVERNOR-27JAN20-NV,0.0,2026-05-03 00:00:00+00:00,KXCLOSESTGOVERNOR,long_dated,262,
782,KXCLOSESTGOVERNOR-27JAN20-OH,0.0,2026-05-03 00:00:00+00:00,KXCLOSESTGOVERNOR,long_dated,262,
782,KXCLOSESTGOVERNOR-27JAN20-IA,0.0,2026-05-03 00:00:00+00:00,KXCLOSESTGOVERNOR,long_dated,262,
782,KXCLOSESTGOVERNOR-27JAN20-WI,0.0,2026-05-03 00:00:00+00:00,KXCLOSESTGOVERNOR,long_dated,262,
782,KXCLOSESTGOVERNOR-27JAN20-GA,0.0,2026-05-03 00:00:00+00:00,KXCLOSESTGOVERNOR,long_dated,262,
783,KXDEELRIP-40-DEEL,1.0,2026-05-03 00:00:00+00:00,KXDEELRIP,long_dated,4991,135.0
783,KXDEELRIP-40-RIPP,0.0,2026-05-03 00:00:00+00:00,KXDEELRIP,long_dated,4991,
784,KXEARTHQUAKECALIFORNIA-35,1.0,2026-05-03 00:00:00+00:00,KXEARTHQUAKECALIFORNIA,long_dated,3529,220.0
784,KXEARTHQUAKECALIFORNIA-28,0.0,2026-05-03 00:00:00+00:00,KXEARTHQUAKECALIFORNIA,long_dated,3529,
785,KXFDAAPPROVALDATECMPS-360-27JUL01,1.0,2026-05-03 00:00:00+00:00,KXFDAAPPROVALDATECMPS,long_dated,424,155.0
785,KXFDAAPPROVALDATECMPS-360-27OCT01,0.0,2026-05-03 00:00:00+00:00,KXFDAAPPROVALDATECMPS,long_dated,424,
785,KXFDAAPPROVALDATECMPS-360-28JAN01,0.0,2026-05-03 00:00:00+00:00,KXFDAAPPROVALDATECMPS,long_dated,424,
786,KXFEDDECISION-26DEC-H0,1.0,2026-05-03 00:00:00+00:00,KXFEDDECISION,long_dated,220,460.0
786,KXFEDDECISION-27JAN-C26,0.0,2026-05-03 00:00:00+00:00,KXFEDDECISION,long_dated,220,
786,KXFEDDECISION-27SEP-C25,0.0,2026-05-03 00:00:00+00:00,KXFEDDECISION,long_dated,220,
786,KXFEDDECISION-27JAN-H25,0.0,2026-05-03 00:00:00+00:00,KXFEDDECISION,long_dated,220,
786,KXFEDDECISION-27DEC-C25,0.0,2026-05-03 00:00:00+00:00,KXFEDDECISION,long_dated,220,
786,KXFEDDECISION-27OCT-C25,0.0,2026-05-03 00:00:00+00:00,KXFEDDECISION,long_dated,220,
786,KXFEDDECISION-27JUN-C25,0.0,2026-05-03 00:00:00+00:00,KXFEDDECISION,long_dated,220,
786,KXFEDDECISION-27JUN-H0,0.0,2026-05-03 00:00:00+00:00,KXFEDDECISION,long_dated,220,
786,KXFEDDECISION-27JAN-C25,0.0,2026-05-03 00:00:00+00:00,KXFEDDECISION,long_dated,220,
786,KXFEDDECISION-26SEP-H0,0.0,2026-05-03 00:00:00+00:00,KXFEDDECISION,long_dated,220,
786,KXFEDDECISION-28JAN-C25,0.0,2026-05-03 00:00:00+00:00,KXFEDDECISION,long_dated,220,
787,KXFEDDECISION-27APR-H0,1.0,2026-05-03 00:00:00+00:00,KXFEDDECISION,long_dated,360,265.0
787,KXFEDDECISION-27JUN-H0,0.0,2026-05-03 00:00:00+00:00,KXFEDDECISION,long_dated,360,
787,KXFEDDECISION-26SEP-H0,0.0,2026-05-03 00:00:00+00:00,KXFEDDECISION,long_dated,360,
787,KXFEDDECISION-27OCT-H0,0.0,2026-05-03 00:00:00+00:00,KXFEDDECISION,long_dated,360,
787,KXFEDDECISION-27SEP-H0,0.0,2026-05-03 00:00:00+00:00,KXFEDDECISION,long_dated,360,
787,KXFEDDECISION-27DEC-H0,0.0,2026-05-03 00:00:00+00:00,KXFEDDECISION,long_dated,360,
787,KXFEDDECISION-28JAN-H0,0.0,2026-05-03 00:00:00+00:00,KXFEDDECISION,long_dated,360,
787,KXFEDDECISION-27JAN-C26,0.0,2026-05-03 00:00:00+00:00,KXFEDDECISION,long_dated,360,
787,KXFEDDECISION-27SEP-C25,0.0,2026-05-03 00:00:00+00:00,KXFEDDECISION,long_dated,360,
787,KXFEDDECISION-27JAN-H25,0.0,2026-05-03 00:00:00+00:00,KXFEDDECISION,long_dated,360,
787,KXFEDDECISION-27DEC-C25,0.0,2026-05-03 00:00:00+00:00,KXFEDDECISION,long_dated,360,
788,KXFEDDECISION-27MAR-C25,1.0,2026-05-03 00:00:00+00:00,KXFEDDECISION,long_dated,318,125.0
788,KXFEDDECISION-27JAN-C26,0.0,2026-05-03 00:00:00+00:00,KXFEDDECISION,long_dated,318,
788,KXFEDDECISION-27SEP-C25,0.0,2026-05-03 00:00:00+00:00,KXFEDDECISION,long_dated,318,
788,KXFEDDECISION-27JAN-H25,0.0,2026-05-03 00:00:00+00:00,KXFEDDECISION,long_dated,318,
788,KXFEDDECISION-27DEC-C25,0.0,2026-05-03 00:00:00+00:00,KXFEDDECISION,long_dated,318,
788,KXFEDDECISION-27OCT-C25,0.0,2026-05-03 00:00:00+00:00,KXFEDDECISION,long_dated,318,
788,KXFEDDECISION-27JUN-C25,0.0,2026-05-03 00:00:00+00:00,KXFEDDECISION,long_dated,318,
788,KXFEDDECISION-27JAN-C25,0.0,2026-05-03 00:00:00+00:00,KXFEDDECISION,long_dated,318,
788,KXFEDDECISION-27JUN-H0,0.0,2026-05-03 00:00:00+00:00,KXFEDDECISION,long_dated,318,
788,KXFEDDECISION-28JAN-C25,0.0,2026-05-03 00:00:00+00:00,KXFEDDECISION,long_dated,318,
788,KXFEDDECISION-26SEP-H0,0.0,2026-05-03 00:00:00+00:00,KXFEDDECISION,long_dated,318,
789,KXFEDDECISION-27MAR-C26,1.0,2026-05-03 00:00:00+00:00,KXFEDDECISION,long_dated,318,125.0
789,KXFEDDECISION-27DEC-C26,0.0,2026-05-03 00:00:00+00:00,KXFEDDECISION,long_dated,318,
789,KXFEDDECISION-27APR-C26,0.0,2026-05-03 00:00:00+00:00,KXFEDDECISION,long_dated,318,
789,KXFEDDECISION-27OCT-C26,0.0,2026-05-03 00:00:00+00:00,KXFEDDECISION,long_dated,318,
789,KXFEDDECISION-27SEP-C26,0.0,2026-05-03 00:00:00+00:00,KXFEDDECISION,long_dated,318,
789,KXFEDDECISION-27JUL-H25,0.0,2026-05-03 00:00:00+00:00,KXFEDDECISION,long_dated,318,
789,KXFEDDECISION-27MAR-H25,0.0,2026-05-03 00:00:00+00:00,KXFEDDECISION,long_dated,318,
789,KXFEDDECISION-27JUL-C26,0.0,2026-05-03 00:00:00+00:00,KXFEDDECISION,long_dated,318,
789,KXFEDDECISION-27JUN-C26,0.0,2026-05-03 00:00:00+00:00,KXFEDDECISION,long_dated,318,
789,KXFEDDECISION-26SEP-C26,0.0,2026-05-03 00:00:00+00:00,KXFEDDECISION,long_dated,318,
789,KXFEDDECISION-27SEP-H26,0.0,2026-05-03 00:00:00+00:00,KXFEDDECISION,long_dated,318,
790,KXFEDDECISION-27MAR-H0,1.0,2026-05-03 00:00:00+00:00,KXFEDDECISION,long_dated,318,125.0
790,KXFEDDECISION-28JAN-H0,0.0,2026-05-03 00:00:00+00:00,KXFEDDECISION,long_dated,318,
790,KXFEDDECISION-27DEC-H0,0.0,2026-05-03 00:00:00+00:00,KXFEDDECISION,long_dated,318,
790,KXFEDDECISION-27SEP-H0,0.0,2026-05-03 00:00:00+00:00,KXFEDDECISION,long_dated,318,
790,KXFEDDECISION-27OCT-H0,0.0,2026-05-03 00:00:00+00:00,KXFEDDECISION,long_dated,318,
790,KXFEDDECISION-26SEP-H0,0.0,2026-05-03 00:00:00+00:00,KXFEDDECISION,long_dated,318,
790,KXFEDDECISION-27JUN-H0,0.0,2026-05-03 00:00:00+00:00,KXFEDDECISION,long_dated,318,
790,KXFEDDECISION-27JAN-C26,0.0,2026-05-03 00:00:00+00:00,KXFEDDECISION,long_dated,318,
790,KXFEDDECISION-27SEP-C25,0.0,2026-05-03 00:00:00+00:00,KXFEDDECISION,long_dated,318,
790,KXFEDDECISION-27JAN-H25,0.0,2026-05-03 00:00:00+00:00,KXFEDDECISION,long_dated,318,
790,KXFEDDECISION-27DEC-C25,0.0,2026-05-03 00:00:00+00:00,KXFEDDECISION,long_dated,318,
791,KXFEDDECISION-27MAR-H26,1.0,2026-05-03 00:00:00+00:00,KXFEDDECISION,long_dated,318,125.0
791,KXFEDDECISION-27DEC-H26,0.0,2026-05-03 00:00:00+00:00,KXFEDDECISION,long_dated,318,
791,KXFEDDECISION-27APR-H26,0.0,2026-05-03 00:00:00+00:00,KXFEDDECISION,long_dated,318,
791,KXFEDDECISION-27DEC-H25,0.0,2026-05-03 00:00:00+00:00,KXFEDDECISION,long_dated,318,
791,KXFEDDECISION-27OCT-H26,0.0,2026-05-03 00:00:00+00:00,KXFEDDECISION,long_dated,318,
791,KXFEDDECISION-27JUL-C26,0.0,2026-05-03 00:00:00+00:00,KXFEDDECISION,long_dated,318,
791,KXFEDDECISION-27JUN-C26,0.0,2026-05-03 00:00:00+00:00,KXFEDDECISION,long_dated,318,
791,KXFEDDECISION-27JUL-H25,0.0,2026-05-03 00:00:00+00:00,KXFEDDECISION,long_dated,318,
791,KXFEDDECISION-27OCT-H25,0.0,2026-05-03 00:00:00+00:00,KXFEDDECISION,long_dated,318,
791,KXFEDDECISION-27OCT-C26,0.0,2026-05-03 00:00:00+00:00,KXFEDDECISION,long_dated,318,
791,KXFEDDECISION-27SEP-C26,0.0,2026-05-03 00:00:00+00:00,KXFEDDECISION,long_dated,318,
792,KXFEDEND-29-JAN20,1.0,2026-05-03 00:00:00+00:00,KXFEDEND,long_dated,993,225.0
792,KXFEDEND-27-JAN01,0.0,2026-05-03 00:00:00+00:00,KXFEDEND,long_dated,993,
793,KXFUSION-30-JAN01,1.0,2026-05-03 00:00:00+00:00,KXFUSION,long_dated,1339,105.0
793,KXFUSION-40-JAN01,0.0,2026-05-03 00:00:00+00:00,KXFUSION,long_dated,1339,
793,KXFUSION-35-JAN01,0.0,2026-05-03 00:00:00+00:00,KXFUSION,long_dated,1339,
794,KXGHANAPRES-28-AKYE,1.0,2026-05-03 00:00:00+00:00,KXGHANAPRES,long_dated,1338,185.0
794,KXGHANAPRES-28-HIDD,0.0,2026-05-03 00:00:00+00:00,KXGHANAPRES,long_dated,1338,
794,KXGHANAPRES-28-CFOR,0.0,2026-05-03 00:00:00+00:00,KXGHANAPRES,long_dated,1338,
795,KXGTEMP-26-P0,1.0,2026-05-03 00:00:00+00:00,KXGTEMP,long_dated,243,175.0
795,KXGTEMP-27-P0,0.0,2026-05-03 00:00:00+00:00,KXGTEMP,long_dated,243,
796,KXHOUSERACE-AL02-26-D,1.0,2026-05-03 00:00:00+00:00,KXHOUSERACE,long_dated,549,190.0
796,KXHOUSERACE-NC12-26-R,0.0,2026-05-03 00:00:00+00:00,KXHOUSERACE,long_dated,549,
796,KXHOUSERACE-AL02-26-R,0.0,2026-05-03 00:00:00+00:00,KXHOUSERACE,long_dated,549,
796,KXHOUSERACE-CA08-26-R,0.0,2026-05-03 00:00:00+00:00,KXHOUSERACE,long_dated,549,
796,KXHOUSERACE-IL01-26-R,0.0,2026-05-03 00:00:00+00:00,KXHOUSERACE,long_dated,549,
796,KXHOUSERACE-OH11-26-R,0.0,2026-05-03 00:00:00+00:00,KXHOUSERACE,long_dated,549,
796,KXHOUSERACE-MO06-26-D,0.0,2026-05-03 00:00:00+00:00,KXHOUSERACE,long_dated,549,
796,KXHOUSERACE-TN08-26-D,0.0,2026-05-03 00:00:00+00:00,KXHOUSERACE,long_dated,549,
796,KXHOUSERACE-CA26-26-D,0.0,2026-05-03 00:00:00+00:00,KXHOUSERACE,long_dated,549,
796,KXHOUSERACE-NC12-26-D,0.0,2026-05-03 00:00:00+00:00,KXHOUSERACE,long_dated,549,
796,KXHOUSERACE-GA09-26-D,0.0,2026-05-03 00:00:00+00:00,KXHOUSERACE,long_dated,549,
797,KXHOUSERACE-IN04-26-D,1.0,2026-05-03 00:00:00+00:00,KXHOUSERACE,long_dated,549,145.0
797,KXHOUSERACE-KY04-26-R,0.0,2026-05-03 00:00:00+00:00,KXHOUSERACE,long_dated,549,
797,KXHOUSERACE-LA05-26-D,0.0,2026-05-03 00:00:00+00:00,KXHOUSERACE,long_dated,549,
797,KXHOUSERACE-MS03-26-D,0.0,2026-05-03 00:00:00+00:00,KXHOUSERACE,long_dated,549,
797,KXHOUSERACE-NJ11-26-R,0.0,2026-05-03 00:00:00+00:00,KXHOUSERACE,long_dated,549,
797,KXHOUSERACE-SDAL-26-D,0.0,2026-05-03 00:00:00+00:00,KXHOUSERACE,long_dated,549,
797,KXHOUSERACE-MO03-26-D,0.0,2026-05-03 00:00:00+00:00,KXHOUSERACE,long_dated,549,
797,KXHOUSERACE-NJ06-26-R,0.0,2026-05-03 00:00:00+00:00,KXHOUSERACE,long_dated,549,
797,KXHOUSERACE-IL13-26-R,0.0,2026-05-03 00:00:00+00:00,KXHOUSERACE,long_dated,549,
797,KXHOUSERACE-MI02-26-D,0.0,2026-05-03 00:00:00+00:00,KXHOUSERACE,long_dated,549,
797,KXHOUSERACE-WV02-26-D,0.0,2026-05-03 00:00:00+00:00,KXHOUSERACE,long_dated,549,
798,KXHOUSERACE-IN04-26-R,1.0,2026-05-03 00:00:00+00:00,KXHOUSERACE,long_dated,549,145.0
798,KXHOUSERACE-TX20-26-R,0.0,2026-05-03 00:00:00+00:00,KXHOUSERACE,long_dated,549,
798,KXHOUSERACE-MO03-26-R,0.0,2026-05-03 00:00:00+00:00,KXHOUSERACE,long_dated,549,
798,KXHOUSERACE-IL15-26-R,0.0,2026-05-03 00:00:00+00:00,KXHOUSERACE,long_dated,549,
798,KXHOUSERACE-AR03-26-D,0.0,2026-05-03 00:00:00+00:00,KXHOUSERACE,long_dated,549,
798,KXHOUSERACE-TX20-26-D,0.0,2026-05-03 00:00:00+00:00,KXHOUSERACE,long_dated,549,
798,KXHOUSERACE-PA05-26-D,0.0,2026-05-03 00:00:00+00:00,KXHOUSERACE,long_dated,549,
798,KXHOUSERACE-PA05-26-R,0.0,2026-05-03 00:00:00+00:00,KXHOUSERACE,long_dated,549,
798,KXHOUSERACE-ID02-26-R,0.0,2026-05-03 00:00:00+00:00,KXHOUSERACE,long_dated,549,
798,KXHOUSERACE-ID02-26-D,0.0,2026-05-03 00:00:00+00:00,KXHOUSERACE,long_dated,549,
798,KXHOUSERACE-CA20-26-D,0.0,2026-05-03 00:00:00+00:00,KXHOUSERACE,long_dated,549,
799,KXHOUSERACE-LA06-26-R,1.0,2026-05-03 00:00:00+00:00,KXHOUSERACE,long_dated,549,320.0
799,KXHOUSERACE-KS01-26-R,0.0,2026-05-03 00:00:00+00:00,KXHOUSERACE,long_dated,549,
799,KXHOUSERACE-MD02-26-R,0.0,2026-05-03 00:00:00+00:00,KXHOUSERACE,long_dated,549,
799,KXHOUSERACE-KS01-26-D,0.0,2026-05-03 00:00:00+00:00,KXHOUSERACE,long_dated,549,
799,KXHOUSERACE-OH04-26-D,0.0,2026-05-03 00:00:00+00:00,KXHOUSERACE,long_dated,549,
799,KXHOUSERACE-VA09-26-D,0.0,2026-05-03 00:00:00+00:00,KXHOUSERACE,long_dated,549,
799,KXHOUSERACE-PA15-26-D,0.0,2026-05-03 00:00:00+00:00,KXHOUSERACE,long_dated,549,
799,KXHOUSERACE-CA36-26-D,0.0,2026-05-03 00:00:00+00:00,KXHOUSERACE,long_dated,549,
799,KXHOUSERACE-FL06-26-D,0.0,2026-05-03 00:00:00+00:00,KXHOUSERACE,long_dated,549,
799,KXHOUSERACE-FL06-26-R,0.0,2026-05-03 00:00:00+00:00,KXHOUSERACE,long_dated,549,
799,KXHOUSERACE-LA06-26-D,0.0,2026-05-03 00:00:00+00:00,KXHOUSERACE,long_dated,549,
800,KXIMPEACHCABINET-27JAN01,1.0,2026-05-03 00:00:00+00:00,KXIMPEACHCABINET,long_dated,243,115.0
800,KXIMPEACHCABINET-28JAN01,0.0,2026-05-03 00:00:00+00:00,KXIMPEACHCABINET,long_dated,243,
802,KXMODELHIGH-27-1550-CHAT,1.0,2026-05-03 00:00:00+00:00,KXMODELHIGH,long_dated,243,140.0
802,KXMODELHIGH-27-1550-GROK,0.0,2026-05-03 00:00:00+00:00,KXMODELHIGH,long_dated,243,
802,KXMODELHIGH-27-1550-GEMI,0.0,2026-05-03 00:00:00+00:00,KXMODELHIGH,long_dated,243,
802,KXMODELHIGH-27-1550-OTHE,0.0,2026-05-03 00:00:00+00:00,KXMODELHIGH,long_dated,243,
802,KXMODELHIGH-27-1550-KIMI,0.0,2026-05-03 00:00:00+00:00,KXMODELHIGH,long_dated,243,
802,KXMODELHIGH-27-1550-ERNI,0.0,2026-05-03 00:00:00+00:00,KXMODELHIGH,long_dated,243,
802,KXMODELHIGH-27-1550-QWEN,0.0,2026-05-03 00:00:00+00:00,KXMODELHIGH,long_dated,243,
803,KXMODELHIGH-27-1550-CLAU,1.0,2026-05-03 00:00:00+00:00,KXMODELHIGH,long_dated,243,140.0
803,KXMODELHIGH-27-1550-GEMI,0.0,2026-05-03 00:00:00+00:00,KXMODELHIGH,long_dated,243,
803,KXMODELHIGH-27-1550-GROK,0.0,2026-05-03 00:00:00+00:00,KXMODELHIGH,long_dated,243,
803,KXMODELHIGH-27-1550-OTHE,0.0,2026-05-03 00:00:00+00:00,KXMODELHIGH,long_dated,243,
803,KXMODELHIGH-27-1550-KIMI,0.0,2026-05-03 00:00:00+00:00,KXMODELHIGH,long_dated,243,
803,KXMODELHIGH-27-1550-ERNI,0.0,2026-05-03 00:00:00+00:00,KXMODELHIGH,long_dated,243,
803,KXMODELHIGH-27-1550-QWEN,0.0,2026-05-03 00:00:00+00:00,KXMODELHIGH,long_dated,243,
804,KXNEWROLEX-27JAN-ELON,1.0,2026-05-03 00:00:00+00:00,KXNEWROLEX,long_dated,243,595.0
804,KXNEWROLEX-27JAN-NIKI,0.0,2026-05-03 00:00:00+00:00,KXNEWROLEX,long_dated,243,
804,KXNEWROLEX-27JAN-SRIR,0.0,2026-05-03 00:00:00+00:00,KXNEWROLEX,long_dated,243,
804,KXNEWROLEX-27JAN-JACK,0.0,2026-05-03 00:00:00+00:00,KXNEWROLEX,long_dated,243,
804,KXNEWROLEX-27JAN-JIMM,0.0,2026-05-03 00:00:00+00:00,KXNEWROLEX,long_dated,243,
804,KXNEWROLEX-27JAN-MAHM,0.0,2026-05-03 00:00:00+00:00,KXNEWROLEX,long_dated,243,
804,KXNEWROLEX-27JAN-SAM,0.0,2026-05-03 00:00:00+00:00,KXNEWROLEX,long_dated,243,
805,KXNEWROLEX-27JAN-GROK,1.0,2026-05-03 00:00:00+00:00,KXNEWROLEX,long_dated,243,220.0
805,KXNEWROLEX-27JAN-JACK,0.0,2026-05-03 00:00:00+00:00,KXNEWROLEX,long_dated,243,
805,KXNEWROLEX-27JAN-JIMM,0.0,2026-05-03 00:00:00+00:00,KXNEWROLEX,long_dated,243,
805,KXNEWROLEX-27JAN-MAHM,0.0,2026-05-03 00:00:00+00:00,KXNEWROLEX,long_dated,243,
805,KXNEWROLEX-27JAN-SAM,0.0,2026-05-03 00:00:00+00:00,KXNEWROLEX,long_dated,243,
805,KXNEWROLEX-27JAN-SRIR,0.0,2026-05-03 00:00:00+00:00,KXNEWROLEX,long_dated,243,
805,KXNEWROLEX-27JAN-NIKI,0.0,2026-05-03 00:00:00+00:00,KXNEWROLEX,long_dated,243,
806,KXNGASMAX-26DEC31-P6.00,1.0,2026-05-03 00:00:00+00:00,KXNGASMAX,long_dated,243,180.0
806,KXNGASMAX-26DEC31-P5.50,0.0,2026-05-03 00:00:00+00:00,KXNGASMAX,long_dated,243,
806,KXNGASMAX-26DEC31-P5.00,0.0,2026-05-03 00:00:00+00:00,KXNGASMAX,long_dated,243,
806,KXNGASMAX-26DEC31-P4.50,0.0,2026-05-03 00:00:00+00:00,KXNGASMAX,long_dated,243,
806,KXNGASMAX-26DEC31-P4.00,0.0,2026-05-03 00:00:00+00:00,KXNGASMAX,long_dated,243,
807,KXNGASMAX-26DEC31-P6.50,1.0,2026-05-03 00:00:00+00:00,KXNGASMAX,long_dated,243,275.0
807,KXNGASMAX-26DEC31-P5.50,0.0,2026-05-03 00:00:00+00:00,KXNGASMAX,long_dated,243,
807,KXNGASMAX-26DEC31-P5.00,0.0,2026-05-03 00:00:00+00:00,KXNGASMAX,long_dated,243,
807,KXNGASMAX-26DEC31-P4.50,0.0,2026-05-03 00:00:00+00:00,KXNGASMAX,long_dated,243,
807,KXNGASMAX-26DEC31-P4.00,0.0,2026-05-03 00:00:00+00:00,KXNGASMAX,long_dated,243,
808,KXNGASMAX-26DEC31-P7.00,1.0,2026-05-03 00:00:00+00:00,KXNGASMAX,long_dated,243,275.0
808,KXNGASMAX-26DEC31-P5.50,0.0,2026-05-03 00:00:00+00:00,KXNGASMAX,long_dated,243,
808,KXNGASMAX-26DEC31-P5.00,0.0,2026-05-03 00:00:00+00:00,KXNGASMAX,long_dated,243,
808,KXNGASMAX-26DEC31-P4.50,0.0,2026-05-03 00:00:00+00:00,KXNGASMAX,long_dated,243,
808,KXNGASMAX-26DEC31-P4.00,0.0,2026-05-03 00:00:00+00:00,KXNGASMAX,long_dated,243,
809,KXNGASMIN-26DEC31-N1.60,1.0,2026-05-03 00:00:00+00:00,KXNGASMIN,long_dated,243,200.0
809,KXNGASMIN-26DEC31-N2.20,0.0,2026-05-03 00:00:00+00:00,KXNGASMIN,long_dated,243,
809,KXNGASMIN-26DEC31-N2.00,0.0,2026-05-03 00:00:00+00:00,KXNGASMIN,long_dated,243,
809,KXNGASMIN-26DEC31-N1.80,0.0,2026-05-03 00:00:00+00:00,KXNGASMIN,long_dated,243,
810,KXNGASMIN-26DEC31-N2.40,1.0,2026-05-03 00:00:00+00:00,KXNGASMIN,long_dated,243,200.0
810,KXNGASMIN-26DEC31-N2.20,0.0,2026-05-03 00:00:00+00:00,KXNGASMIN,long_dated,243,
810,KXNGASMIN-26DEC31-N2.00,0.0,2026-05-03 00:00:00+00:00,KXNGASMIN,long_dated,243,
810,KXNGASMIN-26DEC31-N1.80,0.0,2026-05-03 00:00:00+00:00,KXNGASMIN,long_dated,243,
811,KXOSCARNOMVISUAL-27-GOD,1.0,2026-05-03 00:00:00+00:00,KXOSCARNOMVISUAL,long_dated,607,175.0
811,KXOSCARNOMVISUAL-27-AVE,0.0,2026-05-03 00:00:00+00:00,KXOSCARNOMVISUAL,long_dated,607,
811,KXOSCARNOMVISUAL-27-NAR,0.0,2026-05-03 00:00:00+00:00,KXOSCARNOMVISUAL,long_dated,607,
811,KXOSCARNOMVISUAL-27-SPI,0.0,2026-05-03 00:00:00+00:00,KXOSCARNOMVISUAL,long_dated,607,
811,KXOSCARNOMVISUAL-27-DUN,0.0,2026-05-03 00:00:00+00:00,KXOSCARNOMVISUAL,long_dated,607,
812,KXOSCARNOMVISUAL-27-PRO,1.0,2026-05-03 00:00:00+00:00,KXOSCARNOMVISUAL,long_dated,607,175.0
812,KXOSCARNOMVISUAL-27-AVE,0.0,2026-05-03 00:00:00+00:00,KXOSCARNOMVISUAL,long_dated,607,
812,KXOSCARNOMVISUAL-27-NAR,0.0,2026-05-03 00:00:00+00:00,KXOSCARNOMVISUAL,long_dated,607,
812,KXOSCARNOMVISUAL-27-DUN,0.0,2026-05-03 00:00:00+00:00,KXOSCARNOMVISUAL,long_dated,607,
812,KXOSCARNOMVISUAL-27-SPI,0.0,2026-05-03 00:00:00+00:00,KXOSCARNOMVISUAL,long_dated,607,
814,KXSNL-28-SH,1.0,2026-05-03 00:00:00+00:00,KXSNL,long_dated,608,120.0
814,KXSNL-28-CJ,0.0,2026-05-03 00:00:00+00:00,KXSNL,long_dated,608,
814,KXSNL-28-KT,0.0,2026-05-03 00:00:00+00:00,KXSNL,long_dated,608,
814,KXSNL-28-MR,0.0,2026-05-03 00:00:00+00:00,KXSNL,long_dated,608,
814,KXSNL-28-MS,0.0,2026-05-03 00:00:00+00:00,KXSNL,long_dated,608,
814,KXSNL-28-BH,0.0,2026-05-03 00:00:00+00:00,KXSNL,long_dated,608,
814,KXSNL-28-JA,0.0,2026-05-03 00:00:00+00:00,KXSNL,long_dated,608,
815,KXSNL-28-SMEY,1.0,2026-05-03 00:00:00+00:00,KXSNL,long_dated,608,120.0
815,KXSNL-28-CJ,0.0,2026-05-03 00:00:00+00:00,KXSNL,long_dated,608,
815,KXSNL-28-KT,0.0,2026-05-03 00:00:00+00:00,KXSNL,long_dated,608,
815,KXSNL-28-MR,0.0,2026-05-03 00:00:00+00:00,KXSNL,long_dated,608,
815,KXSNL-28-MS,0.0,2026-05-03 00:00:00+00:00,KXSNL,long_dated,608,
815,KXSNL-28-BH,0.0,2026-05-03 00:00:00+00:00,KXSNL,long_dated,608,
815,KXSNL-28-JA,0.0,2026-05-03 00:00:00+00:00,KXSNL,long_dated,608,
816,KXSNL-28-TFEY,1.0,2026-05-03 00:00:00+00:00,KXSNL,long_dated,608,120.0
816,KXSNL-28-CJ,0.0,2026-05-03 00:00:00+00:00,KXSNL,long_dated,608,
816,KXSNL-28-KT,0.0,2026-05-03 00:00:00+00:00,KXSNL,long_dated,608,
816,KXSNL-28-MR,0.0,2026-05-03 00:00:00+00:00,KXSNL,long_dated,608,
816,KXSNL-28-MS,0.0,2026-05-03 00:00:00+00:00,KXSNL,long_dated,608,
816,KXSNL-28-BH,0.0,2026-05-03 00:00:00+00:00,KXSNL,long_dated,608,
816,KXSNL-28-JA,0.0,2026-05-03 00:00:00+00:00,KXSNL,long_dated,608,
817,KXTESLADELIVERYBY-27-500000,1.0,2026-05-03 00:00:00+00:00,KXTESLADELIVERYBY,long_dated,333,370.0
817,KXTESLADELIVERYBY-27-750000,0.0,2026-05-03 00:00:00+00:00,KXTESLADELIVERYBY,long_dated,333,
817,KXTESLADELIVERYBY-27-1000000,0.0,2026-05-03 00:00:00+00:00,KXTESLADELIVERYBY,long_dated,333,
817,KXTESLADELIVERYBY-27-1500000,0.0,2026-05-03 00:00:00+00:00,KXTESLADELIVERYBY,long_dated,333,
817,KXTESLADELIVERYBY-27-2000000,0.0,2026-05-03 00:00:00+00:00,KXTESLADELIVERYBY,long_dated,333,
818,KXTIMEDECADE20S-30-EMUS,1.0,2026-05-03 00:00:00+00:00,KXTIMEDECADE20S,long_dated,1369,190.0
818,KXTIMEDECADE20S-30-TAY,0.0,2026-05-03 00:00:00+00:00,KXTIMEDECADE20S,long_dated,1369,
818,KXTIMEDECADE20S-30-SALT,0.0,2026-05-03 00:00:00+00:00,KXTIMEDECADE20S,long_dated,1369,
818,KXTIMEDECADE20S-30-XJIN,0.0,2026-05-03 00:00:00+00:00,KXTIMEDECADE20S,long_dated,1369,
818,KXTIMEDECADE20S-30-JHUA,0.0,2026-05-03 00:00:00+00:00,KXTIMEDECADE20S,long_dated,1369,
819,KXTIMEDECADE20S-30-VZEL,1.0,2026-05-03 00:00:00+00:00,KXTIMEDECADE20S,long_dated,1369,190.0
819,KXTIMEDECADE20S-30-SALT,0.0,2026-05-03 00:00:00+00:00,KXTIMEDECADE20S,long_dated,1369,
819,KXTIMEDECADE20S-30-TAY,0.0,2026-05-03 00:00:00+00:00,KXTIMEDECADE20S,long_dated,1369,
819,KXTIMEDECADE20S-30-XJIN,0.0,2026-05-03 00:00:00+00:00,KXTIMEDECADE20S,long_dated,1369,
819,KXTIMEDECADE20S-30-JHUA,0.0,2026-05-03 00:00:00+00:00,KXTIMEDECADE20S,long_dated,1369,
820,KXTOPARTISTUSA-26-TAY,1.0,2026-05-03 00:00:00+00:00,KXTOPARTISTUSA,long_dated,242,330.0
820,KXTOPARTISTUSA-26-BTS,0.0,2026-05-03 00:00:00+00:00,KXTOPARTISTUSA,long_dated,242,
820,KXTOPARTISTUSA-26-BEY,0.0,2026-05-03 00:00:00+00:00,KXTOPARTISTUSA,long_dated,242,
820,KXTOPARTISTUSA-26-YE,0.0,2026-05-03 00:00:00+00:00,KXTOPARTISTUSA,long_dated,242,
820,KXTOPARTISTUSA-26-DJO,0.0,2026-05-03 00:00:00+00:00,KXTOPARTISTUSA,long_dated,242,
820,KXTOPARTISTUSA-26-ELL,0.0,2026-05-03 00:00:00+00:00,KXTOPARTISTUSA,long_dated,242,
820,KXTOPARTISTUSA-26-HAR,0.0,2026-05-03 00:00:00+00:00,KXTOPARTISTUSA,long_dated,242,
820,KXTOPARTISTUSA-26-SAB,0.0,2026-05-03 00:00:00+00:00,KXTOPARTISTUSA,long_dated,242,
820,KXTOPARTISTUSA-26-ZAC,0.0,2026-05-03 00:00:00+00:00,KXTOPARTISTUSA,long_dated,242,
821,KXTOPSONGSPOTIFY-26-END,1.0,2026-05-03 00:00:00+00:00,KXTOPSONGSPOTIFY,long_dated,242,245.0
821,KXTOPSONGSPOTIFY-26-SWI,0.0,2026-05-03 00:00:00+00:00,KXTOPSONGSPOTIFY,long_dated,242,
821,KXTOPSONGSPOTIFY-26-DTMF,0.0,2026-05-03 00:00:00+00:00,KXTOPSONGSPOTIFY,long_dated,242,
821,KXTOPSONGSPOTIFY-26-RAI,0.0,2026-05-03 00:00:00+00:00,KXTOPSONGSPOTIFY,long_dated,242,
821,KXTOPSONGSPOTIFY-26-DOM,0.0,2026-05-03 00:00:00+00:00,KXTOPSONGSPOTIFY,long_dated,242,
821,KXTOPSONGSPOTIFY-26-OLI,0.0,2026-05-03 00:00:00+00:00,KXTOPSONGSPOTIFY,long_dated,242,
821,KXTOPSONGSPOTIFY-26-PIN,0.0,2026-05-03 00:00:00+00:00,KXTOPSONGSPOTIFY,long_dated,242,
821,KXTOPSONGSPOTIFY-26-BRU,0.0,2026-05-03 00:00:00+00:00,KXTOPSONGSPOTIFY,long_dated,242,
821,KXTOPSONGSPOTIFY-26-APE,0.0,2026-05-03 00:00:00+00:00,KXTOPSONGSPOTIFY,long_dated,242,
821,KXTOPSONGSPOTIFY-26-APT,0.0,2026-05-03 00:00:00+00:00,KXTOPSONGSPOTIFY,long_dated,242,
821,KXTOPSONGSPOTIFY-26-BAC,0.0,2026-05-03 00:00:00+00:00,KXTOPSONGSPOTIFY,long_dated,242,
822,KXTRUMPFIRE-27-0,1.0,2026-05-03 00:00:00+00:00,KXTRUMPFIRE,long_dated,243,215.0
822,KXTRUMPFIRE-27-3,0.0,2026-05-03 00:00:00+00:00,KXTRUMPFIRE,long_dated,243,
822,KXTRUMPFIRE-27-2,0.0,2026-05-03 00:00:00+00:00,KXTRUMPFIRE,long_dated,243,
822,KXTRUMPFIRE-27-4,0.0,2026-05-03 00:00:00+00:00,KXTRUMPFIRE,long_dated,243,
822,KXTRUMPFIRE-27-5,0.0,2026-05-03 00:00:00+00:00,KXTRUMPFIRE,long_dated,243,
823,KXTRUMPFIRE-27-1,1.0,2026-05-03 00:00:00+00:00,KXTRUMPFIRE,long_dated,243,215.0
823,KXTRUMPFIRE-27-4,0.0,2026-05-03 00:00:00+00:00,KXTRUMPFIRE,long_dated,243,
823,KXTRUMPFIRE-27-5,0.0,2026-05-03 00:00:00+00:00,KXTRUMPFIRE,long_dated,243,
823,KXTRUMPFIRE-27-2,0.0,2026-05-03 00:00:00+00:00,KXTRUMPFIRE,long_dated,243,
823,KXTRUMPFIRE-27-3,0.0,2026-05-03 00:00:00+00:00,KXTRUMPFIRE,long_dated,243,
824,KXUSTESTSMATH-26-SD,1.0,2026-05-03 00:00:00+00:00,KXUSTESTSMATH,long_dated,607,305.0
824,KXUSTESTSMATH-26-NSD,0.0,2026-05-03 00:00:00+00:00,KXUSTESTSMATH,long_dated,607,
824,KXUSTESTSMATH-26-SI,0.0,2026-05-03 00:00:00+00:00,KXUSTESTSMATH,long_dated,607,
825,KXUSTESTSREADING-26-SD,1.0,2026-05-03 00:00:00+00:00,KXUSTESTSREADING,long_dated,607,380.0
825,KXUSTESTSREADING-26-NSD,0.0,2026-05-03 00:00:00+00:00,KXUSTESTSREADING,long_dated,607,
825,KXUSTESTSREADING-26-SI,0.0,2026-05-03 00:00:00+00:00,KXUSTESTSREADING,long_dated,607,
826,KXVPRESNOMD-28-AB,1.0,2026-05-03 00:00:00+00:00,KXVPRESNOMD,long_dated,919,115.0
826,KXVPRESNOMD-28-RGAL,0.0,2026-05-03 00:00:00+00:00,KXVPRESNOMD,long_dated,919,
826,KXVPRESNOMD-28-JS,0.0,2026-05-03 00:00:00+00:00,KXVPRESNOMD,long_dated,919,
826,KXVPRESNOMD-28-JOSS,0.0,2026-05-03 00:00:00+00:00,KXVPRESNOMD,long_dated,919,
826,KXVPRESNOMD-28-GN,0.0,2026-05-03 00:00:00+00:00,KXVPRESNOMD,long_dated,919,
826,KXVPRESNOMD-28-JTAL,0.0,2026-05-03 00:00:00+00:00,KXVPRESNOMD,long_dated,919,
826,KXVPRESNOMD-28-MKEL,0.0,2026-05-03 00:00:00+00:00,KXVPRESNOMD,long_dated,919,
826,KXVPRESNOMD-28-JBP,0.0,2026-05-03 00:00:00+00:00,KXVPRESNOMD,long_dated,919,
826,KXVPRESNOMD-28-ESLO,0.0,2026-05-03 00:00:00+00:00,KXVPRESNOMD,long_dated,919,
826,KXVPRESNOMD-28-RC,0.0,2026-05-03 00:00:00+00:00,KXVPRESNOMD,long_dated,919,
826,KXVPRESNOMD-28-RW,0.0,2026-05-03 00:00:00+00:00,KXVPRESNOMD,long_dated,919,
827,KXVPRESNOMD-28-AOC,1.0,2026-05-03 00:00:00+00:00,KXVPRESNOMD,long_dated,919,115.0
827,KXVPRESNOMD-28-RGAL,0.0,2026-05-03 00:00:00+00:00,KXVPRESNOMD,long_dated,919,
827,KXVPRESNOMD-28-JS,0.0,2026-05-03 00:00:00+00:00,KXVPRESNOMD,long_dated,919,
827,KXVPRESNOMD-28-JOSS,0.0,2026-05-03 00:00:00+00:00,KXVPRESNOMD,long_dated,919,
827,KXVPRESNOMD-28-GN,0.0,2026-05-03 00:00:00+00:00,KXVPRESNOMD,long_dated,919,
827,KXVPRESNOMD-28-JTAL,0.0,2026-05-03 00:00:00+00:00,KXVPRESNOMD,long_dated,919,
827,KXVPRESNOMD-28-MKEL,0.0,2026-05-03 00:00:00+00:00,KXVPRESNOMD,long_dated,919,
827,KXVPRESNOMD-28-JBP,0.0,2026-05-03 00:00:00+00:00,KXVPRESNOMD,long_dated,919,
827,KXVPRESNOMD-28-ESLO,0.0,2026-05-03 00:00:00+00:00,KXVPRESNOMD,long_dated,919,
827,KXVPRESNOMD-28-RC,0.0,2026-05-03 00:00:00+00:00,KXVPRESNOMD,long_dated,919,
827,KXVPRESNOMD-28-RW,0.0,2026-05-03 00:00:00+00:00,KXVPRESNOMD,long_dated,919,
828,KXVPRESNOMD-28-GW,1.0,2026-05-03 00:00:00+00:00,KXVPRESNOMD,long_dated,919,115.0
828,KXVPRESNOMD-28-RGAL,0.0,2026-05-03 00:00:00+00:00,KXVPRESNOMD,long_dated,919,
828,KXVPRESNOMD-28-JS,0.0,2026-05-03 00:00:00+00:00,KXVPRESNOMD,long_dated,919,
828,KXVPRESNOMD-28-JOSS,0.0,2026-05-03 00:00:00+00:00,KXVPRESNOMD,long_dated,919,
828,KXVPRESNOMD-28-GN,0.0,2026-05-03 00:00:00+00:00,KXVPRESNOMD,long_dated,919,
828,KXVPRESNOMD-28-JTAL,0.0,2026-05-03 00:00:00+00:00,KXVPRESNOMD,long_dated,919,
828,KXVPRESNOMD-28-MKEL,0.0,2026-05-03 00:00:00+00:00,KXVPRESNOMD,long_dated,919,
828,KXVPRESNOMD-28-JBP,0.0,2026-05-03 00:00:00+00:00,KXVPRESNOMD,long_dated,919,
828,KXVPRESNOMD-28-ESLO,0.0,2026-05-03 00:00:00+00:00,KXVPRESNOMD,long_dated,919,
828,KXVPRESNOMD-28-RC,0.0,2026-05-03 00:00:00+00:00,KXVPRESNOMD,long_dated,919,
828,KXVPRESNOMD-28-RW,0.0,2026-05-03 00:00:00+00:00,KXVPRESNOMD,long_dated,919,
829,KXVPRESNOMD-28-PB,1.0,2026-05-03 00:00:00+00:00,KXVPRESNOMD,long_dated,919,115.0
829,KXVPRESNOMD-28-RGAL,0.0,2026-05-03 00:00:00+00:00,KXVPRESNOMD,long_dated,919,
829,KXVPRESNOMD-28-JS,0.0,2026-05-03 00:00:00+00:00,KXVPRESNOMD,long_dated,919,
829,KXVPRESNOMD-28-JOSS,0.0,2026-05-03 00:00:00+00:00,KXVPRESNOMD,long_dated,919,
829,KXVPRESNOMD-28-GN,0.0,2026-05-03 00:00:00+00:00,KXVPRESNOMD,long_dated,919,
829,KXVPRESNOMD-28-JTAL,0.0,2026-05-03 00:00:00+00:00,KXVPRESNOMD,long_dated,919,
829,KXVPRESNOMD-28-MKEL,0.0,2026-05-03 00:00:00+00:00,KXVPRESNOMD,long_dated,919,
829,KXVPRESNOMD-28-JBP,0.0,2026-05-03 00:00:00+00:00,KXVPRESNOMD,long_dated,919,
829,KXVPRESNOMD-28-ESLO,0.0,2026-05-03 00:00:00+00:00,KXVPRESNOMD,long_dated,919,
829,KXVPRESNOMD-28-RC,0.0,2026-05-03 00:00:00+00:00,KXVPRESNOMD,long_dated,919,
829,KXVPRESNOMD-28-RW,0.0,2026-05-03 00:00:00+00:00,KXVPRESNOMD,long_dated,919,
830,KXVPRESNOMD-28-WM,1.0,2026-05-03 00:00:00+00:00,KXVPRESNOMD,long_dated,919,115.0
830,KXVPRESNOMD-28-GN,0.0,2026-05-03 00:00:00+00:00,KXVPRESNOMD,long_dated,919,
830,KXVPRESNOMD-28-JTAL,0.0,2026-05-03 00:00:00+00:00,KXVPRESNOMD,long_dated,919,
830,KXVPRESNOMD-28-JOSS,0.0,2026-05-03 00:00:00+00:00,KXVPRESNOMD,long_dated,919,
830,KXVPRESNOMD-28-MKEL,0.0,2026-05-03 00:00:00+00:00,KXVPRESNOMD,long_dated,919,
830,KXVPRESNOMD-28-JS,0.0,2026-05-03 00:00:00+00:00,KXVPRESNOMD,long_dated,919,
830,KXVPRESNOMD-28-RGAL,0.0,2026-05-03 00:00:00+00:00,KXVPRESNOMD,long_dated,919,
830,KXVPRESNOMD-28-JBP,0.0,2026-05-03 00:00:00+00:00,KXVPRESNOMD,long_dated,919,
830,KXVPRESNOMD-28-ESLO,0.0,2026-05-03 00:00:00+00:00,KXVPRESNOMD,long_dated,919,
830,KXVPRESNOMD-28-RC,0.0,2026-05-03 00:00:00+00:00,KXVPRESNOMD,long_dated,919,
830,KXVPRESNOMD-28-RW,0.0,2026-05-03 00:00:00+00:00,KXVPRESNOMD,long_dated,919,
831,MOON-27DEC31,1.0,2026-05-03 00:00:00+00:00,KXMOON,long_dated,607,220.0
831,MOON-28DEC31,0.0,2026-05-03 00:00:00+00:00,KXMOON,long_dated,607,
831,MOON-29DEC31,0.0,2026-05-03 00:00:00+00:00,KXMOON,long_dated,607,
832,SENATEFLS-26-D,1.0,2026-05-03 00:00:00+00:00,SENATEFLS,long_dated,549,130.0
832,SENATEFLS-26-R,0.0,2026-05-03 00:00:00+00:00,SENATEFLS,long_dated,549,
833,SENATEGA-26-R,1.0,2026-05-03 00:00:00+00:00,SENATEGA,long_dated,549,150.0
833,SENATEGA-26-D,0.0,2026-05-03 00:00:00+00:00,SENATEGA,long_dated,549,
833,SENATEGA-28-R,0.0,2026-05-03 00:00:00+00:00,SENATEGA,long_dated,549,
833,SENATEGA-28-D,0.0,2026-05-03 00:00:00+00:00,SENATEGA,long_dated,549,
834,SENATELA-26-R,1.0,2026-05-03 00:00:00+00:00,SENATELA,long_dated,549,210.0
834,SENATELA-28-D,0.0,2026-05-03 00:00:00+00:00,SENATELA,long_dated,549,
834,SENATELA-26-D,0.0,2026-05-03 00:00:00+00:00,SENATELA,long_dated,549,
834,SENATELA-28-R,0.0,2026-05-03 00:00:00+00:00,SENATELA,long_dated,549,
835,SENATEME-26-R,1.0,2026-05-03 00:00:00+00:00,SENATEME,long_dated,549,150.0
835,SENATEME-26-D,0.0,2026-05-03 00:00:00+00:00,SENATEME,long_dated,549,
838,KXADP-26JUL-T-25000,1.0,2026-05-06 00:00:00+00:00,KXADP,other,91,25.0
838,KXADP-26OCT-T125000,0.0,2026-05-06 00:00:00+00:00,KXADP,other,91,
838,KXADP-26NOV-T-25000,0.0,2026-05-06 00:00:00+00:00,KXADP,other,91,
838,KXADP-26OCT-T-25000,0.0,2026-05-06 00:00:00+00:00,KXADP,other,91,
838,KXADP-26AUG-T125000,0.0,2026-05-06 00:00:00+00:00,KXADP,other,91,
838,KXADP-26NOV-T125000,0.0,2026-05-06 00:00:00+00:00,KXADP,other,91,
838,KXADP-26SEP-T125000,0.0,2026-05-06 00:00:00+00:00,KXADP,other,91,
838,KXADP-26AUG-T100000,0.0,2026-05-06 00:00:00+00:00,KXADP,other,91,
838,KXADP-26SEP-T100000,0.0,2026-05-06 00:00:00+00:00,KXADP,other,91,
838,KXADP-26NOV-T100000,0.0,2026-05-06 00:00:00+00:00,KXADP,other,91,
838,KXADP-26SEP-T-25000,0.0,2026-05-06 00:00:00+00:00,KXADP,other,91,
839,KXADP-26JUL-T0,1.0,2026-05-06 00:00:00+00:00,KXADP,other,91,25.0
839,KXADP-26NOV-T0,0.0,2026-05-06 00:00:00+00:00,KXADP,other,91,
839,KXADP-26NOV-T75000,0.0,2026-05-06 00:00:00+00:00,KXADP,other,91,
839,KXADP-26SEP-T75000,0.0,2026-05-06 00:00:00+00:00,KXADP,other,91,
839,KXADP-26AUG-T75000,0.0,2026-05-06 00:00:00+00:00,KXADP,other,91,
839,KXADP-26OCT-T25000,0.0,2026-05-06 00:00:00+00:00,KXADP,other,91,
839,KXADP-26OCT-T0,0.0,2026-05-06 00:00:00+00:00,KXADP,other,91,
839,KXADP-26AUG-T-25000,0.0,2026-05-06 00:00:00+00:00,KXADP,other,91,
839,KXADP-26SEP-T0,0.0,2026-05-06 00:00:00+00:00,KXADP,other,91,
839,KXADP-26OCT-T100000,0.0,2026-05-06 00:00:00+00:00,KXADP,other,91,
839,KXADP-26AUG-T0,0.0,2026-05-06 00:00:00+00:00,KXADP,other,91,
840,KXADP-26JUL-T100000,1.0,2026-05-06 00:00:00+00:00,KXADP,other,91,25.0
840,KXADP-26SEP-T100000,0.0,2026-05-06 00:00:00+00:00,KXADP,other,91,
840,KXADP-26AUG-T100000,0.0,2026-05-06 00:00:00+00:00,KXADP,other,91,
840,KXADP-26AUG-T125000,0.0,2026-05-06 00:00:00+00:00,KXADP,other,91,
840,KXADP-26NOV-T125000,0.0,2026-05-06 00:00:00+00:00,KXADP,other,91,
840,KXADP-26SEP-T125000,0.0,2026-05-06 00:00:00+00:00,KXADP,other,91,
840,KXADP-26NOV-T100000,0.0,2026-05-06 00:00:00+00:00,KXADP,other,91,
840,KXADP-26SEP-T-25000,0.0,2026-05-06 00:00:00+00:00,KXADP,other,91,
840,KXADP-26OCT-T-25000,0.0,2026-05-06 00:00:00+00:00,KXADP,other,91,
840,KXADP-26NOV-T-25000,0.0,2026-05-06 00:00:00+00:00,KXADP,other,91,
840,KXADP-26OCT-T125000,0.0,2026-05-06 00:00:00+00:00,KXADP,other,91,
841,KXADP-26JUL-T125000,1.0,2026-05-06 00:00:00+00:00,KXADP,other,91,25.0
841,KXADP-26AUG-T125000,0.0,2026-05-06 00:00:00+00:00,KXADP,other,91,
841,KXADP-26NOV-T125000,0.0,2026-05-06 00:00:00+00:00,KXADP,other,91,
841,KXADP-26SEP-T125000,0.0,2026-05-06 00:00:00+00:00,KXADP,other,91,
841,KXADP-26AUG-T100000,0.0,2026-05-06 00:00:00+00:00,KXADP,other,91,
841,KXADP-26SEP-T100000,0.0,2026-05-06 00:00:00+00:00,KXADP,other,91,
841,KXADP-26OCT-T-25000,0.0,2026-05-06 00:00:00+00:00,KXADP,other,91,
841,KXADP-26NOV-T-25000,0.0,2026-05-06 00:00:00+00:00,KXADP,other,91,
841,KXADP-26NOV-T100000,0.0,2026-05-06 00:00:00+00:00,KXADP,other,91,
841,KXADP-26SEP-T-25000,0.0,2026-05-06 00:00:00+00:00,KXADP,other,91,
841,KXADP-26OCT-T125000,0.0,2026-05-06 00:00:00+00:00,KXADP,other,91,
842,KXADP-26JUL-T25000,1.0,2026-05-06 00:00:00+00:00,KXADP,other,91,25.0
842,KXADP-26SEP-T50000,0.0,2026-05-06 00:00:00+00:00,KXADP,other,91,
842,KXADP-26AUG-T50000,0.0,2026-05-06 00:00:00+00:00,KXADP,other,91,
842,KXADP-26NOV-T25000,0.0,2026-05-06 00:00:00+00:00,KXADP,other,91,
842,KXADP-26NOV-T50000,0.0,2026-05-06 00:00:00+00:00,KXADP,other,91,
842,KXADP-26SEP-T25000,0.0,2026-05-06 00:00:00+00:00,KXADP,other,91,
842,KXADP-26OCT-T50000,0.0,2026-05-06 00:00:00+00:00,KXADP,other,91,
842,KXADP-26OCT-T75000,0.0,2026-05-06 00:00:00+00:00,KXADP,other,91,
842,KXADP-26AUG-T0,0.0,2026-05-06 00:00:00+00:00,KXADP,other,91,
842,KXADP-26AUG-T25000,0.0,2026-05-06 00:00:00+00:00,KXADP,other,91,
842,KXADP-26SEP-T0,0.0,2026-05-06 00:00:00+00:00,KXADP,other,91,
843,KXADP-26JUL-T50000,1.0,2026-05-06 00:00:00+00:00,KXADP,other,91,25.0
843,KXADP-26NOV-T50000,0.0,2026-05-06 00:00:00+00:00,KXADP,other,91,
843,KXADP-26NOV-T25000,0.0,2026-05-06 00:00:00+00:00,KXADP,other,91,
843,KXADP-26SEP-T50000,0.0,2026-05-06 00:00:00+00:00,KXADP,other,91,
843,KXADP-26SEP-T25000,0.0,2026-05-06 00:00:00+00:00,KXADP,other,91,
843,KXADP-26OCT-T50000,0.0,2026-05-06 00:00:00+00:00,KXADP,other,91,
843,KXADP-26AUG-T50000,0.0,2026-05-06 00:00:00+00:00,KXADP,other,91,
843,KXADP-26AUG-T25000,0.0,2026-05-06 00:00:00+00:00,KXADP,other,91,
843,KXADP-26OCT-T75000,0.0,2026-05-06 00:00:00+00:00,KXADP,other,91,
843,KXADP-26AUG-T0,0.0,2026-05-06 00:00:00+00:00,KXADP,other,91,
843,KXADP-26SEP-T0,0.0,2026-05-06 00:00:00+00:00,KXADP,other,91,
844,KXADP-26JUL-T75000,1.0,2026-05-06 00:00:00+00:00,KXADP,other,91,25.0
844,KXADP-26SEP-T75000,0.0,2026-05-06 00:00:00+00:00,KXADP,other,91,
844,KXADP-26AUG-T75000,0.0,2026-05-06 00:00:00+00:00,KXADP,other,91,
844,KXADP-26NOV-T75000,0.0,2026-05-06 00:00:00+00:00,KXADP,other,91,
844,KXADP-26OCT-T0,0.0,2026-05-06 00:00:00+00:00,KXADP,other,91,
844,KXADP-26AUG-T-25000,0.0,2026-05-06 00:00:00+00:00,KXADP,other,91,
844,KXADP-26OCT-T100000,0.0,2026-05-06 00:00:00+00:00,KXADP,other,91,
844,KXADP-26NOV-T0,0.0,2026-05-06 00:00:00+00:00,KXADP,other,91,
844,KXADP-26OCT-T25000,0.0,2026-05-06 00:00:00+00:00,KXADP,other,91,
844,KXADP-26SEP-T-25000,0.0,2026-05-06 00:00:00+00:00,KXADP,other,91,
844,KXADP-26SEP-T0,0.0,2026-05-06 00:00:00+00:00,KXADP,other,91,
845,GTA6-26DEC31,1.0,2026-05-10 00:00:00+00:00,KXGTA6,long_dated,236,640.0
845,GTA6-26JUL31,0.0,2026-05-10 00:00:00+00:00,KXGTA6,long_dated,236,
846,HOUSEIA3-26-D,1.0,2026-05-10 00:00:00+00:00,HOUSEIA3,long_dated,542,110.0
846,HOUSEIA3-26-R,0.0,2026-05-10 00:00:00+00:00,HOUSEIA3,long_dated,542,
847,KXAAAGASMAXCA-26DEC31-7.00,1.0,2026-05-10 00:00:00+00:00,KXAAAGASMAXCA,long_dated,235,80.0
847,KXAAAGASMAXCA-26DEC31-6.40,0.0,2026-05-10 00:00:00+00:00,KXAAAGASMAXCA,long_dated,235,
847,KXAAAGASMAXCA-26DEC31-6.60,0.0,2026-05-10 00:00:00+00:00,KXAAAGASMAXCA,long_dated,235,
847,KXAAAGASMAXCA-26DEC31-6.80,0.0,2026-05-10 00:00:00+00:00,KXAAAGASMAXCA,long_dated,235,
847,KXAAAGASMAXCA-26DEC31-6.20,0.0,2026-05-10 00:00:00+00:00,KXAAAGASMAXCA,long_dated,235,
848,KXEARTHQUAKECALIFORNIA-27,1.0,2026-05-10 00:00:00+00:00,KXEARTHQUAKECALIFORNIA,long_dated,236,385.0
848,KXEARTHQUAKECALIFORNIA-28,0.0,2026-05-10 00:00:00+00:00,KXEARTHQUAKECALIFORNIA,long_dated,236,
849,KXFEDDECISION-26OCT-H0,1.0,2026-05-10 00:00:00+00:00,KXFEDDECISION,long_dated,171,375.0
849,KXFEDDECISION-27JAN-H25,0.0,2026-05-10 00:00:00+00:00,KXFEDDECISION,long_dated,171,
849,KXFEDDECISION-27DEC-C25,0.0,2026-05-10 00:00:00+00:00,KXFEDDECISION,long_dated,171,
849,KXFEDDECISION-27JAN-C26,0.0,2026-05-10 00:00:00+00:00,KXFEDDECISION,long_dated,171,
849,KXFEDDECISION-27OCT-C25,0.0,2026-05-10 00:00:00+00:00,KXFEDDECISION,long_dated,171,
849,KXFEDDECISION-27JUN-C25,0.0,2026-05-10 00:00:00+00:00,KXFEDDECISION,long_dated,171,
849,KXFEDDECISION-27SEP-C25,0.0,2026-05-10 00:00:00+00:00,KXFEDDECISION,long_dated,171,
849,KXFEDDECISION-27JAN-C25,0.0,2026-05-10 00:00:00+00:00,KXFEDDECISION,long_dated,171,
849,KXFEDDECISION-28JAN-C25,0.0,2026-05-10 00:00:00+00:00,KXFEDDECISION,long_dated,171,
849,KXFEDDECISION-27APR-C25,0.0,2026-05-10 00:00:00+00:00,KXFEDDECISION,long_dated,171,
849,KXFEDDECISION-26JUL-H0,0.0,2026-05-10 00:00:00+00:00,KXFEDDECISION,long_dated,171,
850,KXFEDDECISION-26SEP-C25,1.0,2026-05-10 00:00:00+00:00,KXFEDDECISION,long_dated,129,240.0
850,KXFEDDECISION-27SEP-C25,0.0,2026-05-10 00:00:00+00:00,KXFEDDECISION,long_dated,129,
850,KXFEDDECISION-27OCT-C25,0.0,2026-05-10 00:00:00+00:00,KXFEDDECISION,long_dated,129,
850,KXFEDDECISION-27JAN-H25,0.0,2026-05-10 00:00:00+00:00,KXFEDDECISION,long_dated,129,
850,KXFEDDECISION-27DEC-C25,0.0,2026-05-10 00:00:00+00:00,KXFEDDECISION,long_dated,129,
850,KXFEDDECISION-27JAN-C26,0.0,2026-05-10 00:00:00+00:00,KXFEDDECISION,long_dated,129,
850,KXFEDDECISION-27JUN-C25,0.0,2026-05-10 00:00:00+00:00,KXFEDDECISION,long_dated,129,
850,KXFEDDECISION-27JAN-C25,0.0,2026-05-10 00:00:00+00:00,KXFEDDECISION,long_dated,129,
850,KXFEDDECISION-26SEP-H0,0.0,2026-05-10 00:00:00+00:00,KXFEDDECISION,long_dated,129,
850,KXFEDDECISION-27JUN-H0,0.0,2026-05-10 00:00:00+00:00,KXFEDDECISION,long_dated,129,
850,KXFEDDECISION-28JAN-C25,0.0,2026-05-10 00:00:00+00:00,KXFEDDECISION,long_dated,129,
851,KXGOVFLNOMR-26-JFIS,1.0,2026-05-10 00:00:00+00:00,KXGOVFLNOMR,long_dated,101,70.0
851,KXGOVFLNOMR-26-JCOL,0.0,2026-05-10 00:00:00+00:00,KXGOVFLNOMR,long_dated,101,
851,KXGOVFLNOMR-26-WS,0.0,2026-05-10 00:00:00+00:00,KXGOVFLNOMR,long_dated,101,
851,KXGOVFLNOMR-26-CBUR,0.0,2026-05-10 00:00:00+00:00,KXGOVFLNOMR,long_dated,101,
851,KXGOVFLNOMR-26-JP,0.0,2026-05-10 00:00:00+00:00,KXGOVFLNOMR,long_dated,101,
851,KXGOVFLNOMR-26-MG,0.0,2026-05-10 00:00:00+00:00,KXGOVFLNOMR,long_dated,101,
852,KXGOVFLNOMR-26-PREN,1.0,2026-05-10 00:00:00+00:00,KXGOVFLNOMR,long_dated,101,70.0
852,KXGOVFLNOMR-26-WS,0.0,2026-05-10 00:00:00+00:00,KXGOVFLNOMR,long_dated,101,
852,KXGOVFLNOMR-26-CBUR,0.0,2026-05-10 00:00:00+00:00,KXGOVFLNOMR,long_dated,101,
852,KXGOVFLNOMR-26-JP,0.0,2026-05-10 00:00:00+00:00,KXGOVFLNOMR,long_dated,101,
852,KXGOVFLNOMR-26-MG,0.0,2026-05-10 00:00:00+00:00,KXGOVFLNOMR,long_dated,101,
852,KXGOVFLNOMR-26-JCOL,0.0,2026-05-10 00:00:00+00:00,KXGOVFLNOMR,long_dated,101,
853,KXGOVTNNOMR-2-26-JROS,1.0,2026-05-10 00:00:00+00:00,KXGOVTNNOMR,long_dated,89,385.0
853,KXGOVTNNOMR-2-26-MBLA,0.0,2026-05-10 00:00:00+00:00,KXGOVTNNOMR,long_dated,89,
854,KXGRAMMYNOMAOTY-69-ARI,1.0,2026-05-10 00:00:00+00:00,KXGRAMMYNOMAOTY,long_dated,540,95.0
854,KXGRAMMYNOMAOTY-69-DAN,0.0,2026-05-10 00:00:00+00:00,KXGRAMMYNOMAOTY,long_dated,540,
854,KXGRAMMYNOMAOTY-69-LUX,0.0,2026-05-10 00:00:00+00:00,KXGRAMMYNOMAOTY,long_dated,540,
854,KXGRAMMYNOMAOTY-69-GRE,0.0,2026-05-10 00:00:00+00:00,KXGRAMMYNOMAOTY,long_dated,540,
854,KXGRAMMYNOMAOTY-69-KIS,0.0,2026-05-10 00:00:00+00:00,KXGRAMMYNOMAOTY,long_dated,540,
854,KXGRAMMYNOMAOTY-69-LIF,0.0,2026-05-10 00:00:00+00:00,KXGRAMMYNOMAOTY,long_dated,540,
854,KXGRAMMYNOMAOTY-69-ICE,0.0,2026-05-10 00:00:00+00:00,KXGRAMMYNOMAOTY,long_dated,540,
855,KXGRAMMYNOMAOTY-69-ART,1.0,2026-05-10 00:00:00+00:00,KXGRAMMYNOMAOTY,long_dated,540,95.0
855,KXGRAMMYNOMAOTY-69-LIF,0.0,2026-05-10 00:00:00+00:00,KXGRAMMYNOMAOTY,long_dated,540,
855,KXGRAMMYNOMAOTY-69-KIS,0.0,2026-05-10 00:00:00+00:00,KXGRAMMYNOMAOTY,long_dated,540,
855,KXGRAMMYNOMAOTY-69-ICE,0.0,2026-05-10 00:00:00+00:00,KXGRAMMYNOMAOTY,long_dated,540,
855,KXGRAMMYNOMAOTY-69-GRE,0.0,2026-05-10 00:00:00+00:00,KXGRAMMYNOMAOTY,long_dated,540,
855,KXGRAMMYNOMAOTY-69-LUX,0.0,2026-05-10 00:00:00+00:00,KXGRAMMYNOMAOTY,long_dated,540,
855,KXGRAMMYNOMAOTY-69-DAN,0.0,2026-05-10 00:00:00+00:00,KXGRAMMYNOMAOTY,long_dated,540,
856,KXGRAMMYNOMAOTY-69-ROM,1.0,2026-05-10 00:00:00+00:00,KXGRAMMYNOMAOTY,long_dated,540,95.0
856,KXGRAMMYNOMAOTY-69-LIF,0.0,2026-05-10 00:00:00+00:00,KXGRAMMYNOMAOTY,long_dated,540,
856,KXGRAMMYNOMAOTY-69-KIS,0.0,2026-05-10 00:00:00+00:00,KXGRAMMYNOMAOTY,long_dated,540,
856,KXGRAMMYNOMAOTY-69-ICE,0.0,2026-05-10 00:00:00+00:00,KXGRAMMYNOMAOTY,long_dated,540,
856,KXGRAMMYNOMAOTY-69-GRE,0.0,2026-05-10 00:00:00+00:00,KXGRAMMYNOMAOTY,long_dated,540,
856,KXGRAMMYNOMAOTY-69-LUX,0.0,2026-05-10 00:00:00+00:00,KXGRAMMYNOMAOTY,long_dated,540,
856,KXGRAMMYNOMAOTY-69-DAN,0.0,2026-05-10 00:00:00+00:00,KXGRAMMYNOMAOTY,long_dated,540,
857,KXHOUSERACE-AR01-26-D,1.0,2026-05-10 00:00:00+00:00,KXHOUSERACE,long_dated,542,140.0
857,KXHOUSERACE-KS01-26-D,0.0,2026-05-10 00:00:00+00:00,KXHOUSERACE,long_dated,542,
857,KXHOUSERACE-WV01-26-R,0.0,2026-05-10 00:00:00+00:00,KXHOUSERACE,long_dated,542,
857,KXHOUSERACE-WV01-26-D,0.0,2026-05-10 00:00:00+00:00,KXHOUSERACE,long_dated,542,
857,KXHOUSERACE-VA09-26-D,0.0,2026-05-10 00:00:00+00:00,KXHOUSERACE,long_dated,542,
857,KXHOUSERACE-OH04-26-D,0.0,2026-05-10 00:00:00+00:00,KXHOUSERACE,long_dated,542,
857,KXHOUSERACE-KS01-26-R,0.0,2026-05-10 00:00:00+00:00,KXHOUSERACE,long_dated,542,
857,KXHOUSERACE-FL06-26-D,0.0,2026-05-10 00:00:00+00:00,KXHOUSERACE,long_dated,542,
857,KXHOUSERACE-FL06-26-R,0.0,2026-05-10 00:00:00+00:00,KXHOUSERACE,long_dated,542,
857,KXHOUSERACE-MI05-26-D,0.0,2026-05-10 00:00:00+00:00,KXHOUSERACE,long_dated,542,
857,KXHOUSERACE-MN05-26-R,0.0,2026-05-10 00:00:00+00:00,KXHOUSERACE,long_dated,542,
858,KXHOUSERACE-AR01-26-R,1.0,2026-05-10 00:00:00+00:00,KXHOUSERACE,long_dated,542,140.0
858,KXHOUSERACE-VA09-26-D,0.0,2026-05-10 00:00:00+00:00,KXHOUSERACE,long_dated,542,
858,KXHOUSERACE-WV01-26-D,0.0,2026-05-10 00:00:00+00:00,KXHOUSERACE,long_dated,542,
858,KXHOUSERACE-KS01-26-D,0.0,2026-05-10 00:00:00+00:00,KXHOUSERACE,long_dated,542,
858,KXHOUSERACE-KS01-26-R,0.0,2026-05-10 00:00:00+00:00,KXHOUSERACE,long_dated,542,
858,KXHOUSERACE-FL06-26-D,0.0,2026-05-10 00:00:00+00:00,KXHOUSERACE,long_dated,542,
858,KXHOUSERACE-WV01-26-R,0.0,2026-05-10 00:00:00+00:00,KXHOUSERACE,long_dated,542,
858,KXHOUSERACE-OH04-26-D,0.0,2026-05-10 00:00:00+00:00,KXHOUSERACE,long_dated,542,
858,KXHOUSERACE-FL06-26-R,0.0,2026-05-10 00:00:00+00:00,KXHOUSERACE,long_dated,542,
858,KXHOUSERACE-MI05-26-D,0.0,2026-05-10 00:00:00+00:00,KXHOUSERACE,long_dated,542,
858,KXHOUSERACE-MI05-26-R,0.0,2026-05-10 00:00:00+00:00,KXHOUSERACE,long_dated,542,
860,KXLAPRIMARY-01D26-JLON,1.0,2026-05-10 00:00:00+00:00,KXLAPRIMARY,long_dated,542,375.0
860,KXLAPRIMARY-06R26-CJOH,0.0,2026-05-10 00:00:00+00:00,KXLAPRIMARY,long_dated,542,
860,KXLAPRIMARY-05R26-MCOR,0.0,2026-05-10 00:00:00+00:00,KXLAPRIMARY,long_dated,542,
860,KXLAPRIMARY-05R26-AMAG,0.0,2026-05-10 00:00:00+00:00,KXLAPRIMARY,long_dated,542,
860,KXLAPRIMARY-05R26-MMEB,0.0,2026-05-10 00:00:00+00:00,KXLAPRIMARY,long_dated,542,
860,KXLAPRIMARY-05R26-SWYA,0.0,2026-05-10 00:00:00+00:00,KXLAPRIMARY,long_dated,542,
860,KXLAPRIMARY-06R26-PWIL,0.0,2026-05-10 00:00:00+00:00,KXLAPRIMARY,long_dated,542,
860,KXLAPRIMARY-05R26-REDM,0.0,2026-05-10 00:00:00+00:00,KXLAPRIMARY,long_dated,542,
860,KXLAPRIMARY-05R26-BMIG,0.0,2026-05-10 00:00:00+00:00,KXLAPRIMARY,long_dated,542,
860,KXLAPRIMARY-06R26-MAPP,0.0,2026-05-10 00:00:00+00:00,KXLAPRIMARY,long_dated,542,
861,KXLAPRIMARY-01D26-LJEW,1.0,2026-05-10 00:00:00+00:00,KXLAPRIMARY,long_dated,542,590.0
861,KXLAPRIMARY-06R26-PWIL,0.0,2026-05-10 00:00:00+00:00,KXLAPRIMARY,long_dated,542,
861,KXLAPRIMARY-05R26-REDM,0.0,2026-05-10 00:00:00+00:00,KXLAPRIMARY,long_dated,542,
861,KXLAPRIMARY-06R26-CJOH,0.0,2026-05-10 00:00:00+00:00,KXLAPRIMARY,long_dated,542,
861,KXLAPRIMARY-05R26-MCOR,0.0,2026-05-10 00:00:00+00:00,KXLAPRIMARY,long_dated,542,
861,KXLAPRIMARY-05R26-AMAG,0.0,2026-05-10 00:00:00+00:00,KXLAPRIMARY,long_dated,542,
861,KXLAPRIMARY-05R26-MMEB,0.0,2026-05-10 00:00:00+00:00,KXLAPRIMARY,long_dated,542,
861,KXLAPRIMARY-05R26-SWYA,0.0,2026-05-10 00:00:00+00:00,KXLAPRIMARY,long_dated,542,
861,KXLAPRIMARY-05R26-BMIG,0.0,2026-05-10 00:00:00+00:00,KXLAPRIMARY,long_dated,542,
861,KXLAPRIMARY-06R26-MAPP,0.0,2026-05-10 00:00:00+00:00,KXLAPRIMARY,long_dated,542,
862,KXLAPRIMARY-01R26-RARR,1.0,2026-05-10 00:00:00+00:00,KXLAPRIMARY,long_dated,542,270.0
862,KXLAPRIMARY-06R26-CJOH,0.0,2026-05-10 00:00:00+00:00,KXLAPRIMARY,long_dated,542,
862,KXLAPRIMARY-05R26-MCOR,0.0,2026-05-10 00:00:00+00:00,KXLAPRIMARY,long_dated,542,
862,KXLAPRIMARY-05R26-AMAG,0.0,2026-05-10 00:00:00+00:00,KXLAPRIMARY,long_dated,542,
862,KXLAPRIMARY-05R26-MMEB,0.0,2026-05-10 00:00:00+00:00,KXLAPRIMARY,long_dated,542,
862,KXLAPRIMARY-05R26-SWYA,0.0,2026-05-10 00:00:00+00:00,KXLAPRIMARY,long_dated,542,
862,KXLAPRIMARY-06R26-PWIL,0.0,2026-05-10 00:00:00+00:00,KXLAPRIMARY,long_dated,542,
862,KXLAPRIMARY-05R26-REDM,0.0,2026-05-10 00:00:00+00:00,KXLAPRIMARY,long_dated,542,
862,KXLAPRIMARY-05R26-BMIG,0.0,2026-05-10 00:00:00+00:00,KXLAPRIMARY,long_dated,542,
862,KXLAPRIMARY-06R26-MAPP,0.0,2026-05-10 00:00:00+00:00,KXLAPRIMARY,long_dated,542,
863,KXLAPRIMARY-01R26-SSCA,1.0,2026-05-10 00:00:00+00:00,KXLAPRIMARY,long_dated,542,845.0
863,KXLAPRIMARY-05R26-REDM,0.0,2026-05-10 00:00:00+00:00,KXLAPRIMARY,long_dated,542,
863,KXLAPRIMARY-06R26-PWIL,0.0,2026-05-10 00:00:00+00:00,KXLAPRIMARY,long_dated,542,
863,KXLAPRIMARY-06R26-CJOH,0.0,2026-05-10 00:00:00+00:00,KXLAPRIMARY,long_dated,542,
863,KXLAPRIMARY-05R26-MCOR,0.0,2026-05-10 00:00:00+00:00,KXLAPRIMARY,long_dated,542,
863,KXLAPRIMARY-05R26-AMAG,0.0,2026-05-10 00:00:00+00:00,KXLAPRIMARY,long_dated,542,
863,KXLAPRIMARY-05R26-MMEB,0.0,2026-05-10 00:00:00+00:00,KXLAPRIMARY,long_dated,542,
863,KXLAPRIMARY-05R26-SWYA,0.0,2026-05-10 00:00:00+00:00,KXLAPRIMARY,long_dated,542,
863,KXLAPRIMARY-05R26-BMIG,0.0,2026-05-10 00:00:00+00:00,KXLAPRIMARY,long_dated,542,
863,KXLAPRIMARY-06R26-MAPP,0.0,2026-05-10 00:00:00+00:00,KXLAPRIMARY,long_dated,542,
864,KXLAPRIMARY-02D26-RCOL,1.0,2026-05-10 00:00:00+00:00,KXLAPRIMARY,long_dated,542,205.0
864,KXLAPRIMARY-06R26-CJOH,0.0,2026-05-10 00:00:00+00:00,KXLAPRIMARY,long_dated,542,
864,KXLAPRIMARY-05R26-MCOR,0.0,2026-05-10 00:00:00+00:00,KXLAPRIMARY,long_dated,542,
864,KXLAPRIMARY-05R26-AMAG,0.0,2026-05-10 00:00:00+00:00,KXLAPRIMARY,long_dated,542,
864,KXLAPRIMARY-05R26-MMEB,0.0,2026-05-10 00:00:00+00:00,KXLAPRIMARY,long_dated,542,
864,KXLAPRIMARY-05R26-SWYA,0.0,2026-05-10 00:00:00+00:00,KXLAPRIMARY,long_dated,542,
864,KXLAPRIMARY-06R26-PWIL,0.0,2026-05-10 00:00:00+00:00,KXLAPRIMARY,long_dated,542,
864,KXLAPRIMARY-05R26-REDM,0.0,2026-05-10 00:00:00+00:00,KXLAPRIMARY,long_dated,542,
864,KXLAPRIMARY-05R26-BMIG,0.0,2026-05-10 00:00:00+00:00,KXLAPRIMARY,long_dated,542,
864,KXLAPRIMARY-06R26-MAPP,0.0,2026-05-10 00:00:00+00:00,KXLAPRIMARY,long_dated,542,
865,KXLAPRIMARY-02D26-TCAR,1.0,2026-05-10 00:00:00+00:00,KXLAPRIMARY,long_dated,542,205.0
865,KXLAPRIMARY-06R26-PWIL,0.0,2026-05-10 00:00:00+00:00,KXLAPRIMARY,long_dated,542,
865,KXLAPRIMARY-05R26-REDM,0.0,2026-05-10 00:00:00+00:00,KXLAPRIMARY,long_dated,542,
865,KXLAPRIMARY-06R26-CJOH,0.0,2026-05-10 00:00:00+00:00,KXLAPRIMARY,long_dated,542,
865,KXLAPRIMARY-05R26-MCOR,0.0,2026-05-10 00:00:00+00:00,KXLAPRIMARY,long_dated,542,
865,KXLAPRIMARY-05R26-AMAG,0.0,2026-05-10 00:00:00+00:00,KXLAPRIMARY,long_dated,542,
865,KXLAPRIMARY-05R26-MMEB,0.0,2026-05-10 00:00:00+00:00,KXLAPRIMARY,long_dated,542,
865,KXLAPRIMARY-05R26-SWYA,0.0,2026-05-10 00:00:00+00:00,KXLAPRIMARY,long_dated,542,
865,KXLAPRIMARY-05R26-BMIG,0.0,2026-05-10 00:00:00+00:00,KXLAPRIMARY,long_dated,542,
865,KXLAPRIMARY-06R26-MAPP,0.0,2026-05-10 00:00:00+00:00,KXLAPRIMARY,long_dated,542,
866,KXPUTINZELENSKYYLOCATION-28-HUNG,1.0,2026-05-10 00:00:00+00:00,KXPUTINZELENSKYYLOCATION,long_dated,966,70.0
866,KXPUTINZELENSKYYLOCATION-28-TUR,0.0,2026-05-10 00:00:00+00:00,KXPUTINZELENSKYYLOCATION,long_dated,966,
866,KXPUTINZELENSKYYLOCATION-28-UKR,0.0,2026-05-10 00:00:00+00:00,KXPUTINZELENSKYYLOCATION,long_dated,966,
866,KXPUTINZELENSKYYLOCATION-28-RUS,0.0,2026-05-10 00:00:00+00:00,KXPUTINZELENSKYYLOCATION,long_dated,966,
866,KXPUTINZELENSKYYLOCATION-28-GER,0.0,2026-05-10 00:00:00+00:00,KXPUTINZELENSKYYLOCATION,long_dated,966,
866,KXPUTINZELENSKYYLOCATION-28-UNI,0.0,2026-05-10 00:00:00+00:00,KXPUTINZELENSKYYLOCATION,long_dated,966,
866,KXPUTINZELENSKYYLOCATION-28-CHI,0.0,2026-05-10 00:00:00+00:00,KXPUTINZELENSKYYLOCATION,long_dated,966,
867,KXPUTINZELENSKYYLOCATION-28-SWZ,1.0,2026-05-10 00:00:00+00:00,KXPUTINZELENSKYYLOCATION,long_dated,966,70.0
867,KXPUTINZELENSKYYLOCATION-28-UKR,0.0,2026-05-10 00:00:00+00:00,KXPUTINZELENSKYYLOCATION,long_dated,966,
867,KXPUTINZELENSKYYLOCATION-28-RUS,0.0,2026-05-10 00:00:00+00:00,KXPUTINZELENSKYYLOCATION,long_dated,966,
867,KXPUTINZELENSKYYLOCATION-28-TUR,0.0,2026-05-10 00:00:00+00:00,KXPUTINZELENSKYYLOCATION,long_dated,966,
867,KXPUTINZELENSKYYLOCATION-28-GER,0.0,2026-05-10 00:00:00+00:00,KXPUTINZELENSKYYLOCATION,long_dated,966,
867,KXPUTINZELENSKYYLOCATION-28-UNI,0.0,2026-05-10 00:00:00+00:00,KXPUTINZELENSKYYLOCATION,long_dated,966,
867,KXPUTINZELENSKYYLOCATION-28-CHI,0.0,2026-05-10 00:00:00+00:00,KXPUTINZELENSKYYLOCATION,long_dated,966,
868,KXRT-ODY-80,1.0,2026-05-10 00:00:00+00:00,KXRT,long_dated,71,260.0
868,KXRT-ODY-75,0.0,2026-05-10 00:00:00+00:00,KXRT,long_dated,71,
868,KXRT-SPI-70,0.0,2026-05-10 00:00:00+00:00,KXRT,long_dated,71,
868,KXRT-SPI-65,0.0,2026-05-10 00:00:00+00:00,KXRT,long_dated,71,
868,KXRT-SPI-60,0.0,2026-05-10 00:00:00+00:00,KXRT,long_dated,71,
868,KXRT-SPI-50,0.0,2026-05-10 00:00:00+00:00,KXRT,long_dated,71,
868,KXRT-ODY-65,0.0,2026-05-10 00:00:00+00:00,KXRT,long_dated,71,
868,KXRT-SPI-55,0.0,2026-05-10 00:00:00+00:00,KXRT,long_dated,71,
868,KXRT-SPI-45,0.0,2026-05-10 00:00:00+00:00,KXRT,long_dated,71,
868,KXRT-SPI-30,0.0,2026-05-10 00:00:00+00:00,KXRT,long_dated,71,
868,KXRT-SPI-35,0.0,2026-05-10 00:00:00+00:00,KXRT,long_dated,71,
869,KXRT-ODY-85,1.0,2026-05-10 00:00:00+00:00,KXRT,long_dated,71,260.0
869,KXRT-ODY-75,0.0,2026-05-10 00:00:00+00:00,KXRT,long_dated,71,
869,KXRT-SPI-70,0.0,2026-05-10 00:00:00+00:00,KXRT,long_dated,71,
869,KXRT-SPI-65,0.0,2026-05-10 00:00:00+00:00,KXRT,long_dated,71,
869,KXRT-SPI-60,0.0,2026-05-10 00:00:00+00:00,KXRT,long_dated,71,
869,KXRT-SPI-50,0.0,2026-05-10 00:00:00+00:00,KXRT,long_dated,71,
869,KXRT-ODY-65,0.0,2026-05-10 00:00:00+00:00,KXRT,long_dated,71,
869,KXRT-SPI-55,0.0,2026-05-10 00:00:00+00:00,KXRT,long_dated,71,
869,KXRT-SPI-45,0.0,2026-05-10 00:00:00+00:00,KXRT,long_dated,71,
869,KXRT-SPI-30,0.0,2026-05-10 00:00:00+00:00,KXRT,long_dated,71,
869,KXRT-SPI-35,0.0,2026-05-10 00:00:00+00:00,KXRT,long_dated,71,
870,KXRT-ODY-90,1.0,2026-05-10 00:00:00+00:00,KXRT,long_dated,71,260.0
870,KXRT-ODY-75,0.0,2026-05-10 00:00:00+00:00,KXRT,long_dated,71,
870,KXRT-SPI-70,0.0,2026-05-10 00:00:00+00:00,KXRT,long_dated,71,
870,KXRT-SPI-65,0.0,2026-05-10 00:00:00+00:00,KXRT,long_dated,71,
870,KXRT-SPI-60,0.0,2026-05-10 00:00:00+00:00,KXRT,long_dated,71,
870,KXRT-SPI-50,0.0,2026-05-10 00:00:00+00:00,KXRT,long_dated,71,
870,KXRT-ODY-65,0.0,2026-05-10 00:00:00+00:00,KXRT,long_dated,71,
870,KXRT-SPI-55,0.0,2026-05-10 00:00:00+00:00,KXRT,long_dated,71,
870,KXRT-SPI-45,0.0,2026-05-10 00:00:00+00:00,KXRT,long_dated,71,
870,KXRT-SPI-30,0.0,2026-05-10 00:00:00+00:00,KXRT,long_dated,71,
870,KXRT-SPI-35,0.0,2026-05-10 00:00:00+00:00,KXRT,long_dated,71,
871,KXSENATEFLD-26-AVIN,1.0,2026-05-10 00:00:00+00:00,KXSENATEFLD,long_dated,101,70.0
871,KXSENATEFLD-26-ANIX,0.0,2026-05-10 00:00:00+00:00,KXSENATEFLD,long_dated,101,
871,KXSENATEFLD-26-JATK,0.0,2026-05-10 00:00:00+00:00,KXSENATEFLD,long_dated,101,
871,KXSENATEFLD-26-CC,0.0,2026-05-10 00:00:00+00:00,KXSENATEFLD,long_dated,101,
871,KXSENATEFLD-26-HMUJ,0.0,2026-05-10 00:00:00+00:00,KXSENATEFLD,long_dated,101,
871,KXSENATEFLD-26-JJEN,0.0,2026-05-10 00:00:00+00:00,KXSENATEFLD,long_dated,101,
872,KXTOPALBUMSPOTIFY-26-BAD,1.0,2026-05-10 00:00:00+00:00,KXTOPALBUMSPOTIFY,long_dated,235,90.0
872,KXTOPALBUMSPOTIFY-26-BTS,0.0,2026-05-10 00:00:00+00:00,KXTOPALBUMSPOTIFY,long_dated,235,
872,KXTOPALBUMSPOTIFY-26-YOU,0.0,2026-05-10 00:00:00+00:00,KXTOPALBUMSPOTIFY,long_dated,235,
872,KXTOPALBUMSPOTIFY-26-ICE,0.0,2026-05-10 00:00:00+00:00,KXTOPALBUMSPOTIFY,long_dated,235,
872,KXTOPALBUMSPOTIFY-26-ARI,0.0,2026-05-10 00:00:00+00:00,KXTOPALBUMSPOTIFY,long_dated,235,
872,KXTOPALBUMSPOTIFY-26-DAN,0.0,2026-05-10 00:00:00+00:00,KXTOPALBUMSPOTIFY,long_dated,235,
872,KXTOPALBUMSPOTIFY-26-GRE,0.0,2026-05-10 00:00:00+00:00,KXTOPALBUMSPOTIFY,long_dated,235,
872,KXTOPALBUMSPOTIFY-26-KIS,0.0,2026-05-10 00:00:00+00:00,KXTOPALBUMSPOTIFY,long_dated,235,
872,KXTOPALBUMSPOTIFY-26-DIN,0.0,2026-05-10 00:00:00+00:00,KXTOPALBUMSPOTIFY,long_dated,235,
872,KXTOPALBUMSPOTIFY-26-OLI,0.0,2026-05-10 00:00:00+00:00,KXTOPALBUMSPOTIFY,long_dated,235,
872,KXTOPALBUMSPOTIFY-26-ROM,0.0,2026-05-10 00:00:00+00:00,KXTOPALBUMSPOTIFY,long_dated,235,
873,KXTOPALBUMSPOTIFY-26-KPO,1.0,2026-05-10 00:00:00+00:00,KXTOPALBUMSPOTIFY,long_dated,235,90.0
873,KXTOPALBUMSPOTIFY-26-KIS,0.0,2026-05-10 00:00:00+00:00,KXTOPALBUMSPOTIFY,long_dated,235,
873,KXTOPALBUMSPOTIFY-26-DIN,0.0,2026-05-10 00:00:00+00:00,KXTOPALBUMSPOTIFY,long_dated,235,
873,KXTOPALBUMSPOTIFY-26-OLI,0.0,2026-05-10 00:00:00+00:00,KXTOPALBUMSPOTIFY,long_dated,235,
873,KXTOPALBUMSPOTIFY-26-ROM,0.0,2026-05-10 00:00:00+00:00,KXTOPALBUMSPOTIFY,long_dated,235,
873,KXTOPALBUMSPOTIFY-26-GRE,0.0,2026-05-10 00:00:00+00:00,KXTOPALBUMSPOTIFY,long_dated,235,
873,KXTOPALBUMSPOTIFY-26-DAN,0.0,2026-05-10 00:00:00+00:00,KXTOPALBUMSPOTIFY,long_dated,235,
873,KXTOPALBUMSPOTIFY-26-TAY,0.0,2026-05-10 00:00:00+00:00,KXTOPALBUMSPOTIFY,long_dated,235,
873,KXTOPALBUMSPOTIFY-26-ARI,0.0,2026-05-10 00:00:00+00:00,KXTOPALBUMSPOTIFY,long_dated,235,
873,KXTOPALBUMSPOTIFY-26-ICE,0.0,2026-05-10 00:00:00+00:00,KXTOPALBUMSPOTIFY,long_dated,235,
873,KXTOPALBUMSPOTIFY-26-YOU,0.0,2026-05-10 00:00:00+00:00,KXTOPALBUMSPOTIFY,long_dated,235,
876,SENATEVA-26-D,1.0,2026-05-10 00:00:00+00:00,SENATEVA,long_dated,542,200.0
876,SENATEVA-26-R,0.0,2026-05-10 00:00:00+00:00,SENATEVA,long_dated,542,
877,FEDHIKE-26DEC31,1.0,2026-05-19 00:00:00+00:00,KXFEDHIKE,long_dated,120,120.0
877,FEDHIKE-27DEC31,0.0,2026-05-19 00:00:00+00:00,KXFEDHIKE,long_dated,120,
877,FEDHIKE-27JUN30,0.0,2026-05-19 00:00:00+00:00,KXFEDHIKE,long_dated,120,
878,GOVPARTYCT-26-R,1.0,2026-05-19 00:00:00+00:00,GOVPARTYCT,long_dated,533,155.0
878,GOVPARTYCT-26-D,0.0,2026-05-19 00:00:00+00:00,GOVPARTYCT,long_dated,533,
879,GOVPARTYNM-26-D,1.0,2026-05-19 00:00:00+00:00,GOVPARTYNM,long_dated,533,135.0
879,GOVPARTYNM-26-R,0.0,2026-05-19 00:00:00+00:00,GOVPARTYNM,long_dated,533,
880,GOVPARTYRI-26-D,1.0,2026-05-19 00:00:00+00:00,GOVPARTYRI,long_dated,533,135.0
880,GOVPARTYRI-26-R,0.0,2026-05-19 00:00:00+00:00,GOVPARTYRI,long_dated,533,
880,GOVPARTYRI-26-KBLO,0.0,2026-05-19 00:00:00+00:00,GOVPARTYRI,long_dated,533,
881,HOUSENE2-26-R,1.0,2026-05-19 00:00:00+00:00,HOUSENE2,long_dated,533,150.0
881,HOUSENE2-26-D,0.0,2026-05-19 00:00:00+00:00,HOUSENE2,long_dated,533,
882,KXAAAGASMAXCA-26DEC31-7.80,1.0,2026-05-19 00:00:00+00:00,KXAAAGASMAXCA,long_dated,226,230.0
882,KXAAAGASMAXCA-26DEC31-6.60,0.0,2026-05-19 00:00:00+00:00,KXAAAGASMAXCA,long_dated,226,
882,KXAAAGASMAXCA-26DEC31-6.40,0.0,2026-05-19 00:00:00+00:00,KXAAAGASMAXCA,long_dated,226,
882,KXAAAGASMAXCA-26DEC31-8.00,0.0,2026-05-19 00:00:00+00:00,KXAAAGASMAXCA,long_dated,226,
882,KXAAAGASMAXCA-26DEC31-6.80,0.0,2026-05-19 00:00:00+00:00,KXAAAGASMAXCA,long_dated,226,
882,KXAAAGASMAXCA-26DEC31-6.20,0.0,2026-05-19 00:00:00+00:00,KXAAAGASMAXCA,long_dated,226,
883,KXAAAGASMINNY-26DEC31-2.80,1.0,2026-05-19 00:00:00+00:00,KXAAAGASMINNY,long_dated,226,235.0
883,KXAAAGASMINNY-26DEC31-2.60,0.0,2026-05-19 00:00:00+00:00,KXAAAGASMINNY,long_dated,226,
883,KXAAAGASMINNY-26DEC31-2.70,0.0,2026-05-19 00:00:00+00:00,KXAAAGASMINNY,long_dated,226,
883,KXAAAGASMINNY-26DEC31-2.50,0.0,2026-05-19 00:00:00+00:00,KXAAAGASMINNY,long_dated,226,
884,KXAAAGASMINNY-26DEC31-2.90,1.0,2026-05-19 00:00:00+00:00,KXAAAGASMINNY,long_dated,226,390.0
884,KXAAAGASMINNY-26DEC31-2.70,0.0,2026-05-19 00:00:00+00:00,KXAAAGASMINNY,long_dated,226,
884,KXAAAGASMINNY-26DEC31-2.60,0.0,2026-05-19 00:00:00+00:00,KXAAAGASMINNY,long_dated,226,
884,KXAAAGASMINNY-26DEC31-2.50,0.0,2026-05-19 00:00:00+00:00,KXAAAGASMINNY,long_dated,226,
885,KXARGENTINAPRES-27-SMAS,1.0,2026-05-19 00:00:00+00:00,KXARGENTINAPRES,long_dated,895,85.0
885,KXARGENTINAPRES-27-PBULL,0.0,2026-05-19 00:00:00+00:00,KXARGENTINAPRES,long_dated,895,
885,KXARGENTINAPRES-27-HROD,0.0,2026-05-19 00:00:00+00:00,KXARGENTINAPRES,long_dated,895,
885,KXARGENTINAPRES-27-EDEP,0.0,2026-05-19 00:00:00+00:00,KXARGENTINAPRES,long_dated,895,
886,KXFEDDECISION-26DEC-C25,1.0,2026-05-19 00:00:00+00:00,KXFEDDECISION,long_dated,204,250.0
886,KXFEDDECISION-27JAN-H25,0.0,2026-05-19 00:00:00+00:00,KXFEDDECISION,long_dated,204,
886,KXFEDDECISION-27JAN-C25,0.0,2026-05-19 00:00:00+00:00,KXFEDDECISION,long_dated,204,
886,KXFEDDECISION-27JUN-H25,0.0,2026-05-19 00:00:00+00:00,KXFEDDECISION,long_dated,204,
886,KXFEDDECISION-28JAN-H26,0.0,2026-05-19 00:00:00+00:00,KXFEDDECISION,long_dated,204,
886,KXFEDDECISION-27JUL-H25,0.0,2026-05-19 00:00:00+00:00,KXFEDDECISION,long_dated,204,
886,KXFEDDECISION-27APR-C25,0.0,2026-05-19 00:00:00+00:00,KXFEDDECISION,long_dated,204,
886,KXFEDDECISION-28JAN-C25,0.0,2026-05-19 00:00:00+00:00,KXFEDDECISION,long_dated,204,
886,KXFEDDECISION-27OCT-H25,0.0,2026-05-19 00:00:00+00:00,KXFEDDECISION,long_dated,204,
886,KXFEDDECISION-27JAN-C26,0.0,2026-05-19 00:00:00+00:00,KXFEDDECISION,long_dated,204,
886,KXFEDDECISION-27JUL-C26,0.0,2026-05-19 00:00:00+00:00,KXFEDDECISION,long_dated,204,
888,KXGAMBLINGREPEAL-26JAN-27,1.0,2026-05-19 00:00:00+00:00,KXGAMBLINGREPEAL,long_dated,227,110.0
888,KXGAMBLINGREPEAL-26SEP01,0.0,2026-05-19 00:00:00+00:00,KXGAMBLINGREPEAL,long_dated,227,
890,KXHOUSERACE-OK05-26-D,1.0,2026-05-19 00:00:00+00:00,KXHOUSERACE,long_dated,533,200.0
890,KXHOUSERACE-KS01-26-R,0.0,2026-05-19 00:00:00+00:00,KXHOUSERACE,long_dated,533,
890,KXHOUSERACE-KS01-26-D,0.0,2026-05-19 00:00:00+00:00,KXHOUSERACE,long_dated,533,
890,KXHOUSERACE-FL06-26-D,0.0,2026-05-19 00:00:00+00:00,KXHOUSERACE,long_dated,533,
890,KXHOUSERACE-MI05-26-D,0.0,2026-05-19 00:00:00+00:00,KXHOUSERACE,long_dated,533,
890,KXHOUSERACE-FL06-26-R,0.0,2026-05-19 00:00:00+00:00,KXHOUSERACE,long_dated,533,
890,KXHOUSERACE-GA10-26-D,0.0,2026-05-19 00:00:00+00:00,KXHOUSERACE,long_dated,533,
890,KXHOUSERACE-MI05-26-R,0.0,2026-05-19 00:00:00+00:00,KXHOUSERACE,long_dated,533,
890,KXHOUSERACE-TX06-26-D,0.0,2026-05-19 00:00:00+00:00,KXHOUSERACE,long_dated,533,
890,KXHOUSERACE-TX03-26-D,0.0,2026-05-19 00:00:00+00:00,KXHOUSERACE,long_dated,533,
890,KXHOUSERACE-ID02-26-D,0.0,2026-05-19 00:00:00+00:00,KXHOUSERACE,long_dated,533,
891,KXLAPRIMARY-03D26-CWAL,1.0,2026-05-19 00:00:00+00:00,KXLAPRIMARY,long_dated,533,605.0
891,KXLAPRIMARY-05R26-MCOR,0.0,2026-05-19 00:00:00+00:00,KXLAPRIMARY,long_dated,533,
891,KXLAPRIMARY-06R26-CJOH,0.0,2026-05-19 00:00:00+00:00,KXLAPRIMARY,long_dated,533,
891,KXLAPRIMARY-05R26-AMAG,0.0,2026-05-19 00:00:00+00:00,KXLAPRIMARY,long_dated,533,
891,KXLAPRIMARY-05R26-SWYA,0.0,2026-05-19 00:00:00+00:00,KXLAPRIMARY,long_dated,533,
891,KXLAPRIMARY-05R26-MMEB,0.0,2026-05-19 00:00:00+00:00,KXLAPRIMARY,long_dated,533,
891,KXLAPRIMARY-06R26-PWIL,0.0,2026-05-19 00:00:00+00:00,KXLAPRIMARY,long_dated,533,
891,KXLAPRIMARY-05R26-REDM,0.0,2026-05-19 00:00:00+00:00,KXLAPRIMARY,long_dated,533,
891,KXLAPRIMARY-06R26-MAPP,0.0,2026-05-19 00:00:00+00:00,KXLAPRIMARY,long_dated,533,
891,KXLAPRIMARY-05R26-BMIG,0.0,2026-05-19 00:00:00+00:00,KXLAPRIMARY,long_dated,533,
892,KXLEAVELISACOOK-26JAN-27JAN01,1.0,2026-05-19 00:00:00+00:00,KXLEAVELISACOOK,long_dated,227,515.0
892,KXLEAVELISACOOK-26SEP01,0.0,2026-05-19 00:00:00+00:00,KXLEAVELISACOOK,long_dated,227,
893,KXMORTGAGERATE-26DEC-T6.6,1.0,2026-05-19 00:00:00+00:00,KXMORTGAGERATE,long_dated,77,70.0
893,KXMORTGAGERATE-26DEC-T6.7,0.0,2026-05-19 00:00:00+00:00,KXMORTGAGERATE,long_dated,77,
893,KXMORTGAGERATE-26DEC-T6.8,0.0,2026-05-19 00:00:00+00:00,KXMORTGAGERATE,long_dated,77,
893,KXMORTGAGERATE-26DEC-T7.0,0.0,2026-05-19 00:00:00+00:00,KXMORTGAGERATE,long_dated,77,
893,KXMORTGAGERATE-26DEC-T6.9,0.0,2026-05-19 00:00:00+00:00,KXMORTGAGERATE,long_dated,77,
894,KXNBA2KCOVER-27-ANT,1.0,2026-05-19 00:00:00+00:00,KXNBA2KCOVER,long_dated,64,365.0
894,KXNBA2KCOVER-27-LUK,0.0,2026-05-19 00:00:00+00:00,KXNBA2KCOVER,long_dated,64,
894,KXNBA2KCOVER-27-LEB,0.0,2026-05-19 00:00:00+00:00,KXNBA2KCOVER,long_dated,64,
894,KXNBA2KCOVER-27-STE,0.0,2026-05-19 00:00:00+00:00,KXNBA2KCOVER,long_dated,64,
894,KXNBA2KCOVER-27-LAM,0.0,2026-05-19 00:00:00+00:00,KXNBA2KCOVER,long_dated,64,
894,KXNBA2KCOVER-27-GIA,0.0,2026-05-19 00:00:00+00:00,KXNBA2KCOVER,long_dated,64,
894,KXNBA2KCOVER-27-PAO,0.0,2026-05-19 00:00:00+00:00,KXNBA2KCOVER,long_dated,64,
894,KXNBA2KCOVER-27-JAY,0.0,2026-05-19 00:00:00+00:00,KXNBA2KCOVER,long_dated,64,
894,KXNBA2KCOVER-27-DEV,0.0,2026-05-19 00:00:00+00:00,KXNBA2KCOVER,long_dated,64,
895,KXNBA2KCOVER-27-JAM,1.0,2026-05-19 00:00:00+00:00,KXNBA2KCOVER,long_dated,64,145.0
895,KXNBA2KCOVER-27-JAY,0.0,2026-05-19 00:00:00+00:00,KXNBA2KCOVER,long_dated,64,
895,KXNBA2KCOVER-27-GIA,0.0,2026-05-19 00:00:00+00:00,KXNBA2KCOVER,long_dated,64,
895,KXNBA2KCOVER-27-PAO,0.0,2026-05-19 00:00:00+00:00,KXNBA2KCOVER,long_dated,64,
895,KXNBA2KCOVER-27-LAM,0.0,2026-05-19 00:00:00+00:00,KXNBA2KCOVER,long_dated,64,
895,KXNBA2KCOVER-27-DEV,0.0,2026-05-19 00:00:00+00:00,KXNBA2KCOVER,long_dated,64,
895,KXNBA2KCOVER-27-STE,0.0,2026-05-19 00:00:00+00:00,KXNBA2KCOVER,long_dated,64,
895,KXNBA2KCOVER-27-LEB,0.0,2026-05-19 00:00:00+00:00,KXNBA2KCOVER,long_dated,64,
895,KXNBA2KCOVER-27-LUK,0.0,2026-05-19 00:00:00+00:00,KXNBA2KCOVER,long_dated,64,
896,KXNBA2KCOVER-27-NIK,1.0,2026-05-19 00:00:00+00:00,KXNBA2KCOVER,long_dated,64,265.0
896,KXNBA2KCOVER-27-LUK,0.0,2026-05-19 00:00:00+00:00,KXNBA2KCOVER,long_dated,64,
896,KXNBA2KCOVER-27-LEB,0.0,2026-05-19 00:00:00+00:00,KXNBA2KCOVER,long_dated,64,
896,KXNBA2KCOVER-27-STE,0.0,2026-05-19 00:00:00+00:00,KXNBA2KCOVER,long_dated,64,
896,KXNBA2KCOVER-27-LAM,0.0,2026-05-19 00:00:00+00:00,KXNBA2KCOVER,long_dated,64,
896,KXNBA2KCOVER-27-GIA,0.0,2026-05-19 00:00:00+00:00,KXNBA2KCOVER,long_dated,64,
896,KXNBA2KCOVER-27-PAO,0.0,2026-05-19 00:00:00+00:00,KXNBA2KCOVER,long_dated,64,
896,KXNBA2KCOVER-27-JAY,0.0,2026-05-19 00:00:00+00:00,KXNBA2KCOVER,long_dated,64,
896,KXNBA2KCOVER-27-DEV,0.0,2026-05-19 00:00:00+00:00,KXNBA2KCOVER,long_dated,64,
897,KXNBA2KCOVER-27-SHA,1.0,2026-05-19 00:00:00+00:00,KXNBA2KCOVER,long_dated,64,430.0
897,KXNBA2KCOVER-27-STE,0.0,2026-05-19 00:00:00+00:00,KXNBA2KCOVER,long_dated,64,
897,KXNBA2KCOVER-27-LEB,0.0,2026-05-19 00:00:00+00:00,KXNBA2KCOVER,long_dated,64,
897,KXNBA2KCOVER-27-LUK,0.0,2026-05-19 00:00:00+00:00,KXNBA2KCOVER,long_dated,64,
897,KXNBA2KCOVER-27-LAM,0.0,2026-05-19 00:00:00+00:00,KXNBA2KCOVER,long_dated,64,
897,KXNBA2KCOVER-27-GIA,0.0,2026-05-19 00:00:00+00:00,KXNBA2KCOVER,long_dated,64,
897,KXNBA2KCOVER-27-PAO,0.0,2026-05-19 00:00:00+00:00,KXNBA2KCOVER,long_dated,64,
897,KXNBA2KCOVER-27-JAY,0.0,2026-05-19 00:00:00+00:00,KXNBA2KCOVER,long_dated,64,
897,KXNBA2KCOVER-27-DEV,0.0,2026-05-19 00:00:00+00:00,KXNBA2KCOVER,long_dated,64,
898,KXNBA2KCOVER-27-VIC,1.0,2026-05-19 00:00:00+00:00,KXNBA2KCOVER,long_dated,64,630.0
898,KXNBA2KCOVER-27-LUK,0.0,2026-05-19 00:00:00+00:00,KXNBA2KCOVER,long_dated,64,
898,KXNBA2KCOVER-27-LEB,0.0,2026-05-19 00:00:00+00:00,KXNBA2KCOVER,long_dated,64,
898,KXNBA2KCOVER-27-STE,0.0,2026-05-19 00:00:00+00:00,KXNBA2KCOVER,long_dated,64,
898,KXNBA2KCOVER-27-LAM,0.0,2026-05-19 00:00:00+00:00,KXNBA2KCOVER,long_dated,64,
898,KXNBA2KCOVER-27-GIA,0.0,2026-05-19 00:00:00+00:00,KXNBA2KCOVER,long_dated,64,
898,KXNBA2KCOVER-27-PAO,0.0,2026-05-19 00:00:00+00:00,KXNBA2KCOVER,long_dated,64,
898,KXNBA2KCOVER-27-JAY,0.0,2026-05-19 00:00:00+00:00,KXNBA2KCOVER,long_dated,64,
898,KXNBA2KCOVER-27-DEV,0.0,2026-05-19 00:00:00+00:00,KXNBA2KCOVER,long_dated,64,
899,KXPUTINDJTLOCATION-29-HUN,1.0,2026-05-19 00:00:00+00:00,KXPUTINDJTLOCATION,long_dated,958,85.0
899,KXPUTINDJTLOCATION-29-AK,0.0,2026-05-19 00:00:00+00:00,KXPUTINDJTLOCATION,long_dated,958,
899,KXPUTINDJTLOCATION-29-GER,0.0,2026-05-19 00:00:00+00:00,KXPUTINDJTLOCATION,long_dated,958,
899,KXPUTINDJTLOCATION-29-RUS,0.0,2026-05-19 00:00:00+00:00,KXPUTINDJTLOCATION,long_dated,958,
899,KXPUTINDJTLOCATION-29-TUR,0.0,2026-05-19 00:00:00+00:00,KXPUTINDJTLOCATION,long_dated,958,
899,KXPUTINDJTLOCATION-29-PRC,0.0,2026-05-19 00:00:00+00:00,KXPUTINDJTLOCATION,long_dated,958,
899,KXPUTINDJTLOCATION-29-NYC,0.0,2026-05-19 00:00:00+00:00,KXPUTINDJTLOCATION,long_dated,958,
899,KXPUTINDJTLOCATION-29-QAT,0.0,2026-05-19 00:00:00+00:00,KXPUTINDJTLOCATION,long_dated,958,
900,KXPUTINDJTLOCATION-29-SARA,1.0,2026-05-19 00:00:00+00:00,KXPUTINDJTLOCATION,long_dated,958,85.0
900,KXPUTINDJTLOCATION-29-NYC,0.0,2026-05-19 00:00:00+00:00,KXPUTINDJTLOCATION,long_dated,958,
900,KXPUTINDJTLOCATION-29-QAT,0.0,2026-05-19 00:00:00+00:00,KXPUTINDJTLOCATION,long_dated,958,
900,KXPUTINDJTLOCATION-29-PRC,0.0,2026-05-19 00:00:00+00:00,KXPUTINDJTLOCATION,long_dated,958,
900,KXPUTINDJTLOCATION-29-TUR,0.0,2026-05-19 00:00:00+00:00,KXPUTINDJTLOCATION,long_dated,958,
900,KXPUTINDJTLOCATION-29-RUS,0.0,2026-05-19 00:00:00+00:00,KXPUTINDJTLOCATION,long_dated,958,
900,KXPUTINDJTLOCATION-29-GER,0.0,2026-05-19 00:00:00+00:00,KXPUTINDJTLOCATION,long_dated,958,
900,KXPUTINDJTLOCATION-29-AK,0.0,2026-05-19 00:00:00+00:00,KXPUTINDJTLOCATION,long_dated,958,
901,KXPUTINDJTLOCATION-29-UAE,1.0,2026-05-19 00:00:00+00:00,KXPUTINDJTLOCATION,long_dated,958,85.0
901,KXPUTINDJTLOCATION-29-GER,0.0,2026-05-19 00:00:00+00:00,KXPUTINDJTLOCATION,long_dated,958,
901,KXPUTINDJTLOCATION-29-RUS,0.0,2026-05-19 00:00:00+00:00,KXPUTINDJTLOCATION,long_dated,958,
901,KXPUTINDJTLOCATION-29-TUR,0.0,2026-05-19 00:00:00+00:00,KXPUTINDJTLOCATION,long_dated,958,
901,KXPUTINDJTLOCATION-29-AK,0.0,2026-05-19 00:00:00+00:00,KXPUTINDJTLOCATION,long_dated,958,
901,KXPUTINDJTLOCATION-29-PRC,0.0,2026-05-19 00:00:00+00:00,KXPUTINDJTLOCATION,long_dated,958,
901,KXPUTINDJTLOCATION-29-NYC,0.0,2026-05-19 00:00:00+00:00,KXPUTINDJTLOCATION,long_dated,958,
901,KXPUTINDJTLOCATION-29-QAT,0.0,2026-05-19 00:00:00+00:00,KXPUTINDJTLOCATION,long_dated,958,
902,KXRECOGROC-29,1.0,2026-05-19 00:00:00+00:00,KXRECOGROC,long_dated,977,185.0
902,KXRECOGROC-29-27,0.0,2026-05-19 00:00:00+00:00,KXRECOGROC,long_dated,977,
903,KXSTATE51-29-GL,1.0,2026-05-19 00:00:00+00:00,KXSTATE51,long_dated,977,70.0
903,KXSTATE51-29-CA,0.0,2026-05-19 00:00:00+00:00,KXSTATE51,long_dated,977,
903,KXSTATE51-29-DC,0.0,2026-05-19 00:00:00+00:00,KXSTATE51,long_dated,977,
903,KXSTATE51-29-GU,0.0,2026-05-19 00:00:00+00:00,KXSTATE51,long_dated,977,
903,KXSTATE51-29-CO,0.0,2026-05-19 00:00:00+00:00,KXSTATE51,long_dated,977,
904,KXSTATE51-29-PR,1.0,2026-05-19 00:00:00+00:00,KXSTATE51,long_dated,977,70.0
904,KXSTATE51-29-CA,0.0,2026-05-19 00:00:00+00:00,KXSTATE51,long_dated,977,
904,KXSTATE51-29-DC,0.0,2026-05-19 00:00:00+00:00,KXSTATE51,long_dated,977,
904,KXSTATE51-29-GU,0.0,2026-05-19 00:00:00+00:00,KXSTATE51,long_dated,977,
904,KXSTATE51-29-CO,0.0,2026-05-19 00:00:00+00:00,KXSTATE51,long_dated,977,
905,KXSTATE51-29-VE,1.0,2026-05-19 00:00:00+00:00,KXSTATE51,long_dated,977,70.0
905,KXSTATE51-29-DC,0.0,2026-05-19 00:00:00+00:00,KXSTATE51,long_dated,977,
905,KXSTATE51-29-GU,0.0,2026-05-19 00:00:00+00:00,KXSTATE51,long_dated,977,
905,KXSTATE51-29-CA,0.0,2026-05-19 00:00:00+00:00,KXSTATE51,long_dated,977,
905,KXSTATE51-29-CO,0.0,2026-05-19 00:00:00+00:00,KXSTATE51,long_dated,977,
907,MOON-26DEC31,1.0,2026-05-19 00:00:00+00:00,KXMOON,long_dated,227,70.0
907,MOON-28DEC31,0.0,2026-05-19 00:00:00+00:00,KXMOON,long_dated,227,
907,MOON-29DEC31,0.0,2026-05-19 00:00:00+00:00,KXMOON,long_dated,227,
908,SENATEOR-28-D,1.0,2026-05-19 00:00:00+00:00,SENATEOR,long_dated,1268,80.0
908,SENATEOR-26-D,0.0,2026-05-19 00:00:00+00:00,SENATEOR,long_dated,1268,
908,SENATEOR-26-R,0.0,2026-05-19 00:00:00+00:00,SENATEOR,long_dated,1268,
909,SENATEOR-28-R,1.0,2026-05-19 00:00:00+00:00,SENATEOR,long_dated,1268,80.0
909,SENATEOR-26-D,0.0,2026-05-19 00:00:00+00:00,SENATEOR,long_dated,1268,
909,SENATEOR-26-R,0.0,2026-05-19 00:00:00+00:00,SENATEOR,long_dated,1268,
910,GOVPARTYMA-26-R,1.0,2026-05-25 00:00:00+00:00,GOVPARTYMA,long_dated,527,125.0
910,GOVPARTYMA-26-D,0.0,2026-05-25 00:00:00+00:00,GOVPARTYMA,long_dated,527,
911,KXACTORSONNYCROCKETT-35-GLE,1.0,2026-05-25 00:00:00+00:00,KXACTORSONNYCROCKETT,long_dated,3143,100.0
911,KXACTORSONNYCROCKETT-35-RIC,0.0,2026-05-25 00:00:00+00:00,KXACTORSONNYCROCKETT,long_dated,3143,
911,KXACTORSONNYCROCKETT-35-OSC,0.0,2026-05-25 00:00:00+00:00,KXACTORSONNYCROCKETT,long_dated,3143,
911,KXACTORSONNYCROCKETT-35-TOM,0.0,2026-05-25 00:00:00+00:00,KXACTORSONNYCROCKETT,long_dated,3143,
911,KXACTORSONNYCROCKETT-35-JAK,0.0,2026-05-25 00:00:00+00:00,KXACTORSONNYCROCKETT,long_dated,3143,
911,KXACTORSONNYCROCKETT-35-GAR,0.0,2026-05-25 00:00:00+00:00,KXACTORSONNYCROCKETT,long_dated,3143,
911,KXACTORSONNYCROCKETT-35-PED,0.0,2026-05-25 00:00:00+00:00,KXACTORSONNYCROCKETT,long_dated,3143,
911,KXACTORSONNYCROCKETT-35-RYA,0.0,2026-05-25 00:00:00+00:00,KXACTORSONNYCROCKETT,long_dated,3143,
912,KXACTORSONNYCROCKETT-35-MIL,1.0,2026-05-25 00:00:00+00:00,KXACTORSONNYCROCKETT,long_dated,3143,100.0
912,KXACTORSONNYCROCKETT-35-OSC,0.0,2026-05-25 00:00:00+00:00,KXACTORSONNYCROCKETT,long_dated,3143,
912,KXACTORSONNYCROCKETT-35-TOM,0.0,2026-05-25 00:00:00+00:00,KXACTORSONNYCROCKETT,long_dated,3143,
912,KXACTORSONNYCROCKETT-35-JAK,0.0,2026-05-25 00:00:00+00:00,KXACTORSONNYCROCKETT,long_dated,3143,
912,KXACTORSONNYCROCKETT-35-GAR,0.0,2026-05-25 00:00:00+00:00,KXACTORSONNYCROCKETT,long_dated,3143,
912,KXACTORSONNYCROCKETT-35-PED,0.0,2026-05-25 00:00:00+00:00,KXACTORSONNYCROCKETT,long_dated,3143,
912,KXACTORSONNYCROCKETT-35-RYA,0.0,2026-05-25 00:00:00+00:00,KXACTORSONNYCROCKETT,long_dated,3143,
912,KXACTORSONNYCROCKETT-35-RIC,0.0,2026-05-25 00:00:00+00:00,KXACTORSONNYCROCKETT,long_dated,3143,
913,KXACTORSONNYCROCKETT-35-TAY,1.0,2026-05-25 00:00:00+00:00,KXACTORSONNYCROCKETT,long_dated,3143,100.0
913,KXACTORSONNYCROCKETT-35-RIC,0.0,2026-05-25 00:00:00+00:00,KXACTORSONNYCROCKETT,long_dated,3143,
913,KXACTORSONNYCROCKETT-35-OSC,0.0,2026-05-25 00:00:00+00:00,KXACTORSONNYCROCKETT,long_dated,3143,
913,KXACTORSONNYCROCKETT-35-TOM,0.0,2026-05-25 00:00:00+00:00,KXACTORSONNYCROCKETT,long_dated,3143,
913,KXACTORSONNYCROCKETT-35-JAK,0.0,2026-05-25 00:00:00+00:00,KXACTORSONNYCROCKETT,long_dated,3143,
913,KXACTORSONNYCROCKETT-35-GAR,0.0,2026-05-25 00:00:00+00:00,KXACTORSONNYCROCKETT,long_dated,3143,
913,KXACTORSONNYCROCKETT-35-PED,0.0,2026-05-25 00:00:00+00:00,KXACTORSONNYCROCKETT,long_dated,3143,
913,KXACTORSONNYCROCKETT-35-RYA,0.0,2026-05-25 00:00:00+00:00,KXACTORSONNYCROCKETT,long_dated,3143,
914,KXCPI-26JUL-T0.2,1.0,2026-05-25 00:00:00+00:00,KXCPI,long_dated,79,80.0
914,KXCPI-26AUG-T0.2,0.0,2026-05-25 00:00:00+00:00,KXCPI,long_dated,79,
914,KXCPI-26AUG-T0.3,0.0,2026-05-25 00:00:00+00:00,KXCPI,long_dated,79,
914,KXCPI-26JUL-T0.3,0.0,2026-05-25 00:00:00+00:00,KXCPI,long_dated,79,
914,KXCPI-26JUL-T0.4,0.0,2026-05-25 00:00:00+00:00,KXCPI,long_dated,79,
914,KXCPI-26AUG-T0.4,0.0,2026-05-25 00:00:00+00:00,KXCPI,long_dated,79,
914,KXCPI-26JUL-T0.1,0.0,2026-05-25 00:00:00+00:00,KXCPI,long_dated,79,
914,KXCPI-26AUG-T0.1,0.0,2026-05-25 00:00:00+00:00,KXCPI,long_dated,79,
914,KXCPI-26AUG-T0.5,0.0,2026-05-25 00:00:00+00:00,KXCPI,long_dated,79,
914,KXCPI-26JUL-T0.0,0.0,2026-05-25 00:00:00+00:00,KXCPI,long_dated,79,
914,KXCPI-26AUG-T0.0,0.0,2026-05-25 00:00:00+00:00,KXCPI,long_dated,79,
915,KXCPI-26JUL-T0.5,1.0,2026-05-25 00:00:00+00:00,KXCPI,long_dated,79,80.0
915,KXCPI-26AUG-T0.5,0.0,2026-05-25 00:00:00+00:00,KXCPI,long_dated,79,
915,KXCPI-26AUG-T0.1,0.0,2026-05-25 00:00:00+00:00,KXCPI,long_dated,79,
915,KXCPI-26AUG-T0.4,0.0,2026-05-25 00:00:00+00:00,KXCPI,long_dated,79,
915,KXCPI-26JUL-T0.1,0.0,2026-05-25 00:00:00+00:00,KXCPI,long_dated,79,
915,KXCPI-26JUL-T0.0,0.0,2026-05-25 00:00:00+00:00,KXCPI,long_dated,79,
915,KXCPI-26AUG-T0.0,0.0,2026-05-25 00:00:00+00:00,KXCPI,long_dated,79,
915,KXCPI-26JUL-T0.4,0.0,2026-05-25 00:00:00+00:00,KXCPI,long_dated,79,
915,KXCPI-26AUG-T-0.1,0.0,2026-05-25 00:00:00+00:00,KXCPI,long_dated,79,
915,KXCPI-26AUG-T0.3,0.0,2026-05-25 00:00:00+00:00,KXCPI,long_dated,79,
915,KXCPI-26AUG-T0.2,0.0,2026-05-25 00:00:00+00:00,KXCPI,long_dated,79,
916,KXDNC28HOST-28-BOS,1.0,2026-05-25 00:00:00+00:00,KXDNC28HOST,long_dated,805,75.0
916,KXDNC28HOST-28-PHL,0.0,2026-05-25 00:00:00+00:00,KXDNC28HOST,long_dated,805,
916,KXDNC28HOST-28-DEN,0.0,2026-05-25 00:00:00+00:00,KXDNC28HOST,long_dated,805,
916,KXDNC28HOST-28-ATL,0.0,2026-05-25 00:00:00+00:00,KXDNC28HOST,long_dated,805,
917,KXDNC28HOST-28-CHI,1.0,2026-05-25 00:00:00+00:00,KXDNC28HOST,long_dated,805,75.0
917,KXDNC28HOST-28-ATL,0.0,2026-05-25 00:00:00+00:00,KXDNC28HOST,long_dated,805,
917,KXDNC28HOST-28-DEN,0.0,2026-05-25 00:00:00+00:00,KXDNC28HOST,long_dated,805,
917,KXDNC28HOST-28-PHL,0.0,2026-05-25 00:00:00+00:00,KXDNC28HOST,long_dated,805,
918,KXGOVVTNOMR-262-PSCO,1.0,2026-05-25 00:00:00+00:00,KXGOVVTNOMR,long_dated,79,500.0
918,KXGOVVTNOMR-262-JROD,0.0,2026-05-25 00:00:00+00:00,KXGOVVTNOMR,long_dated,79,
918,KXGOVVTNOMR-262-JBEN,0.0,2026-05-25 00:00:00+00:00,KXGOVVTNOMR,long_dated,79,
918,KXGOVVTNOMR-262-PDAM,0.0,2026-05-25 00:00:00+00:00,KXGOVVTNOMR,long_dated,79,
918,KXGOVVTNOMR-262-RING,0.0,2026-05-25 00:00:00+00:00,KXGOVVTNOMR,long_dated,79,
919,KXHOUSERACE-FL20-26-D,1.0,2026-05-25 00:00:00+00:00,KXHOUSERACE,long_dated,527,185.0
919,KXHOUSERACE-CA46-26-D,0.0,2026-05-25 00:00:00+00:00,KXHOUSERACE,long_dated,527,
919,KXHOUSERACE-MO03-26-R,0.0,2026-05-25 00:00:00+00:00,KXHOUSERACE,long_dated,527,
919,KXHOUSERACE-CA46-26-R,0.0,2026-05-25 00:00:00+00:00,KXHOUSERACE,long_dated,527,
919,KXHOUSERACE-TX05-26-D,0.0,2026-05-25 00:00:00+00:00,KXHOUSERACE,long_dated,527,
919,KXHOUSERACE-MI02-26-D,0.0,2026-05-25 00:00:00+00:00,KXHOUSERACE,long_dated,527,
919,KXHOUSERACE-IL15-26-R,0.0,2026-05-25 00:00:00+00:00,KXHOUSERACE,long_dated,527,
919,KXHOUSERACE-MN05-26-R,0.0,2026-05-25 00:00:00+00:00,KXHOUSERACE,long_dated,527,
919,KXHOUSERACE-SDAL-26-D,0.0,2026-05-25 00:00:00+00:00,KXHOUSERACE,long_dated,527,
919,KXHOUSERACE-TN08-26-D,0.0,2026-05-25 00:00:00+00:00,KXHOUSERACE,long_dated,527,
919,KXHOUSERACE-LA05-26-D,0.0,2026-05-25 00:00:00+00:00,KXHOUSERACE,long_dated,527,
920,KXHOUSERACE-FL20-26-R,1.0,2026-05-25 00:00:00+00:00,KXHOUSERACE,long_dated,527,185.0
920,KXHOUSERACE-CA46-26-R,0.0,2026-05-25 00:00:00+00:00,KXHOUSERACE,long_dated,527,
920,KXHOUSERACE-TX05-26-D,0.0,2026-05-25 00:00:00+00:00,KXHOUSERACE,long_dated,527,
920,KXHOUSERACE-CA46-26-D,0.0,2026-05-25 00:00:00+00:00,KXHOUSERACE,long_dated,527,
920,KXHOUSERACE-MO03-26-R,0.0,2026-05-25 00:00:00+00:00,KXHOUSERACE,long_dated,527,
920,KXHOUSERACE-MI02-26-D,0.0,2026-05-25 00:00:00+00:00,KXHOUSERACE,long_dated,527,
920,KXHOUSERACE-IL15-26-R,0.0,2026-05-25 00:00:00+00:00,KXHOUSERACE,long_dated,527,
920,KXHOUSERACE-MN05-26-R,0.0,2026-05-25 00:00:00+00:00,KXHOUSERACE,long_dated,527,
920,KXHOUSERACE-SDAL-26-D,0.0,2026-05-25 00:00:00+00:00,KXHOUSERACE,long_dated,527,
920,KXHOUSERACE-TN08-26-D,0.0,2026-05-25 00:00:00+00:00,KXHOUSERACE,long_dated,527,
920,KXHOUSERACE-LA05-26-D,0.0,2026-05-25 00:00:00+00:00,KXHOUSERACE,long_dated,527,
921,KXHOUSERACE-GA11-26-D,1.0,2026-05-25 00:00:00+00:00,KXHOUSERACE,long_dated,527,105.0
921,KXHOUSERACE-MN07-26-D,0.0,2026-05-25 00:00:00+00:00,KXHOUSERACE,long_dated,527,
921,KXHOUSERACE-MO04-26-D,0.0,2026-05-25 00:00:00+00:00,KXHOUSERACE,long_dated,527,
921,KXHOUSERACE-MN07-26-R,0.0,2026-05-25 00:00:00+00:00,KXHOUSERACE,long_dated,527,
921,KXHOUSERACE-OH08-26-D,0.0,2026-05-25 00:00:00+00:00,KXHOUSERACE,long_dated,527,
921,KXHOUSERACE-NC13-26-R,0.0,2026-05-25 00:00:00+00:00,KXHOUSERACE,long_dated,527,
921,KXHOUSERACE-OH08-26-R,0.0,2026-05-25 00:00:00+00:00,KXHOUSERACE,long_dated,527,
921,KXHOUSERACE-NC13-26-D,0.0,2026-05-25 00:00:00+00:00,KXHOUSERACE,long_dated,527,
921,KXHOUSERACE-FL08-26-D,0.0,2026-05-25 00:00:00+00:00,KXHOUSERACE,long_dated,527,
921,KXHOUSERACE-TX21-26-D,0.0,2026-05-25 00:00:00+00:00,KXHOUSERACE,long_dated,527,
921,KXHOUSERACE-KS02-26-D,0.0,2026-05-25 00:00:00+00:00,KXHOUSERACE,long_dated,527,
922,KXHOUSERACE-IN09-26-D,1.0,2026-05-25 00:00:00+00:00,KXHOUSERACE,long_dated,527,90.0
922,KXHOUSERACE-OH04-26-D,0.0,2026-05-25 00:00:00+00:00,KXHOUSERACE,long_dated,527,
922,KXHOUSERACE-KS01-26-R,0.0,2026-05-25 00:00:00+00:00,KXHOUSERACE,long_dated,527,
922,KXHOUSERACE-KS01-26-D,0.0,2026-05-25 00:00:00+00:00,KXHOUSERACE,long_dated,527,
922,KXHOUSERACE-FL06-26-D,0.0,2026-05-25 00:00:00+00:00,KXHOUSERACE,long_dated,527,
922,KXHOUSERACE-MI05-26-D,0.0,2026-05-25 00:00:00+00:00,KXHOUSERACE,long_dated,527,
922,KXHOUSERACE-FL06-26-R,0.0,2026-05-25 00:00:00+00:00,KXHOUSERACE,long_dated,527,
922,KXHOUSERACE-MI05-26-R,0.0,2026-05-25 00:00:00+00:00,KXHOUSERACE,long_dated,527,
922,KXHOUSERACE-TX06-26-D,0.0,2026-05-25 00:00:00+00:00,KXHOUSERACE,long_dated,527,
922,KXHOUSERACE-GA10-26-D,0.0,2026-05-25 00:00:00+00:00,KXHOUSERACE,long_dated,527,
922,KXHOUSERACE-ID02-26-D,0.0,2026-05-25 00:00:00+00:00,KXHOUSERACE,long_dated,527,
923,KXHOUSERACE-KY01-26-D,1.0,2026-05-25 00:00:00+00:00,KXHOUSERACE,long_dated,527,75.0
923,KXHOUSERACE-TN02-26-D,0.0,2026-05-25 00:00:00+00:00,KXHOUSERACE,long_dated,527,
923,KXHOUSERACE-AL06-26-D,0.0,2026-05-25 00:00:00+00:00,KXHOUSERACE,long_dated,527,
923,KXHOUSERACE-PA14-26-D,0.0,2026-05-25 00:00:00+00:00,KXHOUSERACE,long_dated,527,
923,KXHOUSERACE-TN06-26-D,0.0,2026-05-25 00:00:00+00:00,KXHOUSERACE,long_dated,527,
923,KXHOUSERACE-PA14-26-R,0.0,2026-05-25 00:00:00+00:00,KXHOUSERACE,long_dated,527,
923,KXHOUSERACE-TN02-26-R,0.0,2026-05-25 00:00:00+00:00,KXHOUSERACE,long_dated,527,
923,KXHOUSERACE-NJ04-26-D,0.0,2026-05-25 00:00:00+00:00,KXHOUSERACE,long_dated,527,
923,KXHOUSERACE-OK03-26-D,0.0,2026-05-25 00:00:00+00:00,KXHOUSERACE,long_dated,527,
923,KXHOUSERACE-OK02-26-R,0.0,2026-05-25 00:00:00+00:00,KXHOUSERACE,long_dated,527,
923,KXHOUSERACE-KY04-26-R,0.0,2026-05-25 00:00:00+00:00,KXHOUSERACE,long_dated,527,
924,KXHOUSERACE-KY01-26-R,1.0,2026-05-25 00:00:00+00:00,KXHOUSERACE,long_dated,527,75.0
924,KXHOUSERACE-TN06-26-R,0.0,2026-05-25 00:00:00+00:00,KXHOUSERACE,long_dated,527,
924,KXHOUSERACE-OK02-26-D,0.0,2026-05-25 00:00:00+00:00,KXHOUSERACE,long_dated,527,
924,KXHOUSERACE-IA04-26-D,0.0,2026-05-25 00:00:00+00:00,KXHOUSERACE,long_dated,527,
924,KXHOUSERACE-GA09-26-D,0.0,2026-05-25 00:00:00+00:00,KXHOUSERACE,long_dated,527,
924,KXHOUSERACE-MI09-26-D,0.0,2026-05-25 00:00:00+00:00,KXHOUSERACE,long_dated,527,
924,KXHOUSERACE-KY04-26-R,0.0,2026-05-25 00:00:00+00:00,KXHOUSERACE,long_dated,527,
924,KXHOUSERACE-IN08-26-D,0.0,2026-05-25 00:00:00+00:00,KXHOUSERACE,long_dated,527,
924,KXHOUSERACE-CA16-26-R,0.0,2026-05-25 00:00:00+00:00,KXHOUSERACE,long_dated,527,
924,KXHOUSERACE-TN02-26-R,0.0,2026-05-25 00:00:00+00:00,KXHOUSERACE,long_dated,527,
924,KXHOUSERACE-PA14-26-R,0.0,2026-05-25 00:00:00+00:00,KXHOUSERACE,long_dated,527,
925,KXHOUSERACE-KY04-26-D,1.0,2026-05-25 00:00:00+00:00,KXHOUSERACE,long_dated,527,115.0
925,KXHOUSERACE-KY04-26-R,0.0,2026-05-25 00:00:00+00:00,KXHOUSERACE,long_dated,527,
925,KXHOUSERACE-GA09-26-D,0.0,2026-05-25 00:00:00+00:00,KXHOUSERACE,long_dated,527,
925,KXHOUSERACE-TN02-26-R,0.0,2026-05-25 00:00:00+00:00,KXHOUSERACE,long_dated,527,
925,KXHOUSERACE-IA04-26-D,0.0,2026-05-25 00:00:00+00:00,KXHOUSERACE,long_dated,527,
925,KXHOUSERACE-PA14-26-R,0.0,2026-05-25 00:00:00+00:00,KXHOUSERACE,long_dated,527,
925,KXHOUSERACE-AL06-26-D,0.0,2026-05-25 00:00:00+00:00,KXHOUSERACE,long_dated,527,
925,KXHOUSERACE-PA14-26-D,0.0,2026-05-25 00:00:00+00:00,KXHOUSERACE,long_dated,527,
925,KXHOUSERACE-TN06-26-D,0.0,2026-05-25 00:00:00+00:00,KXHOUSERACE,long_dated,527,
925,KXHOUSERACE-TN02-26-D,0.0,2026-05-25 00:00:00+00:00,KXHOUSERACE,long_dated,527,
925,KXHOUSERACE-OK02-26-D,0.0,2026-05-25 00:00:00+00:00,KXHOUSERACE,long_dated,527,
926,KXIPOOURA-26OCT01,1.0,2026-05-25 00:00:00+00:00,KXIPOOURA,long_dated,129,95.0
926,KXIPOOURA-27APR01,0.0,2026-05-25 00:00:00+00:00,KXIPOOURA,long_dated,129,
926,KXIPOOURA-27JUL01,0.0,2026-05-25 00:00:00+00:00,KXIPOOURA,long_dated,129,
926,KXIPOOURA-27OCT01,0.0,2026-05-25 00:00:00+00:00,KXIPOOURA,long_dated,129,
926,KXIPOOURA-28JAN01,0.0,2026-05-25 00:00:00+00:00,KXIPOOURA,long_dated,129,
927,KXIPOOURA-27JAN01,1.0,2026-05-25 00:00:00+00:00,KXIPOOURA,long_dated,221,95.0
927,KXIPOOURA-27APR01,0.0,2026-05-25 00:00:00+00:00,KXIPOOURA,long_dated,221,
927,KXIPOOURA-27JUL01,0.0,2026-05-25 00:00:00+00:00,KXIPOOURA,long_dated,221,
927,KXIPOOURA-27OCT01,0.0,2026-05-25 00:00:00+00:00,KXIPOOURA,long_dated,221,
927,KXIPOOURA-28JAN01,0.0,2026-05-25 00:00:00+00:00,KXIPOOURA,long_dated,221,
928,KXMINASGOV-26OCT04-AKAL,1.0,2026-05-25 00:00:00+00:00,KXMINASGOV,long_dated,497,95.0
928,KXMINASGOV-26OCT04-CVIA,0.0,2026-05-25 00:00:00+00:00,KXMINASGOV,long_dated,497,
929,KXMINASGOV-26OCT04-GAZE,1.0,2026-05-25 00:00:00+00:00,KXMINASGOV,long_dated,497,95.0
929,KXMINASGOV-26OCT04-CVIA,0.0,2026-05-25 00:00:00+00:00,KXMINASGOV,long_dated,497,
930,KXMINASGOV-26OCT04-MSIM,1.0,2026-05-25 00:00:00+00:00,KXMINASGOV,long_dated,497,95.0
930,KXMINASGOV-26OCT04-CVIA,0.0,2026-05-25 00:00:00+00:00,KXMINASGOV,long_dated,497,
931,KXPRESNOMG-28-ABAR,1.0,2026-05-25 00:00:00+00:00,KXPRESNOMG,long_dated,897,170.0
931,KXPRESNOMG-28-JZAV,0.0,2026-05-25 00:00:00+00:00,KXPRESNOMG,long_dated,897,
932,KXPRESNOMG-28-BWAR,1.0,2026-05-25 00:00:00+00:00,KXPRESNOMG,long_dated,897,170.0
932,KXPRESNOMG-28-JZAV,0.0,2026-05-25 00:00:00+00:00,KXPRESNOMG,long_dated,897,
933,KXPRESNOMG-28-DDAV,1.0,2026-05-25 00:00:00+00:00,KXPRESNOMG,long_dated,897,170.0
933,KXPRESNOMG-28-JZAV,0.0,2026-05-25 00:00:00+00:00,KXPRESNOMG,long_dated,897,
934,KXPRESNOMG-28-JSHE,1.0,2026-05-25 00:00:00+00:00,KXPRESNOMG,long_dated,897,170.0
934,KXPRESNOMG-28-JZAV,0.0,2026-05-25 00:00:00+00:00,KXPRESNOMG,long_dated,897,
935,KXPRESNOMG-28-JSTE,1.0,2026-05-25 00:00:00+00:00,KXPRESNOMG,long_dated,897,170.0
935,KXPRESNOMG-28-JZAV,0.0,2026-05-25 00:00:00+00:00,KXPRESNOMG,long_dated,897,
936,KXPRESNOML-28-COLI,1.0,2026-05-25 00:00:00+00:00,KXPRESNOML,long_dated,897,135.0
936,KXPRESNOML-28-GJOH,0.0,2026-05-25 00:00:00+00:00,KXPRESNOML,long_dated,897,
936,KXPRESNOML-28-JHOR,0.0,2026-05-25 00:00:00+00:00,KXPRESNOML,long_dated,897,
936,KXPRESNOML-28-JJOR,0.0,2026-05-25 00:00:00+00:00,KXPRESNOML,long_dated,897,
936,KXPRESNOML-28-JSMI,0.0,2026-05-25 00:00:00+00:00,KXPRESNOML,long_dated,897,
936,KXPRESNOML-28-LMAP,0.0,2026-05-25 00:00:00+00:00,KXPRESNOML,long_dated,897,
937,KXPRESNOML-28-DSMI,1.0,2026-05-25 00:00:00+00:00,KXPRESNOML,long_dated,897,135.0
937,KXPRESNOML-28-GJOH,0.0,2026-05-25 00:00:00+00:00,KXPRESNOML,long_dated,897,
937,KXPRESNOML-28-JHOR,0.0,2026-05-25 00:00:00+00:00,KXPRESNOML,long_dated,897,
937,KXPRESNOML-28-JJOR,0.0,2026-05-25 00:00:00+00:00,KXPRESNOML,long_dated,897,
937,KXPRESNOML-28-JSMI,0.0,2026-05-25 00:00:00+00:00,KXPRESNOML,long_dated,897,
937,KXPRESNOML-28-LMAP,0.0,2026-05-25 00:00:00+00:00,KXPRESNOML,long_dated,897,
938,KXPRESNOML-28-JAMA,1.0,2026-05-25 00:00:00+00:00,KXPRESNOML,long_dated,897,135.0
938,KXPRESNOML-28-GJOH,0.0,2026-05-25 00:00:00+00:00,KXPRESNOML,long_dated,897,
938,KXPRESNOML-28-JHOR,0.0,2026-05-25 00:00:00+00:00,KXPRESNOML,long_dated,897,
938,KXPRESNOML-28-JJOR,0.0,2026-05-25 00:00:00+00:00,KXPRESNOML,long_dated,897,
938,KXPRESNOML-28-JSMI,0.0,2026-05-25 00:00:00+00:00,KXPRESNOML,long_dated,897,
938,KXPRESNOML-28-LMAP,0.0,2026-05-25 00:00:00+00:00,KXPRESNOML,long_dated,897,
939,KXPRESNOML-28-LSHA,1.0,2026-05-25 00:00:00+00:00,KXPRESNOML,long_dated,897,135.0
939,KXPRESNOML-28-GJOH,0.0,2026-05-25 00:00:00+00:00,KXPRESNOML,long_dated,897,
939,KXPRESNOML-28-JHOR,0.0,2026-05-25 00:00:00+00:00,KXPRESNOML,long_dated,897,
939,KXPRESNOML-28-JJOR,0.0,2026-05-25 00:00:00+00:00,KXPRESNOML,long_dated,897,
939,KXPRESNOML-28-JSMI,0.0,2026-05-25 00:00:00+00:00,KXPRESNOML,long_dated,897,
939,KXPRESNOML-28-LMAP,0.0,2026-05-25 00:00:00+00:00,KXPRESNOML,long_dated,897,
940,KXPRESNOML-28-MREC,1.0,2026-05-25 00:00:00+00:00,KXPRESNOML,long_dated,897,135.0
940,KXPRESNOML-28-GJOH,0.0,2026-05-25 00:00:00+00:00,KXPRESNOML,long_dated,897,
940,KXPRESNOML-28-JHOR,0.0,2026-05-25 00:00:00+00:00,KXPRESNOML,long_dated,897,
940,KXPRESNOML-28-JJOR,0.0,2026-05-25 00:00:00+00:00,KXPRESNOML,long_dated,897,
940,KXPRESNOML-28-JSMI,0.0,2026-05-25 00:00:00+00:00,KXPRESNOML,long_dated,897,
940,KXPRESNOML-28-LMAP,0.0,2026-05-25 00:00:00+00:00,KXPRESNOML,long_dated,897,
941,KXPRESNOML-28-SCOH,1.0,2026-05-25 00:00:00+00:00,KXPRESNOML,long_dated,897,135.0
941,KXPRESNOML-28-GJOH,0.0,2026-05-25 00:00:00+00:00,KXPRESNOML,long_dated,897,
941,KXPRESNOML-28-JHOR,0.0,2026-05-25 00:00:00+00:00,KXPRESNOML,long_dated,897,
941,KXPRESNOML-28-JJOR,0.0,2026-05-25 00:00:00+00:00,KXPRESNOML,long_dated,897,
941,KXPRESNOML-28-JSMI,0.0,2026-05-25 00:00:00+00:00,KXPRESNOML,long_dated,897,
941,KXPRESNOML-28-LMAP,0.0,2026-05-25 00:00:00+00:00,KXPRESNOML,long_dated,897,
942,KXPRIMARYPLACE-SENATEMID26-2-HSTE,1.0,2026-05-25 00:00:00+00:00,KXPRIMARYPLACE,long_dated,92,140.0
942,KXPRIMARYPLACE-SENATEMID26-2-MMCM,0.0,2026-05-25 00:00:00+00:00,KXPRIMARYPLACE,long_dated,92,
942,KXPRIMARYPLACE-NY12D26-2-MLAS,0.0,2026-05-25 00:00:00+00:00,KXPRIMARYPLACE,long_dated,92,
942,KXPRIMARYPLACE-NY12D26-2-ABOR,0.0,2026-05-25 00:00:00+00:00,KXPRIMARYPLACE,long_dated,92,
942,KXPRIMARYPLACE-NY12D26-2-GCON,0.0,2026-05-25 00:00:00+00:00,KXPRIMARYPLACE,long_dated,92,
943,KXRANKLISTGOOGLESEARCH-26DEC-TAY,1.0,2026-05-25 00:00:00+00:00,KXRANKLISTGOOGLESEARCH,long_dated,220,410.0
943,KXRANKLISTGOOGLESEARCH-26DEC-SAM,0.0,2026-05-25 00:00:00+00:00,KXRANKLISTGOOGLESEARCH,long_dated,220,
943,KXRANKLISTGOOGLESEARCH-26DEC-BIL,0.0,2026-05-25 00:00:00+00:00,KXRANKLISTGOOGLESEARCH,long_dated,220,
943,KXRANKLISTGOOGLESEARCH-26DEC-TIM,0.0,2026-05-25 00:00:00+00:00,KXRANKLISTGOOGLESEARCH,long_dated,220,
943,KXRANKLISTGOOGLESEARCH-26DEC-VLA,0.0,2026-05-25 00:00:00+00:00,KXRANKLISTGOOGLESEARCH,long_dated,220,
943,KXRANKLISTGOOGLESEARCH-26DEC-ELO,0.0,2026-05-25 00:00:00+00:00,KXRANKLISTGOOGLESEARCH,long_dated,220,
943,KXRANKLISTGOOGLESEARCH-26DEC-BAD,0.0,2026-05-25 00:00:00+00:00,KXRANKLISTGOOGLESEARCH,long_dated,220,
944,KXSOLAR-26-55,1.0,2026-05-25 00:00:00+00:00,KXSOLAR,long_dated,310,95.0
944,KXSOLAR-26-45,0.0,2026-05-25 00:00:00+00:00,KXSOLAR,long_dated,310,
944,KXSOLAR-26-40,0.0,2026-05-25 00:00:00+00:00,KXSOLAR,long_dated,310,
944,KXSOLAR-26-35,0.0,2026-05-25 00:00:00+00:00,KXSOLAR,long_dated,310,
944,KXSOLAR-26-50,0.0,2026-05-25 00:00:00+00:00,KXSOLAR,long_dated,310,
945,KXSTATELEG-AKSEN26-D,1.0,2026-05-25 00:00:00+00:00,KXSTATELEG,long_dated,527,110.0
945,KXSTATELEG-AKHOUSE26-D,0.0,2026-05-25 00:00:00+00:00,KXSTATELEG,long_dated,527,
945,KXSTATELEG-AKHOUSE26-R,0.0,2026-05-25 00:00:00+00:00,KXSTATELEG,long_dated,527,
945,KXSTATELEG-GAHOUSE26-D,0.0,2026-05-25 00:00:00+00:00,KXSTATELEG,long_dated,527,
945,KXSTATELEG-GAHOUSE26-R,0.0,2026-05-25 00:00:00+00:00,KXSTATELEG,long_dated,527,
946,KXTOPSONGSPOTIFY-26-FAT,1.0,2026-05-25 00:00:00+00:00,KXTOPSONGSPOTIFY,long_dated,220,90.0
946,KXTOPSONGSPOTIFY-26-DTMF,0.0,2026-05-25 00:00:00+00:00,KXTOPSONGSPOTIFY,long_dated,220,
946,KXTOPSONGSPOTIFY-26-RAI,0.0,2026-05-25 00:00:00+00:00,KXTOPSONGSPOTIFY,long_dated,220,
946,KXTOPSONGSPOTIFY-26-PIN,0.0,2026-05-25 00:00:00+00:00,KXTOPSONGSPOTIFY,long_dated,220,
946,KXTOPSONGSPOTIFY-26-GOL,0.0,2026-05-25 00:00:00+00:00,KXTOPSONGSPOTIFY,long_dated,220,
946,KXTOPSONGSPOTIFY-26-OLI,0.0,2026-05-25 00:00:00+00:00,KXTOPSONGSPOTIFY,long_dated,220,
946,KXTOPSONGSPOTIFY-26-APE,0.0,2026-05-25 00:00:00+00:00,KXTOPSONGSPOTIFY,long_dated,220,
946,KXTOPSONGSPOTIFY-26-APT,0.0,2026-05-25 00:00:00+00:00,KXTOPSONGSPOTIFY,long_dated,220,
946,KXTOPSONGSPOTIFY-26-BAC,0.0,2026-05-25 00:00:00+00:00,KXTOPSONGSPOTIFY,long_dated,220,
946,KXTOPSONGSPOTIFY-26-BIR,0.0,2026-05-25 00:00:00+00:00,KXTOPSONGSPOTIFY,long_dated,220,
946,KXTOPSONGSPOTIFY-26-BRU,0.0,2026-05-25 00:00:00+00:00,KXTOPSONGSPOTIFY,long_dated,220,
947,KXUNSEC-27JAN-MBAC,1.0,2026-05-25 00:00:00+00:00,KXUNSEC,long_dated,225,95.0
947,KXUNSEC-27JAN-MFER,0.0,2026-05-25 00:00:00+00:00,KXUNSEC,long_dated,225,
947,KXUNSEC-27JAN-MMOT,0.0,2026-05-25 00:00:00+00:00,KXUNSEC,long_dated,225,
947,KXUNSEC-27JAN-ABAR,0.0,2026-05-25 00:00:00+00:00,KXUNSEC,long_dated,225,
947,KXUNSEC-27JAN-AMOH,0.0,2026-05-25 00:00:00+00:00,KXUNSEC,long_dated,225,
947,KXUNSEC-27JAN-RGRYN,0.0,2026-05-25 00:00:00+00:00,KXUNSEC,long_dated,225,
948,KXUNSEC-27JAN-RGRO,1.0,2026-05-25 00:00:00+00:00,KXUNSEC,long_dated,225,95.0
948,KXUNSEC-27JAN-RGRYN,0.0,2026-05-25 00:00:00+00:00,KXUNSEC,long_dated,225,
948,KXUNSEC-27JAN-MFER,0.0,2026-05-25 00:00:00+00:00,KXUNSEC,long_dated,225,
948,KXUNSEC-27JAN-MMOT,0.0,2026-05-25 00:00:00+00:00,KXUNSEC,long_dated,225,
948,KXUNSEC-27JAN-ABAR,0.0,2026-05-25 00:00:00+00:00,KXUNSEC,long_dated,225,
948,KXUNSEC-27JAN-AMOH,0.0,2026-05-25 00:00:00+00:00,KXUNSEC,long_dated,225,
949,GOVPARTYVT-26-R,1.0,2026-06-03 00:00:00+00:00,GOVPARTYVT,long_dated,518,110.0
949,GOVPARTYVT-26-D,0.0,2026-06-03 00:00:00+00:00,GOVPARTYVT,long_dated,518,
950,KXAAAGASMAXTX-26DEC31-4.60,1.0,2026-06-03 00:00:00+00:00,KXAAAGASMAXTX,long_dated,211,70.0
950,KXAAAGASMAXTX-26DEC31-4.80,0.0,2026-06-03 00:00:00+00:00,KXAAAGASMAXTX,long_dated,211,
950,KXAAAGASMAXTX-26DEC31-5.00,0.0,2026-06-03 00:00:00+00:00,KXAAAGASMAXTX,long_dated,211,
950,KXAAAGASMAXTX-26DEC31-5.20,0.0,2026-06-03 00:00:00+00:00,KXAAAGASMAXTX,long_dated,211,
950,KXAAAGASMAXTX-26DEC31-5.40,0.0,2026-06-03 00:00:00+00:00,KXAAAGASMAXTX,long_dated,211,
950,KXAAAGASMAXTX-26DEC31-5.60,0.0,2026-06-03 00:00:00+00:00,KXAAAGASMAXTX,long_dated,211,
950,KXAAAGASMAXTX-26DEC31-5.80,0.0,2026-06-03 00:00:00+00:00,KXAAAGASMAXTX,long_dated,211,
950,KXAAAGASMAXTX-26DEC31-6.00,0.0,2026-06-03 00:00:00+00:00,KXAAAGASMAXTX,long_dated,211,
955,KXARTISTSTREAMSY-BEY26DEC31-5.75B,1.0,2026-06-03 00:00:00+00:00,KXARTISTSTREAMSY,long_dated,213,110.0
955,KXARTISTSTREAMSY-ITSMUR26DEC31-195.0M,0.0,2026-06-03 00:00:00+00:00,KXARTISTSTREAMSY,long_dated,213,
955,KXARTISTSTREAMSY-DANIEL26DEC31-60.0M,0.0,2026-06-03 00:00:00+00:00,KXARTISTSTREAMSY,long_dated,213,
955,KXARTISTSTREAMSY-PEGGYG26DEC31-280.0M,0.0,2026-06-03 00:00:00+00:00,KXARTISTSTREAMSY,long_dated,213,
955,KXARTISTSTREAMSY-CARLIT26DEC31-60.0M,0.0,2026-06-03 00:00:00+00:00,KXARTISTSTREAMSY,long_dated,213,
955,KXARTISTSTREAMSY-MAXDEA26DEC31-165.0M,0.0,2026-06-03 00:00:00+00:00,KXARTISTSTREAMSY,long_dated,213,
955,KXARTISTSTREAMSY-FISHER26DEC31-700.0M,0.0,2026-06-03 00:00:00+00:00,KXARTISTSTREAMSY,long_dated,213,
955,KXARTISTSTREAMSY-MK26DEC31-265.0M,0.0,2026-06-03 00:00:00+00:00,KXARTISTSTREAMSY,long_dated,213,
955,KXARTISTSTREAMSY-MAXDEA26DEC31-170.0M,0.0,2026-06-03 00:00:00+00:00,KXARTISTSTREAMSY,long_dated,213,
955,KXARTISTSTREAMSY-CHRISS26DEC31-260.0M,0.0,2026-06-03 00:00:00+00:00,KXARTISTSTREAMSY,long_dated,213,
955,KXARTISTSTREAMSY-RAMPA26DEC31-260.0M,0.0,2026-06-03 00:00:00+00:00,KXARTISTSTREAMSY,long_dated,213,
956,KXARTISTSTREAMSY-BEY26DEC31-6.0B,1.0,2026-06-03 00:00:00+00:00,KXARTISTSTREAMSY,long_dated,213,110.0
956,KXARTISTSTREAMSY-ITSMUR26DEC31-195.0M,0.0,2026-06-03 00:00:00+00:00,KXARTISTSTREAMSY,long_dated,213,
956,KXARTISTSTREAMSY-DANIEL26DEC31-60.0M,0.0,2026-06-03 00:00:00+00:00,KXARTISTSTREAMSY,long_dated,213,
956,KXARTISTSTREAMSY-PEGGYG26DEC31-280.0M,0.0,2026-06-03 00:00:00+00:00,KXARTISTSTREAMSY,long_dated,213,
956,KXARTISTSTREAMSY-CARLIT26DEC31-60.0M,0.0,2026-06-03 00:00:00+00:00,KXARTISTSTREAMSY,long_dated,213,
956,KXARTISTSTREAMSY-MAXDEA26DEC31-165.0M,0.0,2026-06-03 00:00:00+00:00,KXARTISTSTREAMSY,long_dated,213,
956,KXARTISTSTREAMSY-MK26DEC31-265.0M,0.0,2026-06-03 00:00:00+00:00,KXARTISTSTREAMSY,long_dated,213,
956,KXARTISTSTREAMSY-FISHER26DEC31-700.0M,0.0,2026-06-03 00:00:00+00:00,KXARTISTSTREAMSY,long_dated,213,
956,KXARTISTSTREAMSY-MAXDEA26DEC31-170.0M,0.0,2026-06-03 00:00:00+00:00,KXARTISTSTREAMSY,long_dated,213,
956,KXARTISTSTREAMSY-CHRISS26DEC31-255.0M,0.0,2026-06-03 00:00:00+00:00,KXARTISTSTREAMSY,long_dated,213,
956,KXARTISTSTREAMSY-BEY26DEC31-6.25B,0.0,2026-06-03 00:00:00+00:00,KXARTISTSTREAMSY,long_dated,213,
957,KXDEALR-26-DHAL,1.0,2026-06-03 00:00:00+00:00,KXDEALR,long_dated,105,180.0
957,KXDEALR-26-LMUR,0.0,2026-06-03 00:00:00+00:00,KXDEALR,long_dated,105,
957,KXDEALR-26-ECOO,0.0,2026-06-03 00:00:00+00:00,KXDEALR,long_dated,105,
957,KXDEALR-26-GSOL,0.0,2026-06-03 00:00:00+00:00,KXDEALR,long_dated,105,
962,KXESVI-27,1.0,2026-06-03 00:00:00+00:00,KXESVI,long_dated,212,410.0
962,KXESVI-28,0.0,2026-06-03 00:00:00+00:00,KXESVI,long_dated,212,
963,KXEUEXITCOUNTRY-30-ITA,1.0,2026-06-03 00:00:00+00:00,KXEUEXITCOUNTRY,long_dated,1308,360.0
963,KXEUEXITCOUNTRY-30-SPA,0.0,2026-06-03 00:00:00+00:00,KXEUEXITCOUNTRY,long_dated,1308,
963,KXEUEXITCOUNTRY-30-GER,0.0,2026-06-03 00:00:00+00:00,KXEUEXITCOUNTRY,long_dated,1308,
963,KXEUEXITCOUNTRY-30-FRA,0.0,2026-06-03 00:00:00+00:00,KXEUEXITCOUNTRY,long_dated,1308,
963,KXEUEXITCOUNTRY-30-HUN,0.0,2026-06-03 00:00:00+00:00,KXEUEXITCOUNTRY,long_dated,1308,
964,KXEUEXITCOUNTRY-30-POL,1.0,2026-06-03 00:00:00+00:00,KXEUEXITCOUNTRY,long_dated,1308,90.0
964,KXEUEXITCOUNTRY-30-SPA,0.0,2026-06-03 00:00:00+00:00,KXEUEXITCOUNTRY,long_dated,1308,
964,KXEUEXITCOUNTRY-30-GER,0.0,2026-06-03 00:00:00+00:00,KXEUEXITCOUNTRY,long_dated,1308,
964,KXEUEXITCOUNTRY-30-FRA,0.0,2026-06-03 00:00:00+00:00,KXEUEXITCOUNTRY,long_dated,1308,
964,KXEUEXITCOUNTRY-30-HUN,0.0,2026-06-03 00:00:00+00:00,KXEUEXITCOUNTRY,long_dated,1308,
965,KXFED-26DEC-T3.00,1.0,2026-06-03 00:00:00+00:00,KXFED,long_dated,189,70.0
965,KXFED-26SEP-T3.75,0.0,2026-06-03 00:00:00+00:00,KXFED,long_dated,189,
965,KXFED-27JAN-T2.00,0.0,2026-06-03 00:00:00+00:00,KXFED,long_dated,189,
965,KXFED-26OCT-T3.75,0.0,2026-06-03 00:00:00+00:00,KXFED,long_dated,189,
965,KXFED-27APR-T1.25,0.0,2026-06-03 00:00:00+00:00,KXFED,long_dated,189,
965,KXFED-27MAR-T4.00,0.0,2026-06-03 00:00:00+00:00,KXFED,long_dated,189,
965,KXFED-26DEC-T4.00,0.0,2026-06-03 00:00:00+00:00,KXFED,long_dated,189,
965,KXFED-27APR-T2.00,0.0,2026-06-03 00:00:00+00:00,KXFED,long_dated,189,
965,KXFED-27MAR-T2.50,0.0,2026-06-03 00:00:00+00:00,KXFED,long_dated,189,
965,KXFED-27APR-T1.50,0.0,2026-06-03 00:00:00+00:00,KXFED,long_dated,189,
965,KXFED-26OCT-T3.25,0.0,2026-06-03 00:00:00+00:00,KXFED,long_dated,189,
966,KXFED-26DEC-T3.25,1.0,2026-06-03 00:00:00+00:00,KXFED,long_dated,189,70.0
966,KXFED-27MAR-T3.75,0.0,2026-06-03 00:00:00+00:00,KXFED,long_dated,189,
966,KXFED-27MAR-T2.75,0.0,2026-06-03 00:00:00+00:00,KXFED,long_dated,189,
966,KXFED-27APR-T2.75,0.0,2026-06-03 00:00:00+00:00,KXFED,long_dated,189,
966,KXFED-27APR-T4.25,0.0,2026-06-03 00:00:00+00:00,KXFED,long_dated,189,
966,KXFED-27APR-T2.50,0.0,2026-06-03 00:00:00+00:00,KXFED,long_dated,189,
966,KXFED-27APR-T4.00,0.0,2026-06-03 00:00:00+00:00,KXFED,long_dated,189,
966,KXFED-27APR-T1.75,0.0,2026-06-03 00:00:00+00:00,KXFED,long_dated,189,
966,KXFED-26OCT-T3.50,0.0,2026-06-03 00:00:00+00:00,KXFED,long_dated,189,
966,KXFED-27JAN-T4.00,0.0,2026-06-03 00:00:00+00:00,KXFED,long_dated,189,
966,KXFED-27APR-T2.25,0.0,2026-06-03 00:00:00+00:00,KXFED,long_dated,189,
967,KXFED-26DEC-T3.50,1.0,2026-06-03 00:00:00+00:00,KXFED,long_dated,189,70.0
967,KXFED-27APR-T3.50,0.0,2026-06-03 00:00:00+00:00,KXFED,long_dated,189,
967,KXFED-27MAR-T3.00,0.0,2026-06-03 00:00:00+00:00,KXFED,long_dated,189,
967,KXFED-27MAR-T3.50,0.0,2026-06-03 00:00:00+00:00,KXFED,long_dated,189,
967,KXFED-27APR-T3.00,0.0,2026-06-03 00:00:00+00:00,KXFED,long_dated,189,
967,KXFED-27APR-T3.75,0.0,2026-06-03 00:00:00+00:00,KXFED,long_dated,189,
967,KXFED-27APR-T3.25,0.0,2026-06-03 00:00:00+00:00,KXFED,long_dated,189,
967,KXFED-27JAN-T4.00,0.0,2026-06-03 00:00:00+00:00,KXFED,long_dated,189,
967,KXFED-26OCT-T3.50,0.0,2026-06-03 00:00:00+00:00,KXFED,long_dated,189,
967,KXFED-27APR-T4.00,0.0,2026-06-03 00:00:00+00:00,KXFED,long_dated,189,
967,KXFED-27APR-T2.50,0.0,2026-06-03 00:00:00+00:00,KXFED,long_dated,189,
968,KXFED-26DEC-T3.75,1.0,2026-06-03 00:00:00+00:00,KXFED,long_dated,189,70.0
968,KXFED-27APR-T4.00,0.0,2026-06-03 00:00:00+00:00,KXFED,long_dated,189,
968,KXFED-26OCT-T3.50,0.0,2026-06-03 00:00:00+00:00,KXFED,long_dated,189,
968,KXFED-27JAN-T4.00,0.0,2026-06-03 00:00:00+00:00,KXFED,long_dated,189,
968,KXFED-27APR-T2.50,0.0,2026-06-03 00:00:00+00:00,KXFED,long_dated,189,
968,KXFED-27APR-T4.25,0.0,2026-06-03 00:00:00+00:00,KXFED,long_dated,189,
968,KXFED-27APR-T2.75,0.0,2026-06-03 00:00:00+00:00,KXFED,long_dated,189,
968,KXFED-27APR-T3.75,0.0,2026-06-03 00:00:00+00:00,KXFED,long_dated,189,
968,KXFED-27APR-T3.00,0.0,2026-06-03 00:00:00+00:00,KXFED,long_dated,189,
968,KXFED-27MAR-T3.75,0.0,2026-06-03 00:00:00+00:00,KXFED,long_dated,189,
968,KXFED-27MAR-T3.00,0.0,2026-06-03 00:00:00+00:00,KXFED,long_dated,189,
969,KXFERT-26-1000,1.0,2026-06-03 00:00:00+00:00,KXFERT,long_dated,212,155.0
969,KXFERT-26-1600,0.0,2026-06-03 00:00:00+00:00,KXFERT,long_dated,212,
969,KXFERT-26-1300,0.0,2026-06-03 00:00:00+00:00,KXFERT,long_dated,212,
969,KXFERT-26-1500,0.0,2026-06-03 00:00:00+00:00,KXFERT,long_dated,212,
969,KXFERT-26-1400,0.0,2026-06-03 00:00:00+00:00,KXFERT,long_dated,212,
970,KXFERT-26-1100,1.0,2026-06-03 00:00:00+00:00,KXFERT,long_dated,212,155.0
970,KXFERT-26-1600,0.0,2026-06-03 00:00:00+00:00,KXFERT,long_dated,212,
970,KXFERT-26-1300,0.0,2026-06-03 00:00:00+00:00,KXFERT,long_dated,212,
970,KXFERT-26-1500,0.0,2026-06-03 00:00:00+00:00,KXFERT,long_dated,212,
970,KXFERT-26-1400,0.0,2026-06-03 00:00:00+00:00,KXFERT,long_dated,212,
971,KXFERT-26-1200,1.0,2026-06-03 00:00:00+00:00,KXFERT,long_dated,212,155.0
971,KXFERT-26-1400,0.0,2026-06-03 00:00:00+00:00,KXFERT,long_dated,212,
971,KXFERT-26-1500,0.0,2026-06-03 00:00:00+00:00,KXFERT,long_dated,212,
971,KXFERT-26-1300,0.0,2026-06-03 00:00:00+00:00,KXFERT,long_dated,212,
971,KXFERT-26-1600,0.0,2026-06-03 00:00:00+00:00,KXFERT,long_dated,212,
972,KXGOVMNNOMR-26-KQUA,1.0,2026-06-03 00:00:00+00:00,KXGOVMNNOMR,long_dated,70,70.0
972,KXGOVMNNOMR-26-JSCH,0.0,2026-06-03 00:00:00+00:00,KXGOVMNNOMR,long_dated,70,
972,KXGOVMNNOMR-26-KROB,0.0,2026-06-03 00:00:00+00:00,KXGOVMNNOMR,long_dated,70,
972,KXGOVMNNOMR-26-SJEN,0.0,2026-06-03 00:00:00+00:00,KXGOVMNNOMR,long_dated,70,
972,KXGOVMNNOMR-26-BKOH,0.0,2026-06-03 00:00:00+00:00,KXGOVMNNOMR,long_dated,70,
972,KXGOVMNNOMR-26-CMAD,0.0,2026-06-03 00:00:00+00:00,KXGOVMNNOMR,long_dated,70,
973,KXHOUSERACE-CA02-26-D,1.0,2026-06-03 00:00:00+00:00,KXHOUSERACE,long_dated,518,75.0
973,KXHOUSERACE-NY06-26-D,0.0,2026-06-03 00:00:00+00:00,KXHOUSERACE,long_dated,518,
973,KXHOUSERACE-SDAL-26-D,0.0,2026-06-03 00:00:00+00:00,KXHOUSERACE,long_dated,518,
973,KXHOUSERACE-PA11-26-D,0.0,2026-06-03 00:00:00+00:00,KXHOUSERACE,long_dated,518,
973,KXHOUSERACE-CA44-26-D,0.0,2026-06-03 00:00:00+00:00,KXHOUSERACE,long_dated,518,
973,KXHOUSERACE-NDAL-26-D,0.0,2026-06-03 00:00:00+00:00,KXHOUSERACE,long_dated,518,
973,KXHOUSERACE-MI13-26-D,0.0,2026-06-03 00:00:00+00:00,KXHOUSERACE,long_dated,518,
973,KXHOUSERACE-NE03-26-R,0.0,2026-06-03 00:00:00+00:00,KXHOUSERACE,long_dated,518,
973,KXHOUSERACE-CA50-26-D,0.0,2026-06-03 00:00:00+00:00,KXHOUSERACE,long_dated,518,
973,KXHOUSERACE-FL19-26-D,0.0,2026-06-03 00:00:00+00:00,KXHOUSERACE,long_dated,518,
973,KXHOUSERACE-SC04-26-D,0.0,2026-06-03 00:00:00+00:00,KXHOUSERACE,long_dated,518,
974,KXHOUSERACE-CA02-26-R,1.0,2026-06-03 00:00:00+00:00,KXHOUSERACE,long_dated,518,75.0
974,KXHOUSERACE-RI02-26-R,0.0,2026-06-03 00:00:00+00:00,KXHOUSERACE,long_dated,518,
974,KXHOUSERACE-CA15-26-R,0.0,2026-06-03 00:00:00+00:00,KXHOUSERACE,long_dated,518,
974,KXHOUSERACE-KY05-26-R,0.0,2026-06-03 00:00:00+00:00,KXHOUSERACE,long_dated,518,
974,KXHOUSERACE-IL09-26-R,0.0,2026-06-03 00:00:00+00:00,KXHOUSERACE,long_dated,518,
974,KXHOUSERACE-CA17-26-R,0.0,2026-06-03 00:00:00+00:00,KXHOUSERACE,long_dated,518,
974,KXHOUSERACE-NJ08-26-R,0.0,2026-06-03 00:00:00+00:00,KXHOUSERACE,long_dated,518,
974,KXHOUSERACE-TX16-26-R,0.0,2026-06-03 00:00:00+00:00,KXHOUSERACE,long_dated,518,
974,KXHOUSERACE-IL04-26-D,0.0,2026-06-03 00:00:00+00:00,KXHOUSERACE,long_dated,518,
974,KXHOUSERACE-NY20-26-D,0.0,2026-06-03 00:00:00+00:00,KXHOUSERACE,long_dated,518,
974,KXHOUSERACE-MO07-26-D,0.0,2026-06-03 00:00:00+00:00,KXHOUSERACE,long_dated,518,
975,KXHOUSERACE-CA06-26-KKIL,1.0,2026-06-03 00:00:00+00:00,KXHOUSERACE,long_dated,518,195.0
975,KXHOUSERACE-GA01-26-R,0.0,2026-06-03 00:00:00+00:00,KXHOUSERACE,long_dated,518,
975,KXHOUSERACE-WI05-26-R,0.0,2026-06-03 00:00:00+00:00,KXHOUSERACE,long_dated,518,
975,KXHOUSERACE-GA01-26-D,0.0,2026-06-03 00:00:00+00:00,KXHOUSERACE,long_dated,518,
975,KXHOUSERACE-GA03-26-R,0.0,2026-06-03 00:00:00+00:00,KXHOUSERACE,long_dated,518,
975,KXHOUSERACE-AR02-26-D,0.0,2026-06-03 00:00:00+00:00,KXHOUSERACE,long_dated,518,
975,KXHOUSERACE-WI05-26-D,0.0,2026-06-03 00:00:00+00:00,KXHOUSERACE,long_dated,518,
975,KXHOUSERACE-WV01-26-R,0.0,2026-06-03 00:00:00+00:00,KXHOUSERACE,long_dated,518,
975,KXHOUSERACE-TN09-26-R,0.0,2026-06-03 00:00:00+00:00,KXHOUSERACE,long_dated,518,
975,KXHOUSERACE-OH06-26-D,0.0,2026-06-03 00:00:00+00:00,KXHOUSERACE,long_dated,518,
975,KXHOUSERACE-MI05-26-R,0.0,2026-06-03 00:00:00+00:00,KXHOUSERACE,long_dated,518,
976,KXHOUSERACE-CA06-26-R,1.0,2026-06-03 00:00:00+00:00,KXHOUSERACE,long_dated,518,480.0
976,KXHOUSERACE-AL01-26-R,0.0,2026-06-03 00:00:00+00:00,KXHOUSERACE,long_dated,518,
976,KXHOUSERACE-IN03-26-D,0.0,2026-06-03 00:00:00+00:00,KXHOUSERACE,long_dated,518,
976,KXHOUSERACE-MI09-26-D,0.0,2026-06-03 00:00:00+00:00,KXHOUSERACE,long_dated,518,
976,KXHOUSERACE-IL14-26-R,0.0,2026-06-03 00:00:00+00:00,KXHOUSERACE,long_dated,518,
976,KXHOUSERACE-AL06-26-D,0.0,2026-06-03 00:00:00+00:00,KXHOUSERACE,long_dated,518,
976,KXHOUSERACE-TN02-26-D,0.0,2026-06-03 00:00:00+00:00,KXHOUSERACE,long_dated,518,
976,KXHOUSERACE-PA14-26-D,0.0,2026-06-03 00:00:00+00:00,KXHOUSERACE,long_dated,518,
976,KXHOUSERACE-TN06-26-D,0.0,2026-06-03 00:00:00+00:00,KXHOUSERACE,long_dated,518,
976,KXHOUSERACE-PA09-26-D,0.0,2026-06-03 00:00:00+00:00,KXHOUSERACE,long_dated,518,
976,KXHOUSERACE-OK03-26-D,0.0,2026-06-03 00:00:00+00:00,KXHOUSERACE,long_dated,518,
977,KXHOUSERACE-CA24-26-D,1.0,2026-06-03 00:00:00+00:00,KXHOUSERACE,long_dated,518,135.0
977,KXHOUSERACE-CA50-26-D,0.0,2026-06-03 00:00:00+00:00,KXHOUSERACE,long_dated,518,
977,KXHOUSERACE-MI13-26-D,0.0,2026-06-03 00:00:00+00:00,KXHOUSERACE,long_dated,518,
977,KXHOUSERACE-NDAL-26-D,0.0,2026-06-03 00:00:00+00:00,KXHOUSERACE,long_dated,518,
977,KXHOUSERACE-MN07-26-D,0.0,2026-06-03 00:00:00+00:00,KXHOUSERACE,long_dated,518,
977,KXHOUSERACE-TX25-26-D,0.0,2026-06-03 00:00:00+00:00,KXHOUSERACE,long_dated,518,
977,KXHOUSERACE-CA44-26-D,0.0,2026-06-03 00:00:00+00:00,KXHOUSERACE,long_dated,518,
977,KXHOUSERACE-PA11-26-D,0.0,2026-06-03 00:00:00+00:00,KXHOUSERACE,long_dated,518,
977,KXHOUSERACE-CA51-26-D,0.0,2026-06-03 00:00:00+00:00,KXHOUSERACE,long_dated,518,
977,KXHOUSERACE-NY06-26-D,0.0,2026-06-03 00:00:00+00:00,KXHOUSERACE,long_dated,518,
977,KXHOUSERACE-SDAL-26-D,0.0,2026-06-03 00:00:00+00:00,KXHOUSERACE,long_dated,518,
978,KXHOUSERACE-CA24-26-R,1.0,2026-06-03 00:00:00+00:00,KXHOUSERACE,long_dated,518,135.0
978,KXHOUSERACE-CA08-26-R,0.0,2026-06-03 00:00:00+00:00,KXHOUSERACE,long_dated,518,
978,KXHOUSERACE-MS01-26-D,0.0,2026-06-03 00:00:00+00:00,KXHOUSERACE,long_dated,518,
978,KXHOUSERACE-MD05-26-R,0.0,2026-06-03 00:00:00+00:00,KXHOUSERACE,long_dated,518,
978,KXHOUSERACE-TN04-26-D,0.0,2026-06-03 00:00:00+00:00,KXHOUSERACE,long_dated,518,
978,KXHOUSERACE-TN04-26-R,0.0,2026-06-03 00:00:00+00:00,KXHOUSERACE,long_dated,518,
978,KXHOUSERACE-MS03-26-D,0.0,2026-06-03 00:00:00+00:00,KXHOUSERACE,long_dated,518,
978,KXHOUSERACE-IL01-26-R,0.0,2026-06-03 00:00:00+00:00,KXHOUSERACE,long_dated,518,
978,KXHOUSERACE-OH11-26-R,0.0,2026-06-03 00:00:00+00:00,KXHOUSERACE,long_dated,518,
978,KXHOUSERACE-CT03-26-R,0.0,2026-06-03 00:00:00+00:00,KXHOUSERACE,long_dated,518,
978,KXHOUSERACE-WA10-26-D,0.0,2026-06-03 00:00:00+00:00,KXHOUSERACE,long_dated,518,
979,KXHOUSERACE-FL05-26-D,1.0,2026-06-03 00:00:00+00:00,KXHOUSERACE,long_dated,518,80.0
979,KXHOUSERACE-FL08-26-D,0.0,2026-06-03 00:00:00+00:00,KXHOUSERACE,long_dated,518,
979,KXHOUSERACE-PA14-26-R,0.0,2026-06-03 00:00:00+00:00,KXHOUSERACE,long_dated,518,
979,KXHOUSERACE-OH05-26-D,0.0,2026-06-03 00:00:00+00:00,KXHOUSERACE,long_dated,518,
979,KXHOUSERACE-TN02-26-R,0.0,2026-06-03 00:00:00+00:00,KXHOUSERACE,long_dated,518,
979,KXHOUSERACE-IN06-26-R,0.0,2026-06-03 00:00:00+00:00,KXHOUSERACE,long_dated,518,
979,KXHOUSERACE-FL11-26-D,0.0,2026-06-03 00:00:00+00:00,KXHOUSERACE,long_dated,518,
979,KXHOUSERACE-OK04-26-R,0.0,2026-06-03 00:00:00+00:00,KXHOUSERACE,long_dated,518,
979,KXHOUSERACE-TX29-26-D,0.0,2026-06-03 00:00:00+00:00,KXHOUSERACE,long_dated,518,
979,KXHOUSERACE-FL12-26-D,0.0,2026-06-03 00:00:00+00:00,KXHOUSERACE,long_dated,518,
979,KXHOUSERACE-TN09-26-D,0.0,2026-06-03 00:00:00+00:00,KXHOUSERACE,long_dated,518,
980,KXHOUSERACE-GA02-26-D,1.0,2026-06-03 00:00:00+00:00,KXHOUSERACE,long_dated,518,215.0
980,KXHOUSERACE-MA08-26-D,0.0,2026-06-03 00:00:00+00:00,KXHOUSERACE,long_dated,518,
980,KXHOUSERACE-NJ01-26-D,0.0,2026-06-03 00:00:00+00:00,KXHOUSERACE,long_dated,518,
980,KXHOUSERACE-CT02-26-D,0.0,2026-06-03 00:00:00+00:00,KXHOUSERACE,long_dated,518,
980,KXHOUSERACE-GA04-26-D,0.0,2026-06-03 00:00:00+00:00,KXHOUSERACE,long_dated,518,
980,KXHOUSERACE-MO04-26-D,0.0,2026-06-03 00:00:00+00:00,KXHOUSERACE,long_dated,518,
980,KXHOUSERACE-MA03-26-D,0.0,2026-06-03 00:00:00+00:00,KXHOUSERACE,long_dated,518,
980,KXHOUSERACE-IN02-26-D,0.0,2026-06-03 00:00:00+00:00,KXHOUSERACE,long_dated,518,
980,KXHOUSERACE-OK02-26-R,0.0,2026-06-03 00:00:00+00:00,KXHOUSERACE,long_dated,518,
980,KXHOUSERACE-CA18-26-D,0.0,2026-06-03 00:00:00+00:00,KXHOUSERACE,long_dated,518,
980,KXHOUSERACE-TN08-26-D,0.0,2026-06-03 00:00:00+00:00,KXHOUSERACE,long_dated,518,
981,KXHOUSERACE-GA02-26-R,1.0,2026-06-03 00:00:00+00:00,KXHOUSERACE,long_dated,518,215.0
981,KXHOUSERACE-SDAL-26-R,0.0,2026-06-03 00:00:00+00:00,KXHOUSERACE,long_dated,518,
981,KXHOUSERACE-TN06-26-R,0.0,2026-06-03 00:00:00+00:00,KXHOUSERACE,long_dated,518,
981,KXHOUSERACE-MD07-26-D,0.0,2026-06-03 00:00:00+00:00,KXHOUSERACE,long_dated,518,
981,KXHOUSERACE-KS02-26-D,0.0,2026-06-03 00:00:00+00:00,KXHOUSERACE,long_dated,518,
981,KXHOUSERACE-KS04-26-D,0.0,2026-06-03 00:00:00+00:00,KXHOUSERACE,long_dated,518,
981,KXHOUSERACE-OK01-26-D,0.0,2026-06-03 00:00:00+00:00,KXHOUSERACE,long_dated,518,
981,KXHOUSERACE-NC08-26-D,0.0,2026-06-03 00:00:00+00:00,KXHOUSERACE,long_dated,518,
981,KXHOUSERACE-OH08-26-D,0.0,2026-06-03 00:00:00+00:00,KXHOUSERACE,long_dated,518,
981,KXHOUSERACE-OH08-26-R,0.0,2026-06-03 00:00:00+00:00,KXHOUSERACE,long_dated,518,
981,KXHOUSERACE-NC13-26-D,0.0,2026-06-03 00:00:00+00:00,KXHOUSERACE,long_dated,518,
982,KXHOUSERACE-GA04-26-R,1.0,2026-06-03 00:00:00+00:00,KXHOUSERACE,long_dated,518,185.0
982,KXHOUSERACE-MA02-26-R,0.0,2026-06-03 00:00:00+00:00,KXHOUSERACE,long_dated,518,
982,KXHOUSERACE-MD08-26-R,0.0,2026-06-03 00:00:00+00:00,KXHOUSERACE,long_dated,518,
982,KXHOUSERACE-CA43-26-R,0.0,2026-06-03 00:00:00+00:00,KXHOUSERACE,long_dated,518,
982,KXHOUSERACE-MA02-26-D,0.0,2026-06-03 00:00:00+00:00,KXHOUSERACE,long_dated,518,
982,KXHOUSERACE-IL05-26-R,0.0,2026-06-03 00:00:00+00:00,KXHOUSERACE,long_dated,518,
982,KXHOUSERACE-NY13-26-R,0.0,2026-06-03 00:00:00+00:00,KXHOUSERACE,long_dated,518,
982,KXHOUSERACE-GA06-26-R,0.0,2026-06-03 00:00:00+00:00,KXHOUSERACE,long_dated,518,
982,KXHOUSERACE-IL07-26-R,0.0,2026-06-03 00:00:00+00:00,KXHOUSERACE,long_dated,518,
982,KXHOUSERACE-ME01-26-R,0.0,2026-06-03 00:00:00+00:00,KXHOUSERACE,long_dated,518,
982,KXHOUSERACE-NJ10-26-R,0.0,2026-06-03 00:00:00+00:00,KXHOUSERACE,long_dated,518,
983,KXHOUSERACE-HI02-26-D,1.0,2026-06-03 00:00:00+00:00,KXHOUSERACE,long_dated,518,95.0
983,KXHOUSERACE-LA04-26-R,0.0,2026-06-03 00:00:00+00:00,KXHOUSERACE,long_dated,518,
983,KXHOUSERACE-TX21-26-R,0.0,2026-06-03 00:00:00+00:00,KXHOUSERACE,long_dated,518,
983,KXHOUSERACE-ID02-26-R,0.0,2026-06-03 00:00:00+00:00,KXHOUSERACE,long_dated,518,
983,KXHOUSERACE-TX12-26-D,0.0,2026-06-03 00:00:00+00:00,KXHOUSERACE,long_dated,518,
983,KXHOUSERACE-TN07-26-R,0.0,2026-06-03 00:00:00+00:00,KXHOUSERACE,long_dated,518,
983,KXHOUSERACE-NC03-26-D,0.0,2026-06-03 00:00:00+00:00,KXHOUSERACE,long_dated,518,
983,KXHOUSERACE-MN07-26-R,0.0,2026-06-03 00:00:00+00:00,KXHOUSERACE,long_dated,518,
983,KXHOUSERACE-TX02-26-R,0.0,2026-06-03 00:00:00+00:00,KXHOUSERACE,long_dated,518,
983,KXHOUSERACE-TX27-26-D,0.0,2026-06-03 00:00:00+00:00,KXHOUSERACE,long_dated,518,
983,KXHOUSERACE-FL01-26-R,0.0,2026-06-03 00:00:00+00:00,KXHOUSERACE,long_dated,518,
984,KXHOUSERACE-HI02-26-R,1.0,2026-06-03 00:00:00+00:00,KXHOUSERACE,long_dated,518,95.0
984,KXHOUSERACE-MO03-26-R,0.0,2026-06-03 00:00:00+00:00,KXHOUSERACE,long_dated,518,
984,KXHOUSERACE-AL05-26-R,0.0,2026-06-03 00:00:00+00:00,KXHOUSERACE,long_dated,518,
984,KXHOUSERACE-OH14-26-D,0.0,2026-06-03 00:00:00+00:00,KXHOUSERACE,long_dated,518,
984,KXHOUSERACE-SC02-26-D,0.0,2026-06-03 00:00:00+00:00,KXHOUSERACE,long_dated,518,
984,KXHOUSERACE-FL06-26-R,0.0,2026-06-03 00:00:00+00:00,KXHOUSERACE,long_dated,518,
984,KXHOUSERACE-TX25-26-R,0.0,2026-06-03 00:00:00+00:00,KXHOUSERACE,long_dated,518,
984,KXHOUSERACE-OH06-26-D,0.0,2026-06-03 00:00:00+00:00,KXHOUSERACE,long_dated,518,
984,KXHOUSERACE-TN09-26-R,0.0,2026-06-03 00:00:00+00:00,KXHOUSERACE,long_dated,518,
984,KXHOUSERACE-WV01-26-R,0.0,2026-06-03 00:00:00+00:00,KXHOUSERACE,long_dated,518,
984,KXHOUSERACE-AR02-26-R,0.0,2026-06-03 00:00:00+00:00,KXHOUSERACE,long_dated,518,
985,KXHOUSERACE-IL16-26-D,1.0,2026-06-03 00:00:00+00:00,KXHOUSERACE,long_dated,518,375.0
985,KXHOUSERACE-NC10-26-D,0.0,2026-06-03 00:00:00+00:00,KXHOUSERACE,long_dated,518,
985,KXHOUSERACE-PA12-26-D,0.0,2026-06-03 00:00:00+00:00,KXHOUSERACE,long_dated,518,
985,KXHOUSERACE-CA23-26-R,0.0,2026-06-03 00:00:00+00:00,KXHOUSERACE,long_dated,518,
985,KXHOUSERACE-MD06-26-R,0.0,2026-06-03 00:00:00+00:00,KXHOUSERACE,long_dated,518,
985,KXHOUSERACE-TX18-26-D,0.0,2026-06-03 00:00:00+00:00,KXHOUSERACE,long_dated,518,
985,KXHOUSERACE-NDAL-26-R,0.0,2026-06-03 00:00:00+00:00,KXHOUSERACE,long_dated,518,
985,KXHOUSERACE-ID02-26-D,0.0,2026-06-03 00:00:00+00:00,KXHOUSERACE,long_dated,518,
985,KXHOUSERACE-CA43-26-D,0.0,2026-06-03 00:00:00+00:00,KXHOUSERACE,long_dated,518,
985,KXHOUSERACE-LA03-26-D,0.0,2026-06-03 00:00:00+00:00,KXHOUSERACE,long_dated,518,
985,KXHOUSERACE-CA23-26-D,0.0,2026-06-03 00:00:00+00:00,KXHOUSERACE,long_dated,518,
986,KXHOUSERACE-IL16-26-R,1.0,2026-06-03 00:00:00+00:00,KXHOUSERACE,long_dated,518,375.0
986,KXHOUSERACE-WI08-26-D,0.0,2026-06-03 00:00:00+00:00,KXHOUSERACE,long_dated,518,
986,KXHOUSERACE-WI07-26-D,0.0,2026-06-03 00:00:00+00:00,KXHOUSERACE,long_dated,518,
986,KXHOUSERACE-IN05-26-R,0.0,2026-06-03 00:00:00+00:00,KXHOUSERACE,long_dated,518,
986,KXHOUSERACE-TX36-26-R,0.0,2026-06-03 00:00:00+00:00,KXHOUSERACE,long_dated,518,
986,KXHOUSERACE-GA12-26-D,0.0,2026-06-03 00:00:00+00:00,KXHOUSERACE,long_dated,518,
986,KXHOUSERACE-LA01-26-R,0.0,2026-06-03 00:00:00+00:00,KXHOUSERACE,long_dated,518,
986,KXHOUSERACE-NC14-26-R,0.0,2026-06-03 00:00:00+00:00,KXHOUSERACE,long_dated,518,
986,KXHOUSERACE-WI07-26-R,0.0,2026-06-03 00:00:00+00:00,KXHOUSERACE,long_dated,518,
986,KXHOUSERACE-FL04-26-D,0.0,2026-06-03 00:00:00+00:00,KXHOUSERACE,long_dated,518,
986,KXHOUSERACE-NC14-26-D,0.0,2026-06-03 00:00:00+00:00,KXHOUSERACE,long_dated,518,
987,KXHOUSERACE-KY02-26-D,1.0,2026-06-03 00:00:00+00:00,KXHOUSERACE,long_dated,518,105.0
987,KXHOUSERACE-CA46-26-R,0.0,2026-06-03 00:00:00+00:00,KXHOUSERACE,long_dated,518,
987,KXHOUSERACE-GA03-26-D,0.0,2026-06-03 00:00:00+00:00,KXHOUSERACE,long_dated,518,
987,KXHOUSERACE-FL06-26-D,0.0,2026-06-03 00:00:00+00:00,KXHOUSERACE,long_dated,518,
987,KXHOUSERACE-NY16-26-D,0.0,2026-06-03 00:00:00+00:00,KXHOUSERACE,long_dated,518,
987,KXHOUSERACE-MI05-26-D,0.0,2026-06-03 00:00:00+00:00,KXHOUSERACE,long_dated,518,
987,KXHOUSERACE-KS01-26-D,0.0,2026-06-03 00:00:00+00:00,KXHOUSERACE,long_dated,518,
987,KXHOUSERACE-TX05-26-D,0.0,2026-06-03 00:00:00+00:00,KXHOUSERACE,long_dated,518,
987,KXHOUSERACE-KS01-26-R,0.0,2026-06-03 00:00:00+00:00,KXHOUSERACE,long_dated,518,
987,KXHOUSERACE-CA36-26-R,0.0,2026-06-03 00:00:00+00:00,KXHOUSERACE,long_dated,518,
987,KXHOUSERACE-NY15-26-D,0.0,2026-06-03 00:00:00+00:00,KXHOUSERACE,long_dated,518,
988,KXHOUSERACE-KY02-26-R,1.0,2026-06-03 00:00:00+00:00,KXHOUSERACE,long_dated,518,105.0
988,KXHOUSERACE-TX02-26-R,0.0,2026-06-03 00:00:00+00:00,KXHOUSERACE,long_dated,518,
988,KXHOUSERACE-FL01-26-R,0.0,2026-06-03 00:00:00+00:00,KXHOUSERACE,long_dated,518,
988,KXHOUSERACE-MI05-26-R,0.0,2026-06-03 00:00:00+00:00,KXHOUSERACE,long_dated,518,
988,KXHOUSERACE-NC03-26-D,0.0,2026-06-03 00:00:00+00:00,KXHOUSERACE,long_dated,518,
988,KXHOUSERACE-GA03-26-R,0.0,2026-06-03 00:00:00+00:00,KXHOUSERACE,long_dated,518,
988,KXHOUSERACE-TN07-26-R,0.0,2026-06-03 00:00:00+00:00,KXHOUSERACE,long_dated,518,
988,KXHOUSERACE-GA01-26-D,0.0,2026-06-03 00:00:00+00:00,KXHOUSERACE,long_dated,518,
988,KXHOUSERACE-ID02-26-R,0.0,2026-06-03 00:00:00+00:00,KXHOUSERACE,long_dated,518,
988,KXHOUSERACE-GA01-26-R,0.0,2026-06-03 00:00:00+00:00,KXHOUSERACE,long_dated,518,
988,KXHOUSERACE-WI05-26-R,0.0,2026-06-03 00:00:00+00:00,KXHOUSERACE,long_dated,518,
989,KXHOUSERACE-NY05-26-D,1.0,2026-06-03 00:00:00+00:00,KXHOUSERACE,long_dated,518,145.0
989,KXHOUSERACE-CT02-26-D,0.0,2026-06-03 00:00:00+00:00,KXHOUSERACE,long_dated,518,
989,KXHOUSERACE-MA08-26-D,0.0,2026-06-03 00:00:00+00:00,KXHOUSERACE,long_dated,518,
989,KXHOUSERACE-GA04-26-D,0.0,2026-06-03 00:00:00+00:00,KXHOUSERACE,long_dated,518,
989,KXHOUSERACE-MO04-26-D,0.0,2026-06-03 00:00:00+00:00,KXHOUSERACE,long_dated,518,
989,KXHOUSERACE-NJ01-26-D,0.0,2026-06-03 00:00:00+00:00,KXHOUSERACE,long_dated,518,
989,KXHOUSERACE-IN02-26-D,0.0,2026-06-03 00:00:00+00:00,KXHOUSERACE,long_dated,518,
989,KXHOUSERACE-MA03-26-D,0.0,2026-06-03 00:00:00+00:00,KXHOUSERACE,long_dated,518,
989,KXHOUSERACE-OK02-26-R,0.0,2026-06-03 00:00:00+00:00,KXHOUSERACE,long_dated,518,
989,KXHOUSERACE-TN08-26-D,0.0,2026-06-03 00:00:00+00:00,KXHOUSERACE,long_dated,518,
989,KXHOUSERACE-MA01-26-D,0.0,2026-06-03 00:00:00+00:00,KXHOUSERACE,long_dated,518,
990,KXHOUSERACE-NY05-26-R,1.0,2026-06-03 00:00:00+00:00,KXHOUSERACE,long_dated,518,145.0
990,KXHOUSERACE-CA39-26-R,0.0,2026-06-03 00:00:00+00:00,KXHOUSERACE,long_dated,518,
990,KXHOUSERACE-IA04-26-D,0.0,2026-06-03 00:00:00+00:00,KXHOUSERACE,long_dated,518,
990,KXHOUSERACE-MO08-26-R,0.0,2026-06-03 00:00:00+00:00,KXHOUSERACE,long_dated,518,
990,KXHOUSERACE-CA16-26-R,0.0,2026-06-03 00:00:00+00:00,KXHOUSERACE,long_dated,518,
990,KXHOUSERACE-TX33-26-D,0.0,2026-06-03 00:00:00+00:00,KXHOUSERACE,long_dated,518,
990,KXHOUSERACE-LA05-26-D,0.0,2026-06-03 00:00:00+00:00,KXHOUSERACE,long_dated,518,
990,KXHOUSERACE-TX16-26-D,0.0,2026-06-03 00:00:00+00:00,KXHOUSERACE,long_dated,518,
990,KXHOUSERACE-MO01-26-R,0.0,2026-06-03 00:00:00+00:00,KXHOUSERACE,long_dated,518,
990,KXHOUSERACE-MN05-26-R,0.0,2026-06-03 00:00:00+00:00,KXHOUSERACE,long_dated,518,
990,KXHOUSERACE-PA12-26-R,0.0,2026-06-03 00:00:00+00:00,KXHOUSERACE,long_dated,518,
991,KXHOUSERACE-NY12-26-R,1.0,2026-06-03 00:00:00+00:00,KXHOUSERACE,long_dated,518,205.0
991,KXHOUSERACE-MA09-26-R,0.0,2026-06-03 00:00:00+00:00,KXHOUSERACE,long_dated,518,
991,KXHOUSERACE-NY25-26-R,0.0,2026-06-03 00:00:00+00:00,KXHOUSERACE,long_dated,518,
991,KXHOUSERACE-MN03-26-R,0.0,2026-06-03 00:00:00+00:00,KXHOUSERACE,long_dated,518,
991,KXHOUSERACE-WI04-26-D,0.0,2026-06-03 00:00:00+00:00,KXHOUSERACE,long_dated,518,
991,KXHOUSERACE-WYAL-26-R,0.0,2026-06-03 00:00:00+00:00,KXHOUSERACE,long_dated,518,
991,KXHOUSERACE-IL06-26-R,0.0,2026-06-03 00:00:00+00:00,KXHOUSERACE,long_dated,518,
991,KXHOUSERACE-CA30-26-R,0.0,2026-06-03 00:00:00+00:00,KXHOUSERACE,long_dated,518,
991,KXHOUSERACE-GA05-26-R,0.0,2026-06-03 00:00:00+00:00,KXHOUSERACE,long_dated,518,
991,KXHOUSERACE-MA04-26-R,0.0,2026-06-03 00:00:00+00:00,KXHOUSERACE,long_dated,518,
991,KXHOUSERACE-NY08-26-R,0.0,2026-06-03 00:00:00+00:00,KXHOUSERACE,long_dated,518,
992,KXHOUSERACE-TX01-26-D,1.0,2026-06-03 00:00:00+00:00,KXHOUSERACE,long_dated,518,80.0
992,KXHOUSERACE-MN05-26-R,0.0,2026-06-03 00:00:00+00:00,KXHOUSERACE,long_dated,518,
992,KXHOUSERACE-PA12-26-R,0.0,2026-06-03 00:00:00+00:00,KXHOUSERACE,long_dated,518,
992,KXHOUSERACE-IL08-26-D,0.0,2026-06-03 00:00:00+00:00,KXHOUSERACE,long_dated,518,
992,KXHOUSERACE-IL08-26-R,0.0,2026-06-03 00:00:00+00:00,KXHOUSERACE,long_dated,518,
992,KXHOUSERACE-MO01-26-R,0.0,2026-06-03 00:00:00+00:00,KXHOUSERACE,long_dated,518,
992,KXHOUSERACE-PA04-26-R,0.0,2026-06-03 00:00:00+00:00,KXHOUSERACE,long_dated,518,
992,KXHOUSERACE-LA05-26-D,0.0,2026-06-03 00:00:00+00:00,KXHOUSERACE,long_dated,518,
992,KXHOUSERACE-TX33-26-D,0.0,2026-06-03 00:00:00+00:00,KXHOUSERACE,long_dated,518,
992,KXHOUSERACE-CA16-26-R,0.0,2026-06-03 00:00:00+00:00,KXHOUSERACE,long_dated,518,
992,KXHOUSERACE-AR04-26-D,0.0,2026-06-03 00:00:00+00:00,KXHOUSERACE,long_dated,518,
993,KXIPOANTHROPIC-DATE-26AUG01,1.0,2026-06-03 00:00:00+00:00,KXIPOANTHROPIC,long_dated,59,185.0
993,KXIPOANTHROPIC-DATE-27APR01,0.0,2026-06-03 00:00:00+00:00,KXIPOANTHROPIC,long_dated,59,
993,KXIPOANTHROPIC-DATE-27MAR01,0.0,2026-06-03 00:00:00+00:00,KXIPOANTHROPIC,long_dated,59,
993,KXIPOANTHROPIC-DATE-27FEB01,0.0,2026-06-03 00:00:00+00:00,KXIPOANTHROPIC,long_dated,59,
993,KXIPOANTHROPIC-DATE-27JAN01,0.0,2026-06-03 00:00:00+00:00,KXIPOANTHROPIC,long_dated,59,
993,KXIPOANTHROPIC-DATE-26DEC01,0.0,2026-06-03 00:00:00+00:00,KXIPOANTHROPIC,long_dated,59,
994,KXIPOANTHROPIC-DATE-26OCT01,1.0,2026-06-03 00:00:00+00:00,KXIPOANTHROPIC,long_dated,120,270.0
994,KXIPOANTHROPIC-DATE-26DEC01,0.0,2026-06-03 00:00:00+00:00,KXIPOANTHROPIC,long_dated,120,
994,KXIPOANTHROPIC-DATE-27JAN01,0.0,2026-06-03 00:00:00+00:00,KXIPOANTHROPIC,long_dated,120,
994,KXIPOANTHROPIC-DATE-27FEB01,0.0,2026-06-03 00:00:00+00:00,KXIPOANTHROPIC,long_dated,120,
994,KXIPOANTHROPIC-DATE-27MAR01,0.0,2026-06-03 00:00:00+00:00,KXIPOANTHROPIC,long_dated,120,
994,KXIPOANTHROPIC-DATE-27APR01,0.0,2026-06-03 00:00:00+00:00,KXIPOANTHROPIC,long_dated,120,
995,KXIPOANTHROPIC-DATE-26SEP01,1.0,2026-06-03 00:00:00+00:00,KXIPOANTHROPIC,long_dated,90,270.0
995,KXIPOANTHROPIC-DATE-27MAR01,0.0,2026-06-03 00:00:00+00:00,KXIPOANTHROPIC,long_dated,90,
995,KXIPOANTHROPIC-DATE-27APR01,0.0,2026-06-03 00:00:00+00:00,KXIPOANTHROPIC,long_dated,90,
995,KXIPOANTHROPIC-DATE-27FEB01,0.0,2026-06-03 00:00:00+00:00,KXIPOANTHROPIC,long_dated,90,
995,KXIPOANTHROPIC-DATE-27JAN01,0.0,2026-06-03 00:00:00+00:00,KXIPOANTHROPIC,long_dated,90,
995,KXIPOANTHROPIC-DATE-26DEC01,0.0,2026-06-03 00:00:00+00:00,KXIPOANTHROPIC,long_dated,90,
996,KXLIPATURNERLOCATION-30-ESP,1.0,2026-06-03 00:00:00+00:00,KXLIPATURNERLOCATION,long_dated,56,75.0
996,KXLIPATURNERLOCATION-30-GRE,0.0,2026-06-03 00:00:00+00:00,KXLIPATURNERLOCATION,long_dated,56,
996,KXLIPATURNERLOCATION-30-USA,0.0,2026-06-03 00:00:00+00:00,KXLIPATURNERLOCATION,long_dated,56,
996,KXLIPATURNERLOCATION-30-MAL,0.0,2026-06-03 00:00:00+00:00,KXLIPATURNERLOCATION,long_dated,56,
996,KXLIPATURNERLOCATION-30-POR,0.0,2026-06-03 00:00:00+00:00,KXLIPATURNERLOCATION,long_dated,56,
996,KXLIPATURNERLOCATION-30-FRA,0.0,2026-06-03 00:00:00+00:00,KXLIPATURNERLOCATION,long_dated,56,
996,KXLIPATURNERLOCATION-30-MEX,0.0,2026-06-03 00:00:00+00:00,KXLIPATURNERLOCATION,long_dated,56,
996,KXLIPATURNERLOCATION-30-SWI,0.0,2026-06-03 00:00:00+00:00,KXLIPATURNERLOCATION,long_dated,56,
997,KXPERFORMROLE007-ANY,1.0,2026-06-03 00:00:00+00:00,KXPERFORMROLE007,long_dated,1673,75.0
997,KXPERFORMROLE007-FELIX-CHI,0.0,2026-06-03 00:00:00+00:00,KXPERFORMROLE007,long_dated,1673,
997,KXPERFORMROLE007-M-IDR,0.0,2026-06-03 00:00:00+00:00,KXPERFORMROLE007,long_dated,1673,
997,KXPERFORMROLE007-M-MAR,0.0,2026-06-03 00:00:00+00:00,KXPERFORMROLE007,long_dated,1673,
997,KXPERFORMROLE007-VILLAIN-ADA,0.0,2026-06-03 00:00:00+00:00,KXPERFORMROLE007,long_dated,1673,
997,KXPERFORMROLE007-FELIX-STE,0.0,2026-06-03 00:00:00+00:00,KXPERFORMROLE007,long_dated,1673,
997,KXPERFORMROLE007-FELIX-ALB,0.0,2026-06-03 00:00:00+00:00,KXPERFORMROLE007,long_dated,1673,
997,KXPERFORMROLE007-FELIX-WYA,0.0,2026-06-03 00:00:00+00:00,KXPERFORMROLE007,long_dated,1673,
997,KXPERFORMROLE007-Q-TOM,0.0,2026-06-03 00:00:00+00:00,KXPERFORMROLE007,long_dated,1673,
997,KXPERFORMROLE007-FELIX-AAR,0.0,2026-06-03 00:00:00+00:00,KXPERFORMROLE007,long_dated,1673,
997,KXPERFORMROLE007-FELIX-SET,0.0,2026-06-03 00:00:00+00:00,KXPERFORMROLE007,long_dated,1673,
998,KXPERFORMROLE007-FLO,1.0,2026-06-03 00:00:00+00:00,KXPERFORMROLE007,long_dated,1673,75.0
998,KXPERFORMROLE007-FELIX-STE,0.0,2026-06-03 00:00:00+00:00,KXPERFORMROLE007,long_dated,1673,
998,KXPERFORMROLE007-VILLAIN-ADA,0.0,2026-06-03 00:00:00+00:00,KXPERFORMROLE007,long_dated,1673,
998,KXPERFORMROLE007-M-MAR,0.0,2026-06-03 00:00:00+00:00,KXPERFORMROLE007,long_dated,1673,
998,KXPERFORMROLE007-FELIX-ALB,0.0,2026-06-03 00:00:00+00:00,KXPERFORMROLE007,long_dated,1673,
998,KXPERFORMROLE007-FELIX-WYA,0.0,2026-06-03 00:00:00+00:00,KXPERFORMROLE007,long_dated,1673,
998,KXPERFORMROLE007-Q-TOM,0.0,2026-06-03 00:00:00+00:00,KXPERFORMROLE007,long_dated,1673,
998,KXPERFORMROLE007-FELIX-AAR,0.0,2026-06-03 00:00:00+00:00,KXPERFORMROLE007,long_dated,1673,
998,KXPERFORMROLE007-FELIX-SET,0.0,2026-06-03 00:00:00+00:00,KXPERFORMROLE007,long_dated,1673,
998,KXPERFORMROLE007-M-IDR,0.0,2026-06-03 00:00:00+00:00,KXPERFORMROLE007,long_dated,1673,
998,KXPERFORMROLE007-FELIX-CHI,0.0,2026-06-03 00:00:00+00:00,KXPERFORMROLE007,long_dated,1673,
999,KXPERFORMROLE007-SYD,1.0,2026-06-03 00:00:00+00:00,KXPERFORMROLE007,long_dated,1673,75.0
999,KXPERFORMROLE007-FELIX-ANT,0.0,2026-06-03 00:00:00+00:00,KXPERFORMROLE007,long_dated,1673,
999,KXPERFORMROLE007-FELIX-BOY,0.0,2026-06-03 00:00:00+00:00,KXPERFORMROLE007,long_dated,1673,
999,KXPERFORMROLE007-M-OLI,0.0,2026-06-03 00:00:00+00:00,KXPERFORMROLE007,long_dated,1673,
999,KXPERFORMROLE007-M-CHA,0.0,2026-06-03 00:00:00+00:00,KXPERFORMROLE007,long_dated,1673,
999,KXPERFORMROLE007-VILLAIN-BAR,0.0,2026-06-03 00:00:00+00:00,KXPERFORMROLE007,long_dated,1673,
999,KXPERFORMROLE007-VILLAIN-ROS,0.0,2026-06-03 00:00:00+00:00,KXPERFORMROLE007,long_dated,1673,
999,KXPERFORMROLE007-VILLAIN-OSC,0.0,2026-06-03 00:00:00+00:00,KXPERFORMROLE007,long_dated,1673,
999,KXPERFORMROLE007-VILLAIN-PET,0.0,2026-06-03 00:00:00+00:00,KXPERFORMROLE007,long_dated,1673,
999,KXPERFORMROLE007-FELIX-JOH,0.0,2026-06-03 00:00:00+00:00,KXPERFORMROLE007,long_dated,1673,
999,KXPERFORMROLE007-VILLAIN-IDR,0.0,2026-06-03 00:00:00+00:00,KXPERFORMROLE007,long_dated,1673,
1000,KXPERFORMROLE007-ZEN,1.0,2026-06-03 00:00:00+00:00,KXPERFORMROLE007,long_dated,1673,75.0
1000,KXPERFORMROLE007-FELIX-STE,0.0,2026-06-03 00:00:00+00:00,KXPERFORMROLE007,long_dated,1673,
1000,KXPERFORMROLE007-VILLAIN-ADA,0.0,2026-06-03 00:00:00+00:00,KXPERFORMROLE007,long_dated,1673,
1000,KXPERFORMROLE007-FELIX-ALB,0.0,2026-06-03 00:00:00+00:00,KXPERFORMROLE007,long_dated,1673,
1000,KXPERFORMROLE007-FELIX-WYA,0.0,2026-06-03 00:00:00+00:00,KXPERFORMROLE007,long_dated,1673,
1000,KXPERFORMROLE007-Q-TOM,0.0,2026-06-03 00:00:00+00:00,KXPERFORMROLE007,long_dated,1673,
1000,KXPERFORMROLE007-M-MAR,0.0,2026-06-03 00:00:00+00:00,KXPERFORMROLE007,long_dated,1673,
1000,KXPERFORMROLE007-FELIX-AAR,0.0,2026-06-03 00:00:00+00:00,KXPERFORMROLE007,long_dated,1673,
1000,KXPERFORMROLE007-FELIX-SET,0.0,2026-06-03 00:00:00+00:00,KXPERFORMROLE007,long_dated,1673,
1000,KXPERFORMROLE007-JOD,0.0,2026-06-03 00:00:00+00:00,KXPERFORMROLE007,long_dated,1673,
1000,KXPERFORMROLE007-LIL,0.0,2026-06-03 00:00:00+00:00,KXPERFORMROLE007,long_dated,1673,
1001,KXSENATEMNR-26-MTAF,1.0,2026-06-03 00:00:00+00:00,KXSENATEMNR,long_dated,70,175.0
1001,KXSENATEMNR-26-RWHI,0.0,2026-06-03 00:00:00+00:00,KXSENATEMNR,long_dated,70,
1001,KXSENATEMNR-26-MYOR,0.0,2026-06-03 00:00:00+00:00,KXSENATEMNR,long_dated,70,
1001,KXSENATEMNR-26-AGRU,0.0,2026-06-03 00:00:00+00:00,KXSENATEMNR,long_dated,70,
1001,KXSENATEMNR-26-TWEI,0.0,2026-06-03 00:00:00+00:00,KXSENATEMNR,long_dated,70,
1001,KXSENATEMNR-26-DHAN,0.0,2026-06-03 00:00:00+00:00,KXSENATEMNR,long_dated,70,
1001,KXSENATEMNR-26-JCOL,0.0,2026-06-03 00:00:00+00:00,KXSENATEMNR,long_dated,70,
1001,KXSENATEMNR-26-KROB,0.0,2026-06-03 00:00:00+00:00,KXSENATEMNR,long_dated,70,
1002,KXTOPMONTHLY-26AUG-TAY,1.0,2026-06-03 00:00:00+00:00,KXTOPMONTHLY,long_dated,89,235.0
1002,KXTOPMONTHLY-26AUG-COL,0.0,2026-06-03 00:00:00+00:00,KXTOPMONTHLY,long_dated,89,
1002,KXTOPMONTHLY-26AUG-RIH,0.0,2026-06-03 00:00:00+00:00,KXTOPMONTHLY,long_dated,89,
1002,KXTOPMONTHLY-26AUG-ED,0.0,2026-06-03 00:00:00+00:00,KXTOPMONTHLY,long_dated,89,
1002,KXTOPMONTHLY-26AUG-BAD,0.0,2026-06-03 00:00:00+00:00,KXTOPMONTHLY,long_dated,89,
1002,KXTOPMONTHLY-26AUG-ARI,0.0,2026-06-03 00:00:00+00:00,KXTOPMONTHLY,long_dated,89,
1002,KXTOPMONTHLY-26AUG-DRA,0.0,2026-06-03 00:00:00+00:00,KXTOPMONTHLY,long_dated,89,
1002,KXTOPMONTHLY-26AUG-JUS,0.0,2026-06-03 00:00:00+00:00,KXTOPMONTHLY,long_dated,89,
1003,KXWEEKSNUM1-26DEC26-DAN-3,1.0,2026-06-03 00:00:00+00:00,KXWEEKSNUM1,long_dated,106,70.0
1003,KXWEEKSNUM1-26DEC26-ICE-6,0.0,2026-06-03 00:00:00+00:00,KXWEEKSNUM1,long_dated,106,
1003,KXWEEKSNUM1-26DEC26-DAN-5,0.0,2026-06-03 00:00:00+00:00,KXWEEKSNUM1,long_dated,106,
1003,KXWEEKSNUM1-26DEC26-DAN-6,0.0,2026-06-03 00:00:00+00:00,KXWEEKSNUM1,long_dated,106,
1004,KXWEEKSNUM1-26DEC26-DAN-4,1.0,2026-06-03 00:00:00+00:00,KXWEEKSNUM1,long_dated,206,70.0
1004,KXWEEKSNUM1-26DEC26-ICE-6,0.0,2026-06-03 00:00:00+00:00,KXWEEKSNUM1,long_dated,206,
1004,KXWEEKSNUM1-26DEC26-DAN-5,0.0,2026-06-03 00:00:00+00:00,KXWEEKSNUM1,long_dated,206,
1004,KXWEEKSNUM1-26DEC26-DAN-6,0.0,2026-06-03 00:00:00+00:00,KXWEEKSNUM1,long_dated,206,
1005,KXWEEKSNUM1-26DEC26-ICE-5,1.0,2026-06-03 00:00:00+00:00,KXWEEKSNUM1,long_dated,206,740.0
1005,KXWEEKSNUM1-26DEC26-ICE-6,0.0,2026-06-03 00:00:00+00:00,KXWEEKSNUM1,long_dated,206,
1005,KXWEEKSNUM1-26DEC26-DAN-5,0.0,2026-06-03 00:00:00+00:00,KXWEEKSNUM1,long_dated,206,
1005,KXWEEKSNUM1-26DEC26-DAN-6,0.0,2026-06-03 00:00:00+00:00,KXWEEKSNUM1,long_dated,206,
1006,SENATECO-26-R,1.0,2026-06-03 00:00:00+00:00,SENATECO,long_dated,518,130.0
1006,SENATECO-26-D,0.0,2026-06-03 00:00:00+00:00,SENATECO,long_dated,518,
1006,SENATECO-28-R,0.0,2026-06-03 00:00:00+00:00,SENATECO,long_dated,518,
1006,SENATECO-28-D,0.0,2026-06-03 00:00:00+00:00,SENATECO,long_dated,518,
1012,KXCBDECISIONCANADA-26OCT-C25,1.0,2026-06-08 00:00:00+00:00,KXCBDECISIONCANADA,long_dated,142,110.0
1012,KXCBDECISIONCANADA-26SEP-C25,0.0,2026-06-08 00:00:00+00:00,KXCBDECISIONCANADA,long_dated,142,
1012,KXCBDECISIONCANADA-26DEC-C25,0.0,2026-06-08 00:00:00+00:00,KXCBDECISIONCANADA,long_dated,142,
1012,KXCBDECISIONCANADA-26OCT-C26,0.0,2026-06-08 00:00:00+00:00,KXCBDECISIONCANADA,long_dated,142,
1012,KXCBDECISIONCANADA-26SEP-C26,0.0,2026-06-08 00:00:00+00:00,KXCBDECISIONCANADA,long_dated,142,
1012,KXCBDECISIONCANADA-26SEP-H26,0.0,2026-06-08 00:00:00+00:00,KXCBDECISIONCANADA,long_dated,142,
1012,KXCBDECISIONCANADA-26DEC-C26,0.0,2026-06-08 00:00:00+00:00,KXCBDECISIONCANADA,long_dated,142,
1012,KXCBDECISIONCANADA-26DEC-H26,0.0,2026-06-08 00:00:00+00:00,KXCBDECISIONCANADA,long_dated,142,
1012,KXCBDECISIONCANADA-26OCT-H26,0.0,2026-06-08 00:00:00+00:00,KXCBDECISIONCANADA,long_dated,142,
1012,KXCBDECISIONCANADA-26DEC-H0,0.0,2026-06-08 00:00:00+00:00,KXCBDECISIONCANADA,long_dated,142,
1012,KXCBDECISIONCANADA-26DEC-H25,0.0,2026-06-08 00:00:00+00:00,KXCBDECISIONCANADA,long_dated,142,
1013,KXCBDECISIONCANADA-26OCT-H0,1.0,2026-06-08 00:00:00+00:00,KXCBDECISIONCANADA,long_dated,142,110.0
1013,KXCBDECISIONCANADA-26DEC-H25,0.0,2026-06-08 00:00:00+00:00,KXCBDECISIONCANADA,long_dated,142,
1013,KXCBDECISIONCANADA-26DEC-H0,0.0,2026-06-08 00:00:00+00:00,KXCBDECISIONCANADA,long_dated,142,
1013,KXCBDECISIONCANADA-26DEC-C25,0.0,2026-06-08 00:00:00+00:00,KXCBDECISIONCANADA,long_dated,142,
1013,KXCBDECISIONCANADA-26SEP-C25,0.0,2026-06-08 00:00:00+00:00,KXCBDECISIONCANADA,long_dated,142,
1013,KXCBDECISIONCANADA-26OCT-C26,0.0,2026-06-08 00:00:00+00:00,KXCBDECISIONCANADA,long_dated,142,
1013,KXCBDECISIONCANADA-26SEP-C26,0.0,2026-06-08 00:00:00+00:00,KXCBDECISIONCANADA,long_dated,142,
1013,KXCBDECISIONCANADA-26SEP-H26,0.0,2026-06-08 00:00:00+00:00,KXCBDECISIONCANADA,long_dated,142,
1013,KXCBDECISIONCANADA-26DEC-C26,0.0,2026-06-08 00:00:00+00:00,KXCBDECISIONCANADA,long_dated,142,
1013,KXCBDECISIONCANADA-26DEC-H26,0.0,2026-06-08 00:00:00+00:00,KXCBDECISIONCANADA,long_dated,142,
1013,KXCBDECISIONCANADA-26OCT-H26,0.0,2026-06-08 00:00:00+00:00,KXCBDECISIONCANADA,long_dated,142,
1014,KXCBDECISIONCANADA-26OCT-H25,1.0,2026-06-08 00:00:00+00:00,KXCBDECISIONCANADA,long_dated,142,110.0
1014,KXCBDECISIONCANADA-26DEC-H25,0.0,2026-06-08 00:00:00+00:00,KXCBDECISIONCANADA,long_dated,142,
1014,KXCBDECISIONCANADA-26DEC-H0,0.0,2026-06-08 00:00:00+00:00,KXCBDECISIONCANADA,long_dated,142,
1014,KXCBDECISIONCANADA-26DEC-C25,0.0,2026-06-08 00:00:00+00:00,KXCBDECISIONCANADA,long_dated,142,
1014,KXCBDECISIONCANADA-26SEP-C25,0.0,2026-06-08 00:00:00+00:00,KXCBDECISIONCANADA,long_dated,142,
1014,KXCBDECISIONCANADA-26OCT-C26,0.0,2026-06-08 00:00:00+00:00,KXCBDECISIONCANADA,long_dated,142,
1014,KXCBDECISIONCANADA-26SEP-C26,0.0,2026-06-08 00:00:00+00:00,KXCBDECISIONCANADA,long_dated,142,
1014,KXCBDECISIONCANADA-26SEP-H26,0.0,2026-06-08 00:00:00+00:00,KXCBDECISIONCANADA,long_dated,142,
1014,KXCBDECISIONCANADA-26DEC-C26,0.0,2026-06-08 00:00:00+00:00,KXCBDECISIONCANADA,long_dated,142,
1014,KXCBDECISIONCANADA-26DEC-H26,0.0,2026-06-08 00:00:00+00:00,KXCBDECISIONCANADA,long_dated,142,
1014,KXCBDECISIONCANADA-26OCT-H26,0.0,2026-06-08 00:00:00+00:00,KXCBDECISIONCANADA,long_dated,142,
1015,KXCBDECISIONCANADA-26SEP-H0,1.0,2026-06-08 00:00:00+00:00,KXCBDECISIONCANADA,long_dated,86,175.0
1015,KXCBDECISIONCANADA-26DEC-H25,0.0,2026-06-08 00:00:00+00:00,KXCBDECISIONCANADA,long_dated,86,
1015,KXCBDECISIONCANADA-26DEC-H0,0.0,2026-06-08 00:00:00+00:00,KXCBDECISIONCANADA,long_dated,86,
1015,KXCBDECISIONCANADA-26DEC-C25,0.0,2026-06-08 00:00:00+00:00,KXCBDECISIONCANADA,long_dated,86,
1015,KXCBDECISIONCANADA-26SEP-C25,0.0,2026-06-08 00:00:00+00:00,KXCBDECISIONCANADA,long_dated,86,
1015,KXCBDECISIONCANADA-26OCT-C26,0.0,2026-06-08 00:00:00+00:00,KXCBDECISIONCANADA,long_dated,86,
1015,KXCBDECISIONCANADA-26SEP-C26,0.0,2026-06-08 00:00:00+00:00,KXCBDECISIONCANADA,long_dated,86,
1015,KXCBDECISIONCANADA-26SEP-H26,0.0,2026-06-08 00:00:00+00:00,KXCBDECISIONCANADA,long_dated,86,
1015,KXCBDECISIONCANADA-26DEC-C26,0.0,2026-06-08 00:00:00+00:00,KXCBDECISIONCANADA,long_dated,86,
1015,KXCBDECISIONCANADA-26DEC-H26,0.0,2026-06-08 00:00:00+00:00,KXCBDECISIONCANADA,long_dated,86,
1015,KXCBDECISIONCANADA-26OCT-H26,0.0,2026-06-08 00:00:00+00:00,KXCBDECISIONCANADA,long_dated,86,
1016,KXCBDECISIONCANADA-26SEP-H25,1.0,2026-06-08 00:00:00+00:00,KXCBDECISIONCANADA,long_dated,86,175.0
1016,KXCBDECISIONCANADA-26DEC-H0,0.0,2026-06-08 00:00:00+00:00,KXCBDECISIONCANADA,long_dated,86,
1016,KXCBDECISIONCANADA-26DEC-H25,0.0,2026-06-08 00:00:00+00:00,KXCBDECISIONCANADA,long_dated,86,
1016,KXCBDECISIONCANADA-26DEC-C25,0.0,2026-06-08 00:00:00+00:00,KXCBDECISIONCANADA,long_dated,86,
1016,KXCBDECISIONCANADA-26SEP-C25,0.0,2026-06-08 00:00:00+00:00,KXCBDECISIONCANADA,long_dated,86,
1016,KXCBDECISIONCANADA-26OCT-C26,0.0,2026-06-08 00:00:00+00:00,KXCBDECISIONCANADA,long_dated,86,
1016,KXCBDECISIONCANADA-26SEP-C26,0.0,2026-06-08 00:00:00+00:00,KXCBDECISIONCANADA,long_dated,86,
1016,KXCBDECISIONCANADA-26SEP-H26,0.0,2026-06-08 00:00:00+00:00,KXCBDECISIONCANADA,long_dated,86,
1016,KXCBDECISIONCANADA-26DEC-C26,0.0,2026-06-08 00:00:00+00:00,KXCBDECISIONCANADA,long_dated,86,
1016,KXCBDECISIONCANADA-26DEC-H26,0.0,2026-06-08 00:00:00+00:00,KXCBDECISIONCANADA,long_dated,86,
1016,KXCBDECISIONCANADA-26OCT-H26,0.0,2026-06-08 00:00:00+00:00,KXCBDECISIONCANADA,long_dated,86,
1020,KXFEDDECISION-27JUL-C25,1.0,2026-06-08 00:00:00+00:00,KXFEDDECISION,long_dated,415,175.0
1020,KXFEDDECISION-27DEC-H0,0.0,2026-06-08 00:00:00+00:00,KXFEDDECISION,long_dated,415,
1020,KXFEDDECISION-28JAN-H0,0.0,2026-06-08 00:00:00+00:00,KXFEDDECISION,long_dated,415,
1020,KXFEDDECISION-27OCT-H0,0.0,2026-06-08 00:00:00+00:00,KXFEDDECISION,long_dated,415,
1020,KXFEDDECISION-27OCT-C25,0.0,2026-06-08 00:00:00+00:00,KXFEDDECISION,long_dated,415,
1020,KXFEDDECISION-27JUN-C25,0.0,2026-06-08 00:00:00+00:00,KXFEDDECISION,long_dated,415,
1020,KXFEDDECISION-27SEP-H0,0.0,2026-06-08 00:00:00+00:00,KXFEDDECISION,long_dated,415,
1020,KXFEDDECISION-27DEC-C25,0.0,2026-06-08 00:00:00+00:00,KXFEDDECISION,long_dated,415,
1020,KXFEDDECISION-27JUN-H0,0.0,2026-06-08 00:00:00+00:00,KXFEDDECISION,long_dated,415,
1020,KXFEDDECISION-27JAN-C25,0.0,2026-06-08 00:00:00+00:00,KXFEDDECISION,long_dated,415,
1020,KXFEDDECISION-27SEP-C25,0.0,2026-06-08 00:00:00+00:00,KXFEDDECISION,long_dated,415,
1021,KXFEDDECISION-27JUL-H0,1.0,2026-06-08 00:00:00+00:00,KXFEDDECISION,long_dated,415,175.0
1021,KXFEDDECISION-27JUN-H0,0.0,2026-06-08 00:00:00+00:00,KXFEDDECISION,long_dated,415,
1021,KXFEDDECISION-27SEP-H0,0.0,2026-06-08 00:00:00+00:00,KXFEDDECISION,long_dated,415,
1021,KXFEDDECISION-27JUN-C25,0.0,2026-06-08 00:00:00+00:00,KXFEDDECISION,long_dated,415,
1021,KXFEDDECISION-28JAN-H0,0.0,2026-06-08 00:00:00+00:00,KXFEDDECISION,long_dated,415,
1021,KXFEDDECISION-27DEC-H0,0.0,2026-06-08 00:00:00+00:00,KXFEDDECISION,long_dated,415,
1021,KXFEDDECISION-27OCT-H0,0.0,2026-06-08 00:00:00+00:00,KXFEDDECISION,long_dated,415,
1021,KXFEDDECISION-27OCT-C25,0.0,2026-06-08 00:00:00+00:00,KXFEDDECISION,long_dated,415,
1021,KXFEDDECISION-27DEC-C25,0.0,2026-06-08 00:00:00+00:00,KXFEDDECISION,long_dated,415,
1021,KXFEDDECISION-27JAN-C25,0.0,2026-06-08 00:00:00+00:00,KXFEDDECISION,long_dated,415,
1021,KXFEDDECISION-27SEP-C25,0.0,2026-06-08 00:00:00+00:00,KXFEDDECISION,long_dated,415,
1022,KXHOUSERACE-AL03-26-D,1.0,2026-06-08 00:00:00+00:00,KXHOUSERACE,long_dated,513,130.0
1022,KXHOUSERACE-MO01-26-R,0.0,2026-06-08 00:00:00+00:00,KXHOUSERACE,long_dated,513,
1022,KXHOUSERACE-FL01-26-D,0.0,2026-06-08 00:00:00+00:00,KXHOUSERACE,long_dated,513,
1022,KXHOUSERACE-NJ11-26-R,0.0,2026-06-08 00:00:00+00:00,KXHOUSERACE,long_dated,513,
1022,KXHOUSERACE-CA36-26-R,0.0,2026-06-08 00:00:00+00:00,KXHOUSERACE,long_dated,513,
1022,KXHOUSERACE-CA46-26-R,0.0,2026-06-08 00:00:00+00:00,KXHOUSERACE,long_dated,513,
1022,KXHOUSERACE-NC05-26-D,0.0,2026-06-08 00:00:00+00:00,KXHOUSERACE,long_dated,513,
1022,KXHOUSERACE-PA12-26-R,0.0,2026-06-08 00:00:00+00:00,KXHOUSERACE,long_dated,513,
1022,KXHOUSERACE-MA07-26-D,0.0,2026-06-08 00:00:00+00:00,KXHOUSERACE,long_dated,513,
1022,KXHOUSERACE-IA04-26-D,0.0,2026-06-08 00:00:00+00:00,KXHOUSERACE,long_dated,513,
1022,KXHOUSERACE-CA28-26-R,0.0,2026-06-08 00:00:00+00:00,KXHOUSERACE,long_dated,513,
1023,KXHOUSERACE-CA32-26-D,1.0,2026-06-08 00:00:00+00:00,KXHOUSERACE,long_dated,513,85.0
1023,KXHOUSERACE-NY10-26-D,0.0,2026-06-08 00:00:00+00:00,KXHOUSERACE,long_dated,513,
1023,KXHOUSERACE-CA51-26-D,0.0,2026-06-08 00:00:00+00:00,KXHOUSERACE,long_dated,513,
1023,KXHOUSERACE-PA12-26-D,0.0,2026-06-08 00:00:00+00:00,KXHOUSERACE,long_dated,513,
1023,KXHOUSERACE-CA50-26-D,0.0,2026-06-08 00:00:00+00:00,KXHOUSERACE,long_dated,513,
1023,KXHOUSERACE-IL11-26-D,0.0,2026-06-08 00:00:00+00:00,KXHOUSERACE,long_dated,513,
1023,KXHOUSERACE-TN09-26-R,0.0,2026-06-08 00:00:00+00:00,KXHOUSERACE,long_dated,513,
1023,KXHOUSERACE-FL18-26-D,0.0,2026-06-08 00:00:00+00:00,KXHOUSERACE,long_dated,513,
1023,KXHOUSERACE-MI13-26-D,0.0,2026-06-08 00:00:00+00:00,KXHOUSERACE,long_dated,513,
1023,KXHOUSERACE-FL08-26-D,0.0,2026-06-08 00:00:00+00:00,KXHOUSERACE,long_dated,513,
1023,KXHOUSERACE-FL17-26-D,0.0,2026-06-08 00:00:00+00:00,KXHOUSERACE,long_dated,513,
1024,KXHOUSERACE-CA32-26-R,1.0,2026-06-08 00:00:00+00:00,KXHOUSERACE,long_dated,513,85.0
1024,KXHOUSERACE-NY14-26-R,0.0,2026-06-08 00:00:00+00:00,KXHOUSERACE,long_dated,513,
1024,KXHOUSERACE-TX16-26-R,0.0,2026-06-08 00:00:00+00:00,KXHOUSERACE,long_dated,513,
1024,KXHOUSERACE-AZ07-26-R,0.0,2026-06-08 00:00:00+00:00,KXHOUSERACE,long_dated,513,
1024,KXHOUSERACE-NC12-26-R,0.0,2026-06-08 00:00:00+00:00,KXHOUSERACE,long_dated,513,
1024,KXHOUSERACE-TX30-26-D,0.0,2026-06-08 00:00:00+00:00,KXHOUSERACE,long_dated,513,
1024,KXHOUSERACE-RI02-26-R,0.0,2026-06-08 00:00:00+00:00,KXHOUSERACE,long_dated,513,
1024,KXHOUSERACE-IL10-26-R,0.0,2026-06-08 00:00:00+00:00,KXHOUSERACE,long_dated,513,
1024,KXHOUSERACE-NY20-26-R,0.0,2026-06-08 00:00:00+00:00,KXHOUSERACE,long_dated,513,
1024,KXHOUSERACE-CO07-26-R,0.0,2026-06-08 00:00:00+00:00,KXHOUSERACE,long_dated,513,
1024,KXHOUSERACE-GA08-26-D,0.0,2026-06-08 00:00:00+00:00,KXHOUSERACE,long_dated,513,
1025,KXHOUSERACE-KY03-26-D,1.0,2026-06-08 00:00:00+00:00,KXHOUSERACE,long_dated,513,115.0
1025,KXHOUSERACE-IL15-26-R,0.0,2026-06-08 00:00:00+00:00,KXHOUSERACE,long_dated,513,
1025,KXHOUSERACE-TX29-26-D,0.0,2026-06-08 00:00:00+00:00,KXHOUSERACE,long_dated,513,
1025,KXHOUSERACE-MA08-26-D,0.0,2026-06-08 00:00:00+00:00,KXHOUSERACE,long_dated,513,
1025,KXHOUSERACE-CA10-26-D,0.0,2026-06-08 00:00:00+00:00,KXHOUSERACE,long_dated,513,
1025,KXHOUSERACE-NC03-26-D,0.0,2026-06-08 00:00:00+00:00,KXHOUSERACE,long_dated,513,
1025,KXHOUSERACE-MA06-26-D,0.0,2026-06-08 00:00:00+00:00,KXHOUSERACE,long_dated,513,
1025,KXHOUSERACE-WI08-26-D,0.0,2026-06-08 00:00:00+00:00,KXHOUSERACE,long_dated,513,
1025,KXHOUSERACE-CA26-26-D,0.0,2026-06-08 00:00:00+00:00,KXHOUSERACE,long_dated,513,
1025,KXHOUSERACE-CA31-26-D,0.0,2026-06-08 00:00:00+00:00,KXHOUSERACE,long_dated,513,
1025,KXHOUSERACE-FL04-26-D,0.0,2026-06-08 00:00:00+00:00,KXHOUSERACE,long_dated,513,
1026,KXHOUSERACE-KY03-26-R,1.0,2026-06-08 00:00:00+00:00,KXHOUSERACE,long_dated,513,115.0
1026,KXHOUSERACE-MO07-26-D,0.0,2026-06-08 00:00:00+00:00,KXHOUSERACE,long_dated,513,
1026,KXHOUSERACE-ID01-26-R,0.0,2026-06-08 00:00:00+00:00,KXHOUSERACE,long_dated,513,
1026,KXHOUSERACE-PA13-26-D,0.0,2026-06-08 00:00:00+00:00,KXHOUSERACE,long_dated,513,
1026,KXHOUSERACE-IL06-26-R,0.0,2026-06-08 00:00:00+00:00,KXHOUSERACE,long_dated,513,
1026,KXHOUSERACE-SC03-26-D,0.0,2026-06-08 00:00:00+00:00,KXHOUSERACE,long_dated,513,
1026,KXHOUSERACE-TX33-26-R,0.0,2026-06-08 00:00:00+00:00,KXHOUSERACE,long_dated,513,
1026,KXHOUSERACE-MO06-26-D,0.0,2026-06-08 00:00:00+00:00,KXHOUSERACE,long_dated,513,
1026,KXHOUSERACE-CA08-26-R,0.0,2026-06-08 00:00:00+00:00,KXHOUSERACE,long_dated,513,
1026,KXHOUSERACE-CA15-26-R,0.0,2026-06-08 00:00:00+00:00,KXHOUSERACE,long_dated,513,
1026,KXHOUSERACE-IL01-26-R,0.0,2026-06-08 00:00:00+00:00,KXHOUSERACE,long_dated,513,
1027,KXHOUSERACE-NM01-26-D,1.0,2026-06-08 00:00:00+00:00,KXHOUSERACE,long_dated,513,85.0
1027,KXHOUSERACE-AL04-26-R,0.0,2026-06-08 00:00:00+00:00,KXHOUSERACE,long_dated,513,
1027,KXHOUSERACE-CA46-26-D,0.0,2026-06-08 00:00:00+00:00,KXHOUSERACE,long_dated,513,
1027,KXHOUSERACE-IN05-26-D,0.0,2026-06-08 00:00:00+00:00,KXHOUSERACE,long_dated,513,
1027,KXHOUSERACE-IL07-26-D,0.0,2026-06-08 00:00:00+00:00,KXHOUSERACE,long_dated,513,
1027,KXHOUSERACE-LA06-26-D,0.0,2026-06-08 00:00:00+00:00,KXHOUSERACE,long_dated,513,
1027,KXHOUSERACE-MA01-26-D,0.0,2026-06-08 00:00:00+00:00,KXHOUSERACE,long_dated,513,
1027,KXHOUSERACE-PA16-26-D,0.0,2026-06-08 00:00:00+00:00,KXHOUSERACE,long_dated,513,
1027,KXHOUSERACE-CT04-26-D,0.0,2026-06-08 00:00:00+00:00,KXHOUSERACE,long_dated,513,
1027,KXHOUSERACE-IL05-26-D,0.0,2026-06-08 00:00:00+00:00,KXHOUSERACE,long_dated,513,
1027,KXHOUSERACE-NJ01-26-D,0.0,2026-06-08 00:00:00+00:00,KXHOUSERACE,long_dated,513,
1028,KXHOUSERACE-NM01-26-R,1.0,2026-06-08 00:00:00+00:00,KXHOUSERACE,long_dated,513,85.0
1028,KXHOUSERACE-NJ03-26-D,0.0,2026-06-08 00:00:00+00:00,KXHOUSERACE,long_dated,513,
1028,KXHOUSERACE-TX06-26-D,0.0,2026-06-08 00:00:00+00:00,KXHOUSERACE,long_dated,513,
1028,KXHOUSERACE-CO01-26-R,0.0,2026-06-08 00:00:00+00:00,KXHOUSERACE,long_dated,513,
1028,KXHOUSERACE-TX05-26-D,0.0,2026-06-08 00:00:00+00:00,KXHOUSERACE,long_dated,513,
1028,KXHOUSERACE-GA10-26-D,0.0,2026-06-08 00:00:00+00:00,KXHOUSERACE,long_dated,513,
1028,KXHOUSERACE-TN07-26-D,0.0,2026-06-08 00:00:00+00:00,KXHOUSERACE,long_dated,513,
1028,KXHOUSERACE-OR03-26-D,0.0,2026-06-08 00:00:00+00:00,KXHOUSERACE,long_dated,513,
1028,KXHOUSERACE-SC04-26-D,0.0,2026-06-08 00:00:00+00:00,KXHOUSERACE,long_dated,513,
1028,KXHOUSERACE-FL19-26-D,0.0,2026-06-08 00:00:00+00:00,KXHOUSERACE,long_dated,513,
1028,KXHOUSERACE-LA04-26-D,0.0,2026-06-08 00:00:00+00:00,KXHOUSERACE,long_dated,513,
1029,KXHOUSERACE-NY10-26-R,1.0,2026-06-08 00:00:00+00:00,KXHOUSERACE,long_dated,513,165.0
1029,KXHOUSERACE-MI13-26-R,0.0,2026-06-08 00:00:00+00:00,KXHOUSERACE,long_dated,513,
1029,KXHOUSERACE-VA08-26-R,0.0,2026-06-08 00:00:00+00:00,KXHOUSERACE,long_dated,513,
1029,KXHOUSERACE-MO06-26-D,0.0,2026-06-08 00:00:00+00:00,KXHOUSERACE,long_dated,513,
1029,KXHOUSERACE-SC03-26-D,0.0,2026-06-08 00:00:00+00:00,KXHOUSERACE,long_dated,513,
1029,KXHOUSERACE-TX33-26-R,0.0,2026-06-08 00:00:00+00:00,KXHOUSERACE,long_dated,513,
1029,KXHOUSERACE-IL06-26-R,0.0,2026-06-08 00:00:00+00:00,KXHOUSERACE,long_dated,513,
1029,KXHOUSERACE-MA04-26-R,0.0,2026-06-08 00:00:00+00:00,KXHOUSERACE,long_dated,513,
1029,KXHOUSERACE-PA13-26-D,0.0,2026-06-08 00:00:00+00:00,KXHOUSERACE,long_dated,513,
1029,KXHOUSERACE-MA09-26-R,0.0,2026-06-08 00:00:00+00:00,KXHOUSERACE,long_dated,513,
1029,KXHOUSERACE-NY25-26-R,0.0,2026-06-08 00:00:00+00:00,KXHOUSERACE,long_dated,513,
1030,KXHOUSERACE-OR06-26-D,1.0,2026-06-08 00:00:00+00:00,KXHOUSERACE,long_dated,513,470.0
1030,KXHOUSERACE-GA01-26-D,0.0,2026-06-08 00:00:00+00:00,KXHOUSERACE,long_dated,513,
1030,KXHOUSERACE-AR02-26-D,0.0,2026-06-08 00:00:00+00:00,KXHOUSERACE,long_dated,513,
1030,KXHOUSERACE-GA01-26-R,0.0,2026-06-08 00:00:00+00:00,KXHOUSERACE,long_dated,513,
1030,KXHOUSERACE-TX21-26-D,0.0,2026-06-08 00:00:00+00:00,KXHOUSERACE,long_dated,513,
1030,KXHOUSERACE-MI12-26-D,0.0,2026-06-08 00:00:00+00:00,KXHOUSERACE,long_dated,513,
1030,KXHOUSERACE-AZ07-26-D,0.0,2026-06-08 00:00:00+00:00,KXHOUSERACE,long_dated,513,
1030,KXHOUSERACE-TN06-26-R,0.0,2026-06-08 00:00:00+00:00,KXHOUSERACE,long_dated,513,
1030,KXHOUSERACE-WI05-26-R,0.0,2026-06-08 00:00:00+00:00,KXHOUSERACE,long_dated,513,
1030,KXHOUSERACE-WI05-26-D,0.0,2026-06-08 00:00:00+00:00,KXHOUSERACE,long_dated,513,
1030,KXHOUSERACE-IL03-26-D,0.0,2026-06-08 00:00:00+00:00,KXHOUSERACE,long_dated,513,
1031,KXHOUSERACE-OR06-26-R,1.0,2026-06-08 00:00:00+00:00,KXHOUSERACE,long_dated,513,470.0
1031,KXHOUSERACE-NC02-26-R,0.0,2026-06-08 00:00:00+00:00,KXHOUSERACE,long_dated,513,
1031,KXHOUSERACE-MI11-26-R,0.0,2026-06-08 00:00:00+00:00,KXHOUSERACE,long_dated,513,
1031,KXHOUSERACE-TX07-26-R,0.0,2026-06-08 00:00:00+00:00,KXHOUSERACE,long_dated,513,
1031,KXHOUSERACE-WA01-26-R,0.0,2026-06-08 00:00:00+00:00,KXHOUSERACE,long_dated,513,
1031,KXHOUSERACE-CA33-26-R,0.0,2026-06-08 00:00:00+00:00,KXHOUSERACE,long_dated,513,
1031,KXHOUSERACE-OR02-26-D,0.0,2026-06-08 00:00:00+00:00,KXHOUSERACE,long_dated,513,
1031,KXHOUSERACE-WA10-26-R,0.0,2026-06-08 00:00:00+00:00,KXHOUSERACE,long_dated,513,
1031,KXHOUSERACE-NE03-26-D,0.0,2026-06-08 00:00:00+00:00,KXHOUSERACE,long_dated,513,
1031,KXHOUSERACE-AR03-26-D,0.0,2026-06-08 00:00:00+00:00,KXHOUSERACE,long_dated,513,
1031,KXHOUSERACE-WI02-26-R,0.0,2026-06-08 00:00:00+00:00,KXHOUSERACE,long_dated,513,
1032,KXHOUSERACE-SC05-26-D,1.0,2026-06-08 00:00:00+00:00,KXHOUSERACE,long_dated,513,75.0
1032,KXHOUSERACE-MD02-26-R,0.0,2026-06-08 00:00:00+00:00,KXHOUSERACE,long_dated,513,
1032,KXHOUSERACE-OH04-26-D,0.0,2026-06-08 00:00:00+00:00,KXHOUSERACE,long_dated,513,
1032,KXHOUSERACE-IL14-26-R,0.0,2026-06-08 00:00:00+00:00,KXHOUSERACE,long_dated,513,
1032,KXHOUSERACE-IL08-26-R,0.0,2026-06-08 00:00:00+00:00,KXHOUSERACE,long_dated,513,
1032,KXHOUSERACE-IL08-26-D,0.0,2026-06-08 00:00:00+00:00,KXHOUSERACE,long_dated,513,
1032,KXHOUSERACE-GA09-26-D,0.0,2026-06-08 00:00:00+00:00,KXHOUSERACE,long_dated,513,
1032,KXHOUSERACE-IL04-26-D,0.0,2026-06-08 00:00:00+00:00,KXHOUSERACE,long_dated,513,
1032,KXHOUSERACE-GA03-26-D,0.0,2026-06-08 00:00:00+00:00,KXHOUSERACE,long_dated,513,
1032,KXHOUSERACE-CA16-26-R,0.0,2026-06-08 00:00:00+00:00,KXHOUSERACE,long_dated,513,
1032,KXHOUSERACE-LA05-26-D,0.0,2026-06-08 00:00:00+00:00,KXHOUSERACE,long_dated,513,
1033,KXHOUSERACE-SC05-26-R,1.0,2026-06-08 00:00:00+00:00,KXHOUSERACE,long_dated,513,75.0
1033,KXHOUSERACE-AL07-26-R,0.0,2026-06-08 00:00:00+00:00,KXHOUSERACE,long_dated,513,
1033,KXHOUSERACE-CA36-26-D,0.0,2026-06-08 00:00:00+00:00,KXHOUSERACE,long_dated,513,
1033,KXHOUSERACE-NC14-26-D,0.0,2026-06-08 00:00:00+00:00,KXHOUSERACE,long_dated,513,
1033,KXHOUSERACE-AZ05-26-D,0.0,2026-06-08 00:00:00+00:00,KXHOUSERACE,long_dated,513,
1033,KXHOUSERACE-PA05-26-D,0.0,2026-06-08 00:00:00+00:00,KXHOUSERACE,long_dated,513,
1033,KXHOUSERACE-AZ03-26-D,0.0,2026-06-08 00:00:00+00:00,KXHOUSERACE,long_dated,513,
1033,KXHOUSERACE-GA12-26-D,0.0,2026-06-08 00:00:00+00:00,KXHOUSERACE,long_dated,513,
1033,KXHOUSERACE-NC14-26-R,0.0,2026-06-08 00:00:00+00:00,KXHOUSERACE,long_dated,513,
1033,KXHOUSERACE-OR01-26-D,0.0,2026-06-08 00:00:00+00:00,KXHOUSERACE,long_dated,513,
1033,KXHOUSERACE-RI01-26-D,0.0,2026-06-08 00:00:00+00:00,KXHOUSERACE,long_dated,513,
1034,KXHOUSERACE-TX08-26-D,1.0,2026-06-08 00:00:00+00:00,KXHOUSERACE,long_dated,513,365.0
1034,KXHOUSERACE-MI05-26-D,0.0,2026-06-08 00:00:00+00:00,KXHOUSERACE,long_dated,513,
1034,KXHOUSERACE-CA28-26-R,0.0,2026-06-08 00:00:00+00:00,KXHOUSERACE,long_dated,513,
1034,KXHOUSERACE-IA04-26-D,0.0,2026-06-08 00:00:00+00:00,KXHOUSERACE,long_dated,513,
1034,KXHOUSERACE-MA07-26-D,0.0,2026-06-08 00:00:00+00:00,KXHOUSERACE,long_dated,513,
1034,KXHOUSERACE-PA12-26-R,0.0,2026-06-08 00:00:00+00:00,KXHOUSERACE,long_dated,513,
1034,KXHOUSERACE-CA39-26-R,0.0,2026-06-08 00:00:00+00:00,KXHOUSERACE,long_dated,513,
1034,KXHOUSERACE-FL24-26-D,0.0,2026-06-08 00:00:00+00:00,KXHOUSERACE,long_dated,513,
1034,KXHOUSERACE-NJ11-26-R,0.0,2026-06-08 00:00:00+00:00,KXHOUSERACE,long_dated,513,
1034,KXHOUSERACE-FL06-26-D,0.0,2026-06-08 00:00:00+00:00,KXHOUSERACE,long_dated,513,
1034,KXHOUSERACE-FL01-26-D,0.0,2026-06-08 00:00:00+00:00,KXHOUSERACE,long_dated,513,
1035,KXHOUSERACE-TX08-26-R,1.0,2026-06-08 00:00:00+00:00,KXHOUSERACE,long_dated,513,365.0
1035,KXHOUSERACE-AZ08-26-D,0.0,2026-06-08 00:00:00+00:00,KXHOUSERACE,long_dated,513,
1035,KXHOUSERACE-CO01-26-D,0.0,2026-06-08 00:00:00+00:00,KXHOUSERACE,long_dated,513,
1035,KXHOUSERACE-PA09-26-R,0.0,2026-06-08 00:00:00+00:00,KXHOUSERACE,long_dated,513,
1035,KXHOUSERACE-IN06-26-R,0.0,2026-06-08 00:00:00+00:00,KXHOUSERACE,long_dated,513,
1035,KXHOUSERACE-TX38-26-D,0.0,2026-06-08 00:00:00+00:00,KXHOUSERACE,long_dated,513,
1035,KXHOUSERACE-OK04-26-R,0.0,2026-06-08 00:00:00+00:00,KXHOUSERACE,long_dated,513,
1035,KXHOUSERACE-NY02-26-D,0.0,2026-06-08 00:00:00+00:00,KXHOUSERACE,long_dated,513,
1035,KXHOUSERACE-TX25-26-R,0.0,2026-06-08 00:00:00+00:00,KXHOUSERACE,long_dated,513,
1035,KXHOUSERACE-FL03-26-D,0.0,2026-06-08 00:00:00+00:00,KXHOUSERACE,long_dated,513,
1035,KXHOUSERACE-TN05-26-R,0.0,2026-06-08 00:00:00+00:00,KXHOUSERACE,long_dated,513,
1036,KXHOUSERACE-TX11-26-D,1.0,2026-06-08 00:00:00+00:00,KXHOUSERACE,long_dated,513,245.0
1036,KXHOUSERACE-CA36-26-R,0.0,2026-06-08 00:00:00+00:00,KXHOUSERACE,long_dated,513,
1036,KXHOUSERACE-CA46-26-R,0.0,2026-06-08 00:00:00+00:00,KXHOUSERACE,long_dated,513,
1036,KXHOUSERACE-NC05-26-D,0.0,2026-06-08 00:00:00+00:00,KXHOUSERACE,long_dated,513,
1036,KXHOUSERACE-MO01-26-R,0.0,2026-06-08 00:00:00+00:00,KXHOUSERACE,long_dated,513,
1036,KXHOUSERACE-FL01-26-D,0.0,2026-06-08 00:00:00+00:00,KXHOUSERACE,long_dated,513,
1036,KXHOUSERACE-AZ09-26-D,0.0,2026-06-08 00:00:00+00:00,KXHOUSERACE,long_dated,513,
1036,KXHOUSERACE-NJ11-26-R,0.0,2026-06-08 00:00:00+00:00,KXHOUSERACE,long_dated,513,
1036,KXHOUSERACE-PA12-26-R,0.0,2026-06-08 00:00:00+00:00,KXHOUSERACE,long_dated,513,
1036,KXHOUSERACE-LA04-26-D,0.0,2026-06-08 00:00:00+00:00,KXHOUSERACE,long_dated,513,
1036,KXHOUSERACE-MA07-26-D,0.0,2026-06-08 00:00:00+00:00,KXHOUSERACE,long_dated,513,
1037,KXHOUSERACE-TX11-26-R,1.0,2026-06-08 00:00:00+00:00,KXHOUSERACE,long_dated,513,245.0
1037,KXHOUSERACE-FL17-26-D,0.0,2026-06-08 00:00:00+00:00,KXHOUSERACE,long_dated,513,
1037,KXHOUSERACE-NY14-26-D,0.0,2026-06-08 00:00:00+00:00,KXHOUSERACE,long_dated,513,
1037,KXHOUSERACE-OH14-26-D,0.0,2026-06-08 00:00:00+00:00,KXHOUSERACE,long_dated,513,
1037,KXHOUSERACE-OH06-26-D,0.0,2026-06-08 00:00:00+00:00,KXHOUSERACE,long_dated,513,
1037,KXHOUSERACE-FL18-26-D,0.0,2026-06-08 00:00:00+00:00,KXHOUSERACE,long_dated,513,
1037,KXHOUSERACE-IL11-26-D,0.0,2026-06-08 00:00:00+00:00,KXHOUSERACE,long_dated,513,
1037,KXHOUSERACE-OH04-26-R,0.0,2026-06-08 00:00:00+00:00,KXHOUSERACE,long_dated,513,
1037,KXHOUSERACE-GA04-26-D,0.0,2026-06-08 00:00:00+00:00,KXHOUSERACE,long_dated,513,
1037,KXHOUSERACE-MA03-26-D,0.0,2026-06-08 00:00:00+00:00,KXHOUSERACE,long_dated,513,
1037,KXHOUSERACE-PA12-26-D,0.0,2026-06-08 00:00:00+00:00,KXHOUSERACE,long_dated,513,
1038,KXNBA2KCOVER-27-JAL,1.0,2026-06-08 00:00:00+00:00,KXNBA2KCOVER,long_dated,44,365.0
1038,KXNBA2KCOVER-27-LUK,0.0,2026-06-08 00:00:00+00:00,KXNBA2KCOVER,long_dated,44,
1038,KXNBA2KCOVER-27-LEB,0.0,2026-06-08 00:00:00+00:00,KXNBA2KCOVER,long_dated,44,
1038,KXNBA2KCOVER-27-STE,0.0,2026-06-08 00:00:00+00:00,KXNBA2KCOVER,long_dated,44,
1038,KXNBA2KCOVER-27-LAM,0.0,2026-06-08 00:00:00+00:00,KXNBA2KCOVER,long_dated,44,
1038,KXNBA2KCOVER-27-GIA,0.0,2026-06-08 00:00:00+00:00,KXNBA2KCOVER,long_dated,44,
1038,KXNBA2KCOVER-27-PAO,0.0,2026-06-08 00:00:00+00:00,KXNBA2KCOVER,long_dated,44,
1038,KXNBA2KCOVER-27-JAY,0.0,2026-06-08 00:00:00+00:00,KXNBA2KCOVER,long_dated,44,
1038,KXNBA2KCOVER-27-DEV,0.0,2026-06-08 00:00:00+00:00,KXNBA2KCOVER,long_dated,44,
1039,KXNBA2KCOVER-27-TYR,1.0,2026-06-08 00:00:00+00:00,KXNBA2KCOVER,long_dated,44,165.0
1039,KXNBA2KCOVER-27-LAM,0.0,2026-06-08 00:00:00+00:00,KXNBA2KCOVER,long_dated,44,
1039,KXNBA2KCOVER-27-STE,0.0,2026-06-08 00:00:00+00:00,KXNBA2KCOVER,long_dated,44,
1039,KXNBA2KCOVER-27-GIA,0.0,2026-06-08 00:00:00+00:00,KXNBA2KCOVER,long_dated,44,
1039,KXNBA2KCOVER-27-PAO,0.0,2026-06-08 00:00:00+00:00,KXNBA2KCOVER,long_dated,44,
1039,KXNBA2KCOVER-27-LEB,0.0,2026-06-08 00:00:00+00:00,KXNBA2KCOVER,long_dated,44,
1039,KXNBA2KCOVER-27-JAY,0.0,2026-06-08 00:00:00+00:00,KXNBA2KCOVER,long_dated,44,
1039,KXNBA2KCOVER-27-LUK,0.0,2026-06-08 00:00:00+00:00,KXNBA2KCOVER,long_dated,44,
1039,KXNBA2KCOVER-27-DEV,0.0,2026-06-08 00:00:00+00:00,KXNBA2KCOVER,long_dated,44,
1040,KXTOPMONTHLY-26AUG-LAD,1.0,2026-06-08 00:00:00+00:00,KXTOPMONTHLY,long_dated,84,75.0
1040,KXTOPMONTHLY-26AUG-COL,0.0,2026-06-08 00:00:00+00:00,KXTOPMONTHLY,long_dated,84,
1040,KXTOPMONTHLY-26AUG-RIH,0.0,2026-06-08 00:00:00+00:00,KXTOPMONTHLY,long_dated,84,
1040,KXTOPMONTHLY-26AUG-ED,0.0,2026-06-08 00:00:00+00:00,KXTOPMONTHLY,long_dated,84,
1040,KXTOPMONTHLY-26AUG-BAD,0.0,2026-06-08 00:00:00+00:00,KXTOPMONTHLY,long_dated,84,
1040,KXTOPMONTHLY-26AUG-JUS,0.0,2026-06-08 00:00:00+00:00,KXTOPMONTHLY,long_dated,84,
1040,KXTOPMONTHLY-26AUG-DRA,0.0,2026-06-08 00:00:00+00:00,KXTOPMONTHLY,long_dated,84,
1040,KXTOPMONTHLY-26AUG-ARI,0.0,2026-06-08 00:00:00+00:00,KXTOPMONTHLY,long_dated,84,
1041,SENATEID-28-D,1.0,2026-06-08 00:00:00+00:00,SENATEID,long_dated,1248,160.0
1041,SENATEID-26-R,0.0,2026-06-08 00:00:00+00:00,SENATEID,long_dated,1248,
1041,SENATEID-26-D,0.0,2026-06-08 00:00:00+00:00,SENATEID,long_dated,1248,
1042,SENATEID-28-R,1.0,2026-06-08 00:00:00+00:00,SENATEID,long_dated,1248,160.0
1042,SENATEID-26-R,0.0,2026-06-08 00:00:00+00:00,SENATEID,long_dated,1248,
1042,SENATEID-26-D,0.0,2026-06-08 00:00:00+00:00,SENATEID,long_dated,1248,
1054,HOUSENJ9-26-D,1.0,2026-06-16 00:00:00+00:00,HOUSENJ9,long_dated,505,140.0
1054,HOUSENJ9-26-R,0.0,2026-06-16 00:00:00+00:00,HOUSENJ9,long_dated,505,
1055,KXAAAGASED-26NOV03-2.75,1.0,2026-06-16 00:00:00+00:00,KXAAAGASED,long_dated,140,95.0
1055,KXAAAGASED-26NOV03-2.50,0.0,2026-06-16 00:00:00+00:00,KXAAAGASED,long_dated,140,
1055,KXAAAGASED-26NOV03-5.00,0.0,2026-06-16 00:00:00+00:00,KXAAAGASED,long_dated,140,
1055,KXAAAGASED-26NOV03-4.75,0.0,2026-06-16 00:00:00+00:00,KXAAAGASED,long_dated,140,
1055,KXAAAGASED-26NOV03-4.50,0.0,2026-06-16 00:00:00+00:00,KXAAAGASED,long_dated,140,
1055,KXAAAGASED-26NOV03-4.25,0.0,2026-06-16 00:00:00+00:00,KXAAAGASED,long_dated,140,
1055,KXAAAGASED-26NOV03-3.75,0.0,2026-06-16 00:00:00+00:00,KXAAAGASED,long_dated,140,
1055,KXAAAGASED-26NOV03-4.00,0.0,2026-06-16 00:00:00+00:00,KXAAAGASED,long_dated,140,
1056,KXAAAGASED-26NOV03-3.00,1.0,2026-06-16 00:00:00+00:00,KXAAAGASED,long_dated,140,95.0
1056,KXAAAGASED-26NOV03-2.50,0.0,2026-06-16 00:00:00+00:00,KXAAAGASED,long_dated,140,
1056,KXAAAGASED-26NOV03-5.00,0.0,2026-06-16 00:00:00+00:00,KXAAAGASED,long_dated,140,
1056,KXAAAGASED-26NOV03-4.75,0.0,2026-06-16 00:00:00+00:00,KXAAAGASED,long_dated,140,
1056,KXAAAGASED-26NOV03-4.50,0.0,2026-06-16 00:00:00+00:00,KXAAAGASED,long_dated,140,
1056,KXAAAGASED-26NOV03-4.25,0.0,2026-06-16 00:00:00+00:00,KXAAAGASED,long_dated,140,
1056,KXAAAGASED-26NOV03-3.75,0.0,2026-06-16 00:00:00+00:00,KXAAAGASED,long_dated,140,
1056,KXAAAGASED-26NOV03-4.00,0.0,2026-06-16 00:00:00+00:00,KXAAAGASED,long_dated,140,
1057,KXAAAGASED-26NOV03-3.25,1.0,2026-06-16 00:00:00+00:00,KXAAAGASED,long_dated,140,95.0
1057,KXAAAGASED-26NOV03-5.00,0.0,2026-06-16 00:00:00+00:00,KXAAAGASED,long_dated,140,
1057,KXAAAGASED-26NOV03-2.50,0.0,2026-06-16 00:00:00+00:00,KXAAAGASED,long_dated,140,
1057,KXAAAGASED-26NOV03-4.75,0.0,2026-06-16 00:00:00+00:00,KXAAAGASED,long_dated,140,
1057,KXAAAGASED-26NOV03-4.50,0.0,2026-06-16 00:00:00+00:00,KXAAAGASED,long_dated,140,
1057,KXAAAGASED-26NOV03-4.25,0.0,2026-06-16 00:00:00+00:00,KXAAAGASED,long_dated,140,
1057,KXAAAGASED-26NOV03-3.75,0.0,2026-06-16 00:00:00+00:00,KXAAAGASED,long_dated,140,
1057,KXAAAGASED-26NOV03-4.00,0.0,2026-06-16 00:00:00+00:00,KXAAAGASED,long_dated,140,
1058,KXAAAGASED-26NOV03-3.50,1.0,2026-06-16 00:00:00+00:00,KXAAAGASED,long_dated,140,95.0
1058,KXAAAGASED-26NOV03-4.50,0.0,2026-06-16 00:00:00+00:00,KXAAAGASED,long_dated,140,
1058,KXAAAGASED-26NOV03-4.25,0.0,2026-06-16 00:00:00+00:00,KXAAAGASED,long_dated,140,
1058,KXAAAGASED-26NOV03-3.75,0.0,2026-06-16 00:00:00+00:00,KXAAAGASED,long_dated,140,
1058,KXAAAGASED-26NOV03-4.00,0.0,2026-06-16 00:00:00+00:00,KXAAAGASED,long_dated,140,
1058,KXAAAGASED-26NOV03-4.75,0.0,2026-06-16 00:00:00+00:00,KXAAAGASED,long_dated,140,
1058,KXAAAGASED-26NOV03-5.00,0.0,2026-06-16 00:00:00+00:00,KXAAAGASED,long_dated,140,
1058,KXAAAGASED-26NOV03-2.50,0.0,2026-06-16 00:00:00+00:00,KXAAAGASED,long_dated,140,
1059,KXAAAGASMINCA-26DEC31-4.00,1.0,2026-06-16 00:00:00+00:00,KXAAAGASMINCA,long_dated,198,110.0
1059,KXAAAGASMINCA-26DEC31-3.80,0.0,2026-06-16 00:00:00+00:00,KXAAAGASMINCA,long_dated,198,
1059,KXAAAGASMINCA-26DEC31-3.90,0.0,2026-06-16 00:00:00+00:00,KXAAAGASMINCA,long_dated,198,
1060,KXAAAGASMINCA-26DEC31-4.10,1.0,2026-06-16 00:00:00+00:00,KXAAAGASMINCA,long_dated,198,270.0
1060,KXAAAGASMINCA-26DEC31-3.80,0.0,2026-06-16 00:00:00+00:00,KXAAAGASMINCA,long_dated,198,
1060,KXAAAGASMINCA-26DEC31-3.90,0.0,2026-06-16 00:00:00+00:00,KXAAAGASMINCA,long_dated,198,
1070,KXFEDDECISION-26JUL-C25,1.0,2026-06-16 00:00:00+00:00,KXFEDDECISION,long_dated,43,170.0
1070,KXFEDDECISION-26DEC-C26,0.0,2026-06-16 00:00:00+00:00,KXFEDDECISION,long_dated,43,
1070,KXFEDDECISION-26SEP-H26,0.0,2026-06-16 00:00:00+00:00,KXFEDDECISION,long_dated,43,
1070,KXFEDDECISION-27APR-H25,0.0,2026-06-16 00:00:00+00:00,KXFEDDECISION,long_dated,43,
1070,KXFEDDECISION-27JAN-C26,0.0,2026-06-16 00:00:00+00:00,KXFEDDECISION,long_dated,43,
1070,KXFEDDECISION-26OCT-H26,0.0,2026-06-16 00:00:00+00:00,KXFEDDECISION,long_dated,43,
1070,KXFEDDECISION-26OCT-C26,0.0,2026-06-16 00:00:00+00:00,KXFEDDECISION,long_dated,43,
1070,KXFEDDECISION-27OCT-C26,0.0,2026-06-16 00:00:00+00:00,KXFEDDECISION,long_dated,43,
1070,KXFEDDECISION-27DEC-H26,0.0,2026-06-16 00:00:00+00:00,KXFEDDECISION,long_dated,43,
1070,KXFEDDECISION-26JUL-H26,0.0,2026-06-16 00:00:00+00:00,KXFEDDECISION,long_dated,43,
1070,KXFEDDECISION-28JAN-H25,0.0,2026-06-16 00:00:00+00:00,KXFEDDECISION,long_dated,43,
1071,KXFEDDECISION-26OCT-C25,1.0,2026-06-16 00:00:00+00:00,KXFEDDECISION,long_dated,134,155.0
1071,KXFEDDECISION-26SEP-H25,0.0,2026-06-16 00:00:00+00:00,KXFEDDECISION,long_dated,134,
1071,KXFEDDECISION-27JUL-H26,0.0,2026-06-16 00:00:00+00:00,KXFEDDECISION,long_dated,134,
1071,KXFEDDECISION-26DEC-H26,0.0,2026-06-16 00:00:00+00:00,KXFEDDECISION,long_dated,134,
1071,KXFEDDECISION-27JUN-H26,0.0,2026-06-16 00:00:00+00:00,KXFEDDECISION,long_dated,134,
1071,KXFEDDECISION-27JAN-H26,0.0,2026-06-16 00:00:00+00:00,KXFEDDECISION,long_dated,134,
1071,KXFEDDECISION-28JAN-H26,0.0,2026-06-16 00:00:00+00:00,KXFEDDECISION,long_dated,134,
1071,KXFEDDECISION-28JAN-C25,0.0,2026-06-16 00:00:00+00:00,KXFEDDECISION,long_dated,134,
1071,KXFEDDECISION-27JAN-H25,0.0,2026-06-16 00:00:00+00:00,KXFEDDECISION,long_dated,134,
1071,KXFEDDECISION-27APR-C26,0.0,2026-06-16 00:00:00+00:00,KXFEDDECISION,long_dated,134,
1071,KXFEDDECISION-26DEC-H25,0.0,2026-06-16 00:00:00+00:00,KXFEDDECISION,long_dated,134,
1072,KXFEDDECISION-27JAN-H0,1.0,2026-06-16 00:00:00+00:00,KXFEDDECISION,long_dated,225,105.0
1072,KXFEDDECISION-27OCT-C25,0.0,2026-06-16 00:00:00+00:00,KXFEDDECISION,long_dated,225,
1072,KXFEDDECISION-28JAN-H0,0.0,2026-06-16 00:00:00+00:00,KXFEDDECISION,long_dated,225,
1072,KXFEDDECISION-27JUN-C25,0.0,2026-06-16 00:00:00+00:00,KXFEDDECISION,long_dated,225,
1072,KXFEDDECISION-27DEC-H0,0.0,2026-06-16 00:00:00+00:00,KXFEDDECISION,long_dated,225,
1072,KXFEDDECISION-27JUN-H0,0.0,2026-06-16 00:00:00+00:00,KXFEDDECISION,long_dated,225,
1072,KXFEDDECISION-27OCT-H0,0.0,2026-06-16 00:00:00+00:00,KXFEDDECISION,long_dated,225,
1072,KXFEDDECISION-27SEP-H0,0.0,2026-06-16 00:00:00+00:00,KXFEDDECISION,long_dated,225,
1072,KXFEDDECISION-27JAN-C25,0.0,2026-06-16 00:00:00+00:00,KXFEDDECISION,long_dated,225,
1072,KXFEDDECISION-27APR-C25,0.0,2026-06-16 00:00:00+00:00,KXFEDDECISION,long_dated,225,
1072,KXFEDDECISION-27DEC-C25,0.0,2026-06-16 00:00:00+00:00,KXFEDDECISION,long_dated,225,
1073,KXGOVNHNOMD-26-CWAR,1.0,2026-06-16 00:00:00+00:00,KXGOVNHNOMD,long_dated,85,125.0
1073,KXGOVNHNOMD-26-TSHE,0.0,2026-06-16 00:00:00+00:00,KXGOVNHNOMD,long_dated,85,
1073,KXGOVNHNOMD-26-DMCE,0.0,2026-06-16 00:00:00+00:00,KXGOVNHNOMD,long_dated,85,
1073,KXGOVNHNOMD-26-DFEN,0.0,2026-06-16 00:00:00+00:00,KXGOVNHNOMD,long_dated,85,
1073,KXGOVNHNOMD-26-JKIP,0.0,2026-06-16 00:00:00+00:00,KXGOVNHNOMD,long_dated,85,
1074,KXHOUSERACE-CO06-26-D,1.0,2026-06-16 00:00:00+00:00,KXHOUSERACE,long_dated,505,140.0
1074,KXHOUSERACE-OK02-26-R,0.0,2026-06-16 00:00:00+00:00,KXHOUSERACE,long_dated,505,
1074,KXHOUSERACE-MA01-26-D,0.0,2026-06-16 00:00:00+00:00,KXHOUSERACE,long_dated,505,
1074,KXHOUSERACE-CA46-26-D,0.0,2026-06-16 00:00:00+00:00,KXHOUSERACE,long_dated,505,
1074,KXHOUSERACE-IL03-26-D,0.0,2026-06-16 00:00:00+00:00,KXHOUSERACE,long_dated,505,
1074,KXHOUSERACE-MI12-26-D,0.0,2026-06-16 00:00:00+00:00,KXHOUSERACE,long_dated,505,
1074,KXHOUSERACE-MI11-26-D,0.0,2026-06-16 00:00:00+00:00,KXHOUSERACE,long_dated,505,
1074,KXHOUSERACE-CA44-26-D,0.0,2026-06-16 00:00:00+00:00,KXHOUSERACE,long_dated,505,
1074,KXHOUSERACE-NC07-26-D,0.0,2026-06-16 00:00:00+00:00,KXHOUSERACE,long_dated,505,
1074,KXHOUSERACE-FL07-26-D,0.0,2026-06-16 00:00:00+00:00,KXHOUSERACE,long_dated,505,
1074,KXHOUSERACE-NY06-26-D,0.0,2026-06-16 00:00:00+00:00,KXHOUSERACE,long_dated,505,
1075,KXHOUSERACE-CO06-26-R,1.0,2026-06-16 00:00:00+00:00,KXHOUSERACE,long_dated,505,140.0
1075,KXHOUSERACE-RI02-26-R,0.0,2026-06-16 00:00:00+00:00,KXHOUSERACE,long_dated,505,
1075,KXHOUSERACE-NY14-26-R,0.0,2026-06-16 00:00:00+00:00,KXHOUSERACE,long_dated,505,
1075,KXHOUSERACE-FL06-26-D,0.0,2026-06-16 00:00:00+00:00,KXHOUSERACE,long_dated,505,
1075,KXHOUSERACE-CT03-26-R,0.0,2026-06-16 00:00:00+00:00,KXHOUSERACE,long_dated,505,
1075,KXHOUSERACE-MD07-26-R,0.0,2026-06-16 00:00:00+00:00,KXHOUSERACE,long_dated,505,
1075,KXHOUSERACE-NJ06-26-R,0.0,2026-06-16 00:00:00+00:00,KXHOUSERACE,long_dated,505,
1075,KXHOUSERACE-MI06-26-R,0.0,2026-06-16 00:00:00+00:00,KXHOUSERACE,long_dated,505,
1075,KXHOUSERACE-NY06-26-R,0.0,2026-06-16 00:00:00+00:00,KXHOUSERACE,long_dated,505,
1075,KXHOUSERACE-RI01-26-R,0.0,2026-06-16 00:00:00+00:00,KXHOUSERACE,long_dated,505,
1075,KXHOUSERACE-MS04-26-D,0.0,2026-06-16 00:00:00+00:00,KXHOUSERACE,long_dated,505,
1076,KXHOUSERACE-FL10-26-D,1.0,2026-06-16 00:00:00+00:00,KXHOUSERACE,long_dated,505,90.0
1076,KXHOUSERACE-FL09-26-R,0.0,2026-06-16 00:00:00+00:00,KXHOUSERACE,long_dated,505,
1076,KXHOUSERACE-NC09-26-R,0.0,2026-06-16 00:00:00+00:00,KXHOUSERACE,long_dated,505,
1076,KXHOUSERACE-FL09-26-D,0.0,2026-06-16 00:00:00+00:00,KXHOUSERACE,long_dated,505,
1076,KXHOUSERACE-OH07-26-R,0.0,2026-06-16 00:00:00+00:00,KXHOUSERACE,long_dated,505,
1076,KXHOUSERACE-NC07-26-R,0.0,2026-06-16 00:00:00+00:00,KXHOUSERACE,long_dated,505,
1076,KXHOUSERACE-FL03-26-R,0.0,2026-06-16 00:00:00+00:00,KXHOUSERACE,long_dated,505,
1076,KXHOUSERACE-MN06-26-R,0.0,2026-06-16 00:00:00+00:00,KXHOUSERACE,long_dated,505,
1076,KXHOUSERACE-FL15-26-R,0.0,2026-06-16 00:00:00+00:00,KXHOUSERACE,long_dated,505,
1076,KXHOUSERACE-NC10-26-R,0.0,2026-06-16 00:00:00+00:00,KXHOUSERACE,long_dated,505,
1076,KXHOUSERACE-NC06-26-R,0.0,2026-06-16 00:00:00+00:00,KXHOUSERACE,long_dated,505,
1077,KXHOUSERACE-FL10-26-R,1.0,2026-06-16 00:00:00+00:00,KXHOUSERACE,long_dated,505,90.0
1077,KXHOUSERACE-CA23-26-R,0.0,2026-06-16 00:00:00+00:00,KXHOUSERACE,long_dated,505,
1077,KXHOUSERACE-CA23-26-D,0.0,2026-06-16 00:00:00+00:00,KXHOUSERACE,long_dated,505,
1077,KXHOUSERACE-NC10-26-D,0.0,2026-06-16 00:00:00+00:00,KXHOUSERACE,long_dated,505,
1077,KXHOUSERACE-IL12-26-D,0.0,2026-06-16 00:00:00+00:00,KXHOUSERACE,long_dated,505,
1077,KXHOUSERACE-OK01-26-D,0.0,2026-06-16 00:00:00+00:00,KXHOUSERACE,long_dated,505,
1077,KXHOUSERACE-NDAL-26-R,0.0,2026-06-16 00:00:00+00:00,KXHOUSERACE,long_dated,505,
1077,KXHOUSERACE-NE01-26-AAHL,0.0,2026-06-16 00:00:00+00:00,KXHOUSERACE,long_dated,505,
1077,KXHOUSERACE-KS02-26-D,0.0,2026-06-16 00:00:00+00:00,KXHOUSERACE,long_dated,505,
1077,KXHOUSERACE-SDAL-26-D,0.0,2026-06-16 00:00:00+00:00,KXHOUSERACE,long_dated,505,
1077,KXHOUSERACE-KS04-26-R,0.0,2026-06-16 00:00:00+00:00,KXHOUSERACE,long_dated,505,
1078,KXHOUSERACE-FL24-26-R,1.0,2026-06-16 00:00:00+00:00,KXHOUSERACE,long_dated,505,1670.0
1078,KXHOUSERACE-SC07-26-D,0.0,2026-06-16 00:00:00+00:00,KXHOUSERACE,long_dated,505,
1078,KXHOUSERACE-UT04-26-D,0.0,2026-06-16 00:00:00+00:00,KXHOUSERACE,long_dated,505,
1078,KXHOUSERACE-NY12-26-D,0.0,2026-06-16 00:00:00+00:00,KXHOUSERACE,long_dated,505,
1078,KXHOUSERACE-WV02-26-D,0.0,2026-06-16 00:00:00+00:00,KXHOUSERACE,long_dated,505,
1078,KXHOUSERACE-KS01-26-D,0.0,2026-06-16 00:00:00+00:00,KXHOUSERACE,long_dated,505,
1078,KXHOUSERACE-AR03-26-D,0.0,2026-06-16 00:00:00+00:00,KXHOUSERACE,long_dated,505,
1078,KXHOUSERACE-GA03-26-D,0.0,2026-06-16 00:00:00+00:00,KXHOUSERACE,long_dated,505,
1078,KXHOUSERACE-TX07-26-R,0.0,2026-06-16 00:00:00+00:00,KXHOUSERACE,long_dated,505,
1078,KXHOUSERACE-WI02-26-R,0.0,2026-06-16 00:00:00+00:00,KXHOUSERACE,long_dated,505,
1078,KXHOUSERACE-CA17-26-R,0.0,2026-06-16 00:00:00+00:00,KXHOUSERACE,long_dated,505,
1079,KXHOUSERACE-FL26-26-D,1.0,2026-06-16 00:00:00+00:00,KXHOUSERACE,long_dated,505,95.0
1079,KXHOUSERACE-WI08-26-D,0.0,2026-06-16 00:00:00+00:00,KXHOUSERACE,long_dated,505,
1079,KXHOUSERACE-NC09-26-D,0.0,2026-06-16 00:00:00+00:00,KXHOUSERACE,long_dated,505,
1079,KXHOUSERACE-FL04-26-D,0.0,2026-06-16 00:00:00+00:00,KXHOUSERACE,long_dated,505,
1079,KXHOUSERACE-PA16-26-D,0.0,2026-06-16 00:00:00+00:00,KXHOUSERACE,long_dated,505,
1079,KXHOUSERACE-VA06-26-D,0.0,2026-06-16 00:00:00+00:00,KXHOUSERACE,long_dated,505,
1079,KXHOUSERACE-GA12-26-D,0.0,2026-06-16 00:00:00+00:00,KXHOUSERACE,long_dated,505,
1079,KXHOUSERACE-AZ05-26-D,0.0,2026-06-16 00:00:00+00:00,KXHOUSERACE,long_dated,505,
1079,KXHOUSERACE-WI07-26-D,0.0,2026-06-16 00:00:00+00:00,KXHOUSERACE,long_dated,505,
1079,KXHOUSERACE-IN05-26-D,0.0,2026-06-16 00:00:00+00:00,KXHOUSERACE,long_dated,505,
1079,KXHOUSERACE-NJ03-26-R,0.0,2026-06-16 00:00:00+00:00,KXHOUSERACE,long_dated,505,
1080,KXHOUSERACE-FL26-26-R,1.0,2026-06-16 00:00:00+00:00,KXHOUSERACE,long_dated,505,95.0
1080,KXHOUSERACE-AL02-26-R,0.0,2026-06-16 00:00:00+00:00,KXHOUSERACE,long_dated,505,
1080,KXHOUSERACE-FL11-26-R,0.0,2026-06-16 00:00:00+00:00,KXHOUSERACE,long_dated,505,
1080,KXHOUSERACE-FL21-26-R,0.0,2026-06-16 00:00:00+00:00,KXHOUSERACE,long_dated,505,
1080,KXHOUSERACE-PA11-26-R,0.0,2026-06-16 00:00:00+00:00,KXHOUSERACE,long_dated,505,
1080,KXHOUSERACE-MD01-26-D,0.0,2026-06-16 00:00:00+00:00,KXHOUSERACE,long_dated,505,
1080,KXHOUSERACE-MN01-26-R,0.0,2026-06-16 00:00:00+00:00,KXHOUSERACE,long_dated,505,
1080,KXHOUSERACE-NC03-26-R,0.0,2026-06-16 00:00:00+00:00,KXHOUSERACE,long_dated,505,
1080,KXHOUSERACE-MN01-26-D,0.0,2026-06-16 00:00:00+00:00,KXHOUSERACE,long_dated,505,
1080,KXHOUSERACE-NC06-26-R,0.0,2026-06-16 00:00:00+00:00,KXHOUSERACE,long_dated,505,
1080,KXHOUSERACE-NM03-26-D,0.0,2026-06-16 00:00:00+00:00,KXHOUSERACE,long_dated,505,
1081,KXHOUSERACE-GA13-26-R,1.0,2026-06-16 00:00:00+00:00,KXHOUSERACE,long_dated,505,105.0
1081,KXHOUSERACE-CA35-26-R,0.0,2026-06-16 00:00:00+00:00,KXHOUSERACE,long_dated,505,
1081,KXHOUSERACE-ID01-26-D,0.0,2026-06-16 00:00:00+00:00,KXHOUSERACE,long_dated,505,
1081,KXHOUSERACE-VA08-26-R,0.0,2026-06-16 00:00:00+00:00,KXHOUSERACE,long_dated,505,
1081,KXHOUSERACE-NC02-26-R,0.0,2026-06-16 00:00:00+00:00,KXHOUSERACE,long_dated,505,
1081,KXHOUSERACE-AL04-26-D,0.0,2026-06-16 00:00:00+00:00,KXHOUSERACE,long_dated,505,
1081,KXHOUSERACE-MN05-26-R,0.0,2026-06-16 00:00:00+00:00,KXHOUSERACE,long_dated,505,
1081,KXHOUSERACE-MA04-26-R,0.0,2026-06-16 00:00:00+00:00,KXHOUSERACE,long_dated,505,
1081,KXHOUSERACE-MS01-26-D,0.0,2026-06-16 00:00:00+00:00,KXHOUSERACE,long_dated,505,
1081,KXHOUSERACE-TX30-26-D,0.0,2026-06-16 00:00:00+00:00,KXHOUSERACE,long_dated,505,
1081,KXHOUSERACE-IL06-26-R,0.0,2026-06-16 00:00:00+00:00,KXHOUSERACE,long_dated,505,
1082,KXHOUSERACE-IL04-26-MMAC,1.0,2026-06-16 00:00:00+00:00,KXHOUSERACE,long_dated,505,90.0
1082,KXHOUSERACE-NC10-26-R,0.0,2026-06-16 00:00:00+00:00,KXHOUSERACE,long_dated,505,
1082,KXHOUSERACE-FL03-26-R,0.0,2026-06-16 00:00:00+00:00,KXHOUSERACE,long_dated,505,
1082,KXHOUSERACE-OH07-26-R,0.0,2026-06-16 00:00:00+00:00,KXHOUSERACE,long_dated,505,
1082,KXHOUSERACE-FL14-26-D,0.0,2026-06-16 00:00:00+00:00,KXHOUSERACE,long_dated,505,
1082,KXHOUSERACE-FL14-26-R,0.0,2026-06-16 00:00:00+00:00,KXHOUSERACE,long_dated,505,
1082,KXHOUSERACE-FL09-26-D,0.0,2026-06-16 00:00:00+00:00,KXHOUSERACE,long_dated,505,
1082,KXHOUSERACE-FL09-26-R,0.0,2026-06-16 00:00:00+00:00,KXHOUSERACE,long_dated,505,
1082,KXHOUSERACE-NC09-26-R,0.0,2026-06-16 00:00:00+00:00,KXHOUSERACE,long_dated,505,
1082,KXHOUSERACE-DCAL-26-D,0.0,2026-06-16 00:00:00+00:00,KXHOUSERACE,long_dated,505,
1082,KXHOUSERACE-DCAL-26-R,0.0,2026-06-16 00:00:00+00:00,KXHOUSERACE,long_dated,505,
1083,KXHOUSERACE-IL04-26-R,1.0,2026-06-16 00:00:00+00:00,KXHOUSERACE,long_dated,505,90.0
1083,KXHOUSERACE-AZ03-26-R,0.0,2026-06-16 00:00:00+00:00,KXHOUSERACE,long_dated,505,
1083,KXHOUSERACE-VA04-26-R,0.0,2026-06-16 00:00:00+00:00,KXHOUSERACE,long_dated,505,
1083,KXHOUSERACE-OR01-26-R,0.0,2026-06-16 00:00:00+00:00,KXHOUSERACE,long_dated,505,
1083,KXHOUSERACE-MD08-26-R,0.0,2026-06-16 00:00:00+00:00,KXHOUSERACE,long_dated,505,
1083,KXHOUSERACE-CA31-26-R,0.0,2026-06-16 00:00:00+00:00,KXHOUSERACE,long_dated,505,
1083,KXHOUSERACE-CA51-26-R,0.0,2026-06-16 00:00:00+00:00,KXHOUSERACE,long_dated,505,
1083,KXHOUSERACE-DEAL-26-R,0.0,2026-06-16 00:00:00+00:00,KXHOUSERACE,long_dated,505,
1083,KXHOUSERACE-MA08-26-R,0.0,2026-06-16 00:00:00+00:00,KXHOUSERACE,long_dated,505,
1083,KXHOUSERACE-MD04-26-R,0.0,2026-06-16 00:00:00+00:00,KXHOUSERACE,long_dated,505,
1083,KXHOUSERACE-MI12-26-R,0.0,2026-06-16 00:00:00+00:00,KXHOUSERACE,long_dated,505,
1084,KXHOUSERACE-KS03-26-D,1.0,2026-06-16 00:00:00+00:00,KXHOUSERACE,long_dated,505,125.0
1084,KXHOUSERACE-LA05-26-D,0.0,2026-06-16 00:00:00+00:00,KXHOUSERACE,long_dated,505,
1084,KXHOUSERACE-MO04-26-D,0.0,2026-06-16 00:00:00+00:00,KXHOUSERACE,long_dated,505,
1084,KXHOUSERACE-CA39-26-R,0.0,2026-06-16 00:00:00+00:00,KXHOUSERACE,long_dated,505,
1084,KXHOUSERACE-CA50-26-R,0.0,2026-06-16 00:00:00+00:00,KXHOUSERACE,long_dated,505,
1084,KXHOUSERACE-FL01-26-D,0.0,2026-06-16 00:00:00+00:00,KXHOUSERACE,long_dated,505,
1084,KXHOUSERACE-LA04-26-D,0.0,2026-06-16 00:00:00+00:00,KXHOUSERACE,long_dated,505,
1084,KXHOUSERACE-IL14-26-R,0.0,2026-06-16 00:00:00+00:00,KXHOUSERACE,long_dated,505,
1084,KXHOUSERACE-PA11-26-D,0.0,2026-06-16 00:00:00+00:00,KXHOUSERACE,long_dated,505,
1084,KXHOUSERACE-CA28-26-R,0.0,2026-06-16 00:00:00+00:00,KXHOUSERACE,long_dated,505,
1084,KXHOUSERACE-IL08-26-D,0.0,2026-06-16 00:00:00+00:00,KXHOUSERACE,long_dated,505,
1085,KXHOUSERACE-KS03-26-R,1.0,2026-06-16 00:00:00+00:00,KXHOUSERACE,long_dated,505,125.0
1085,KXHOUSERACE-TX02-26-D,0.0,2026-06-16 00:00:00+00:00,KXHOUSERACE,long_dated,505,
1085,KXHOUSERACE-FL21-26-D,0.0,2026-06-16 00:00:00+00:00,KXHOUSERACE,long_dated,505,
1085,KXHOUSERACE-TX14-26-D,0.0,2026-06-16 00:00:00+00:00,KXHOUSERACE,long_dated,505,
1085,KXHOUSERACE-MD06-26-R,0.0,2026-06-16 00:00:00+00:00,KXHOUSERACE,long_dated,505,
1085,KXHOUSERACE-TX25-26-D,0.0,2026-06-16 00:00:00+00:00,KXHOUSERACE,long_dated,505,
1085,KXHOUSERACE-FL11-26-D,0.0,2026-06-16 00:00:00+00:00,KXHOUSERACE,long_dated,505,
1085,KXHOUSERACE-KS04-26-D,0.0,2026-06-16 00:00:00+00:00,KXHOUSERACE,long_dated,505,
1085,KXHOUSERACE-KS02-26-D,0.0,2026-06-16 00:00:00+00:00,KXHOUSERACE,long_dated,505,
1085,KXHOUSERACE-NJ03-26-D,0.0,2026-06-16 00:00:00+00:00,KXHOUSERACE,long_dated,505,
1085,KXHOUSERACE-IN02-26-D,0.0,2026-06-16 00:00:00+00:00,KXHOUSERACE,long_dated,505,
1086,KXHOUSERACE-MN04-26-R,1.0,2026-06-16 00:00:00+00:00,KXHOUSERACE,long_dated,505,90.0
1086,KXHOUSERACE-CA28-26-R,0.0,2026-06-16 00:00:00+00:00,KXHOUSERACE,long_dated,505,
1086,KXHOUSERACE-PA11-26-D,0.0,2026-06-16 00:00:00+00:00,KXHOUSERACE,long_dated,505,
1086,KXHOUSERACE-CA46-26-R,0.0,2026-06-16 00:00:00+00:00,KXHOUSERACE,long_dated,505,
1086,KXHOUSERACE-WA09-26-R,0.0,2026-06-16 00:00:00+00:00,KXHOUSERACE,long_dated,505,
1086,KXHOUSERACE-TN07-26-D,0.0,2026-06-16 00:00:00+00:00,KXHOUSERACE,long_dated,505,
1086,KXHOUSERACE-IL14-26-R,0.0,2026-06-16 00:00:00+00:00,KXHOUSERACE,long_dated,505,
1086,KXHOUSERACE-IA04-26-D,0.0,2026-06-16 00:00:00+00:00,KXHOUSERACE,long_dated,505,
1086,KXHOUSERACE-AZ09-26-D,0.0,2026-06-16 00:00:00+00:00,KXHOUSERACE,long_dated,505,
1086,KXHOUSERACE-CA39-26-R,0.0,2026-06-16 00:00:00+00:00,KXHOUSERACE,long_dated,505,
1086,KXHOUSERACE-MO04-26-D,0.0,2026-06-16 00:00:00+00:00,KXHOUSERACE,long_dated,505,
1087,KXHOUSERACE-MT02-26-D,1.0,2026-06-16 00:00:00+00:00,KXHOUSERACE,long_dated,505,75.0
1087,KXHOUSERACE-IL08-26-D,0.0,2026-06-16 00:00:00+00:00,KXHOUSERACE,long_dated,505,
1087,KXHOUSERACE-IL08-26-R,0.0,2026-06-16 00:00:00+00:00,KXHOUSERACE,long_dated,505,
1087,KXHOUSERACE-IL13-26-R,0.0,2026-06-16 00:00:00+00:00,KXHOUSERACE,long_dated,505,
1087,KXHOUSERACE-PA04-26-R,0.0,2026-06-16 00:00:00+00:00,KXHOUSERACE,long_dated,505,
1087,KXHOUSERACE-VTAL-26-D,0.0,2026-06-16 00:00:00+00:00,KXHOUSERACE,long_dated,505,
1087,KXHOUSERACE-CA16-26-R,0.0,2026-06-16 00:00:00+00:00,KXHOUSERACE,long_dated,505,
1087,KXHOUSERACE-SC04-26-D,0.0,2026-06-16 00:00:00+00:00,KXHOUSERACE,long_dated,505,
1087,KXHOUSERACE-NC05-26-D,0.0,2026-06-16 00:00:00+00:00,KXHOUSERACE,long_dated,505,
1087,KXHOUSERACE-MI05-26-D,0.0,2026-06-16 00:00:00+00:00,KXHOUSERACE,long_dated,505,
1087,KXHOUSERACE-LA04-26-D,0.0,2026-06-16 00:00:00+00:00,KXHOUSERACE,long_dated,505,
1088,KXHOUSERACE-TX19-26-D,1.0,2026-06-16 00:00:00+00:00,KXHOUSERACE,long_dated,505,90.0
1088,KXHOUSERACE-IL08-26-D,0.0,2026-06-16 00:00:00+00:00,KXHOUSERACE,long_dated,505,
1088,KXHOUSERACE-IL08-26-R,0.0,2026-06-16 00:00:00+00:00,KXHOUSERACE,long_dated,505,
1088,KXHOUSERACE-IL13-26-R,0.0,2026-06-16 00:00:00+00:00,KXHOUSERACE,long_dated,505,
1088,KXHOUSERACE-PA04-26-R,0.0,2026-06-16 00:00:00+00:00,KXHOUSERACE,long_dated,505,
1088,KXHOUSERACE-VTAL-26-D,0.0,2026-06-16 00:00:00+00:00,KXHOUSERACE,long_dated,505,
1088,KXHOUSERACE-CA16-26-R,0.0,2026-06-16 00:00:00+00:00,KXHOUSERACE,long_dated,505,
1088,KXHOUSERACE-SC04-26-D,0.0,2026-06-16 00:00:00+00:00,KXHOUSERACE,long_dated,505,
1088,KXHOUSERACE-NC05-26-D,0.0,2026-06-16 00:00:00+00:00,KXHOUSERACE,long_dated,505,
1088,KXHOUSERACE-MI05-26-D,0.0,2026-06-16 00:00:00+00:00,KXHOUSERACE,long_dated,505,
1088,KXHOUSERACE-LA04-26-D,0.0,2026-06-16 00:00:00+00:00,KXHOUSERACE,long_dated,505,
1089,KXHOUSERACE-TX19-26-R,1.0,2026-06-16 00:00:00+00:00,KXHOUSERACE,long_dated,505,90.0
1089,KXHOUSERACE-MI12-26-D,0.0,2026-06-16 00:00:00+00:00,KXHOUSERACE,long_dated,505,
1089,KXHOUSERACE-MI11-26-D,0.0,2026-06-16 00:00:00+00:00,KXHOUSERACE,long_dated,505,
1089,KXHOUSERACE-IL03-26-D,0.0,2026-06-16 00:00:00+00:00,KXHOUSERACE,long_dated,505,
1089,KXHOUSERACE-CA44-26-D,0.0,2026-06-16 00:00:00+00:00,KXHOUSERACE,long_dated,505,
1089,KXHOUSERACE-NC07-26-D,0.0,2026-06-16 00:00:00+00:00,KXHOUSERACE,long_dated,505,
1089,KXHOUSERACE-NY06-26-D,0.0,2026-06-16 00:00:00+00:00,KXHOUSERACE,long_dated,505,
1089,KXHOUSERACE-IL15-26-R,0.0,2026-06-16 00:00:00+00:00,KXHOUSERACE,long_dated,505,
1089,KXHOUSERACE-OK02-26-R,0.0,2026-06-16 00:00:00+00:00,KXHOUSERACE,long_dated,505,
1089,KXHOUSERACE-MA01-26-D,0.0,2026-06-16 00:00:00+00:00,KXHOUSERACE,long_dated,505,
1089,KXHOUSERACE-CA46-26-D,0.0,2026-06-16 00:00:00+00:00,KXHOUSERACE,long_dated,505,
1090,KXHOUSERACE-TX26-26-D,1.0,2026-06-16 00:00:00+00:00,KXHOUSERACE,long_dated,505,90.0
1090,KXHOUSERACE-IL12-26-D,0.0,2026-06-16 00:00:00+00:00,KXHOUSERACE,long_dated,505,
1090,KXHOUSERACE-KS02-26-D,0.0,2026-06-16 00:00:00+00:00,KXHOUSERACE,long_dated,505,
1090,KXHOUSERACE-NC10-26-D,0.0,2026-06-16 00:00:00+00:00,KXHOUSERACE,long_dated,505,
1090,KXHOUSERACE-CA23-26-R,0.0,2026-06-16 00:00:00+00:00,KXHOUSERACE,long_dated,505,
1090,KXHOUSERACE-MD06-26-R,0.0,2026-06-16 00:00:00+00:00,KXHOUSERACE,long_dated,505,
1090,KXHOUSERACE-CA23-26-D,0.0,2026-06-16 00:00:00+00:00,KXHOUSERACE,long_dated,505,
1090,KXHOUSERACE-TX02-26-D,0.0,2026-06-16 00:00:00+00:00,KXHOUSERACE,long_dated,505,
1090,KXHOUSERACE-FL21-26-D,0.0,2026-06-16 00:00:00+00:00,KXHOUSERACE,long_dated,505,
1090,KXHOUSERACE-TX14-26-D,0.0,2026-06-16 00:00:00+00:00,KXHOUSERACE,long_dated,505,
1090,KXHOUSERACE-TX25-26-D,0.0,2026-06-16 00:00:00+00:00,KXHOUSERACE,long_dated,505,
1091,KXHOUSERACE-TX26-26-R,1.0,2026-06-16 00:00:00+00:00,KXHOUSERACE,long_dated,505,90.0
1091,KXHOUSERACE-NC03-26-R,0.0,2026-06-16 00:00:00+00:00,KXHOUSERACE,long_dated,505,
1091,KXHOUSERACE-NM03-26-D,0.0,2026-06-16 00:00:00+00:00,KXHOUSERACE,long_dated,505,
1091,KXHOUSERACE-OR04-26-D,0.0,2026-06-16 00:00:00+00:00,KXHOUSERACE,long_dated,505,
1091,KXHOUSERACE-MO03-26-R,0.0,2026-06-16 00:00:00+00:00,KXHOUSERACE,long_dated,505,
1091,KXHOUSERACE-MD01-26-D,0.0,2026-06-16 00:00:00+00:00,KXHOUSERACE,long_dated,505,
1091,KXHOUSERACE-TX18-26-D,0.0,2026-06-16 00:00:00+00:00,KXHOUSERACE,long_dated,505,
1091,KXHOUSERACE-TX36-26-R,0.0,2026-06-16 00:00:00+00:00,KXHOUSERACE,long_dated,505,
1091,KXHOUSERACE-MI05-26-R,0.0,2026-06-16 00:00:00+00:00,KXHOUSERACE,long_dated,505,
1091,KXHOUSERACE-LA04-26-R,0.0,2026-06-16 00:00:00+00:00,KXHOUSERACE,long_dated,505,
1091,KXHOUSERACE-FL01-26-R,0.0,2026-06-16 00:00:00+00:00,KXHOUSERACE,long_dated,505,
1092,KXHOUSERACE-TX37-26-D,1.0,2026-06-16 00:00:00+00:00,KXHOUSERACE,long_dated,505,90.0
1092,KXHOUSERACE-PA05-26-D,0.0,2026-06-16 00:00:00+00:00,KXHOUSERACE,long_dated,505,
1092,KXHOUSERACE-CT03-26-D,0.0,2026-06-16 00:00:00+00:00,KXHOUSERACE,long_dated,505,
1092,KXHOUSERACE-CA43-26-D,0.0,2026-06-16 00:00:00+00:00,KXHOUSERACE,long_dated,505,
1092,KXHOUSERACE-TX29-26-D,0.0,2026-06-16 00:00:00+00:00,KXHOUSERACE,long_dated,505,
1092,KXHOUSERACE-MI01-26-R,0.0,2026-06-16 00:00:00+00:00,KXHOUSERACE,long_dated,505,
1092,KXHOUSERACE-CT04-26-D,0.0,2026-06-16 00:00:00+00:00,KXHOUSERACE,long_dated,505,
1092,KXHOUSERACE-CA25-26-R,0.0,2026-06-16 00:00:00+00:00,KXHOUSERACE,long_dated,505,
1092,KXHOUSERACE-WA02-26-D,0.0,2026-06-16 00:00:00+00:00,KXHOUSERACE,long_dated,505,
1092,KXHOUSERACE-NY07-26-D,0.0,2026-06-16 00:00:00+00:00,KXHOUSERACE,long_dated,505,
1092,KXHOUSERACE-AL04-26-R,0.0,2026-06-16 00:00:00+00:00,KXHOUSERACE,long_dated,505,
1093,KXHOUSERACE-TX37-26-R,1.0,2026-06-16 00:00:00+00:00,KXHOUSERACE,long_dated,505,90.0
1093,KXHOUSERACE-VA09-26-D,0.0,2026-06-16 00:00:00+00:00,KXHOUSERACE,long_dated,505,
1093,KXHOUSERACE-CA01-26-D,0.0,2026-06-16 00:00:00+00:00,KXHOUSERACE,long_dated,505,
1093,KXHOUSERACE-OR04-26-R,0.0,2026-06-16 00:00:00+00:00,KXHOUSERACE,long_dated,505,
1093,KXHOUSERACE-NJ08-26-R,0.0,2026-06-16 00:00:00+00:00,KXHOUSERACE,long_dated,505,
1093,KXHOUSERACE-CO07-26-R,0.0,2026-06-16 00:00:00+00:00,KXHOUSERACE,long_dated,505,
1093,KXHOUSERACE-MA06-26-R,0.0,2026-06-16 00:00:00+00:00,KXHOUSERACE,long_dated,505,
1093,KXHOUSERACE-NY20-26-R,0.0,2026-06-16 00:00:00+00:00,KXHOUSERACE,long_dated,505,
1093,KXHOUSERACE-IL10-26-R,0.0,2026-06-16 00:00:00+00:00,KXHOUSERACE,long_dated,505,
1093,KXHOUSERACE-CA01-26-R,0.0,2026-06-16 00:00:00+00:00,KXHOUSERACE,long_dated,505,
1093,KXHOUSERACE-AZ07-26-R,0.0,2026-06-16 00:00:00+00:00,KXHOUSERACE,long_dated,505,
1094,KXLAPRIMARY-04R26-JMOR,1.0,2026-06-16 00:00:00+00:00,KXLAPRIMARY,long_dated,505,75.0
1094,KXLAPRIMARY-06R26-CJOH,0.0,2026-06-16 00:00:00+00:00,KXLAPRIMARY,long_dated,505,
1094,KXLAPRIMARY-05R26-SWYA,0.0,2026-06-16 00:00:00+00:00,KXLAPRIMARY,long_dated,505,
1094,KXLAPRIMARY-05R26-REDM,0.0,2026-06-16 00:00:00+00:00,KXLAPRIMARY,long_dated,505,
1094,KXLAPRIMARY-05R26-AMAG,0.0,2026-06-16 00:00:00+00:00,KXLAPRIMARY,long_dated,505,
1094,KXLAPRIMARY-05R26-MCOR,0.0,2026-06-16 00:00:00+00:00,KXLAPRIMARY,long_dated,505,
1094,KXLAPRIMARY-05R26-BMIG,0.0,2026-06-16 00:00:00+00:00,KXLAPRIMARY,long_dated,505,
1094,KXLAPRIMARY-05R26-MMEB,0.0,2026-06-16 00:00:00+00:00,KXLAPRIMARY,long_dated,505,
1094,KXLAPRIMARY-06R26-PWIL,0.0,2026-06-16 00:00:00+00:00,KXLAPRIMARY,long_dated,505,
1094,KXLAPRIMARY-06R26-MAPP,0.0,2026-06-16 00:00:00+00:00,KXLAPRIMARY,long_dated,505,
1095,KXLAPRIMARY-04R26-MJOH,1.0,2026-06-16 00:00:00+00:00,KXLAPRIMARY,long_dated,505,180.0
1095,KXLAPRIMARY-06R26-MAPP,0.0,2026-06-16 00:00:00+00:00,KXLAPRIMARY,long_dated,505,
1095,KXLAPRIMARY-06R26-PWIL,0.0,2026-06-16 00:00:00+00:00,KXLAPRIMARY,long_dated,505,
1095,KXLAPRIMARY-05R26-MMEB,0.0,2026-06-16 00:00:00+00:00,KXLAPRIMARY,long_dated,505,
1095,KXLAPRIMARY-05R26-BMIG,0.0,2026-06-16 00:00:00+00:00,KXLAPRIMARY,long_dated,505,
1095,KXLAPRIMARY-05R26-MCOR,0.0,2026-06-16 00:00:00+00:00,KXLAPRIMARY,long_dated,505,
1095,KXLAPRIMARY-06R26-CJOH,0.0,2026-06-16 00:00:00+00:00,KXLAPRIMARY,long_dated,505,
1095,KXLAPRIMARY-05R26-SWYA,0.0,2026-06-16 00:00:00+00:00,KXLAPRIMARY,long_dated,505,
1095,KXLAPRIMARY-05R26-REDM,0.0,2026-06-16 00:00:00+00:00,KXLAPRIMARY,long_dated,505,
1095,KXLAPRIMARY-05R26-AMAG,0.0,2026-06-16 00:00:00+00:00,KXLAPRIMARY,long_dated,505,
1096,KXLAPRIMARY-04R26-MNIC,1.0,2026-06-16 00:00:00+00:00,KXLAPRIMARY,long_dated,505,75.0
1096,KXLAPRIMARY-06R26-CJOH,0.0,2026-06-16 00:00:00+00:00,KXLAPRIMARY,long_dated,505,
1096,KXLAPRIMARY-05R26-SWYA,0.0,2026-06-16 00:00:00+00:00,KXLAPRIMARY,long_dated,505,
1096,KXLAPRIMARY-05R26-REDM,0.0,2026-06-16 00:00:00+00:00,KXLAPRIMARY,long_dated,505,
1096,KXLAPRIMARY-05R26-AMAG,0.0,2026-06-16 00:00:00+00:00,KXLAPRIMARY,long_dated,505,
1096,KXLAPRIMARY-05R26-MCOR,0.0,2026-06-16 00:00:00+00:00,KXLAPRIMARY,long_dated,505,
1096,KXLAPRIMARY-05R26-BMIG,0.0,2026-06-16 00:00:00+00:00,KXLAPRIMARY,long_dated,505,
1096,KXLAPRIMARY-05R26-MMEB,0.0,2026-06-16 00:00:00+00:00,KXLAPRIMARY,long_dated,505,
1096,KXLAPRIMARY-06R26-PWIL,0.0,2026-06-16 00:00:00+00:00,KXLAPRIMARY,long_dated,505,
1096,KXLAPRIMARY-06R26-MAPP,0.0,2026-06-16 00:00:00+00:00,KXLAPRIMARY,long_dated,505,
1097,KXLAPRIMARY-05R26-MECH,1.0,2026-06-16 00:00:00+00:00,KXLAPRIMARY,long_dated,505,175.0
1097,KXLAPRIMARY-05R26-MCOR,0.0,2026-06-16 00:00:00+00:00,KXLAPRIMARY,long_dated,505,
1097,KXLAPRIMARY-05R26-BMIG,0.0,2026-06-16 00:00:00+00:00,KXLAPRIMARY,long_dated,505,
1097,KXLAPRIMARY-05R26-MMEB,0.0,2026-06-16 00:00:00+00:00,KXLAPRIMARY,long_dated,505,
1097,KXLAPRIMARY-06R26-PWIL,0.0,2026-06-16 00:00:00+00:00,KXLAPRIMARY,long_dated,505,
1097,KXLAPRIMARY-06R26-MAPP,0.0,2026-06-16 00:00:00+00:00,KXLAPRIMARY,long_dated,505,
1097,KXLAPRIMARY-06R26-CJOH,0.0,2026-06-16 00:00:00+00:00,KXLAPRIMARY,long_dated,505,
1097,KXLAPRIMARY-05R26-SWYA,0.0,2026-06-16 00:00:00+00:00,KXLAPRIMARY,long_dated,505,
1097,KXLAPRIMARY-05R26-REDM,0.0,2026-06-16 00:00:00+00:00,KXLAPRIMARY,long_dated,505,
1097,KXLAPRIMARY-05R26-AMAG,0.0,2026-06-16 00:00:00+00:00,KXLAPRIMARY,long_dated,505,
1098,KXPERFORMROLE007-Q-AND,1.0,2026-06-16 00:00:00+00:00,KXPERFORMROLE007,long_dated,1660,70.0
1098,KXPERFORMROLE007-FELIX-ANT,0.0,2026-06-16 00:00:00+00:00,KXPERFORMROLE007,long_dated,1660,
1098,KXPERFORMROLE007-M-OLI,0.0,2026-06-16 00:00:00+00:00,KXPERFORMROLE007,long_dated,1660,
1098,KXPERFORMROLE007-FELIX-BOY,0.0,2026-06-16 00:00:00+00:00,KXPERFORMROLE007,long_dated,1660,
1098,KXPERFORMROLE007-M-CHA,0.0,2026-06-16 00:00:00+00:00,KXPERFORMROLE007,long_dated,1660,
1098,KXPERFORMROLE007-FELIX-JOH,0.0,2026-06-16 00:00:00+00:00,KXPERFORMROLE007,long_dated,1660,
1098,KXPERFORMROLE007-M-RAL,0.0,2026-06-16 00:00:00+00:00,KXPERFORMROLE007,long_dated,1660,
1098,KXPERFORMROLE007-VILLAIN-CIL,0.0,2026-06-16 00:00:00+00:00,KXPERFORMROLE007,long_dated,1660,
1098,KXPERFORMROLE007-VILLAIN-IDR,0.0,2026-06-16 00:00:00+00:00,KXPERFORMROLE007,long_dated,1660,
1098,KXPERFORMROLE007-VILLAIN-OSC,0.0,2026-06-16 00:00:00+00:00,KXPERFORMROLE007,long_dated,1660,
1098,KXPERFORMROLE007-VILLAIN-BAR,0.0,2026-06-16 00:00:00+00:00,KXPERFORMROLE007,long_dated,1660,
1099,KXPERFORMROLE007-Q-BEN,1.0,2026-06-16 00:00:00+00:00,KXPERFORMROLE007,long_dated,1660,70.0
1099,KXPERFORMROLE007-FELIX-JOH,0.0,2026-06-16 00:00:00+00:00,KXPERFORMROLE007,long_dated,1660,
1099,KXPERFORMROLE007-M-CHA,0.0,2026-06-16 00:00:00+00:00,KXPERFORMROLE007,long_dated,1660,
1099,KXPERFORMROLE007-M-OLI,0.0,2026-06-16 00:00:00+00:00,KXPERFORMROLE007,long_dated,1660,
1099,KXPERFORMROLE007-FELIX-ANT,0.0,2026-06-16 00:00:00+00:00,KXPERFORMROLE007,long_dated,1660,
1099,KXPERFORMROLE007-FELIX-BOY,0.0,2026-06-16 00:00:00+00:00,KXPERFORMROLE007,long_dated,1660,
1099,KXPERFORMROLE007-M-RAL,0.0,2026-06-16 00:00:00+00:00,KXPERFORMROLE007,long_dated,1660,
1099,KXPERFORMROLE007-VILLAIN-CIL,0.0,2026-06-16 00:00:00+00:00,KXPERFORMROLE007,long_dated,1660,
1099,KXPERFORMROLE007-VILLAIN-IDR,0.0,2026-06-16 00:00:00+00:00,KXPERFORMROLE007,long_dated,1660,
1099,KXPERFORMROLE007-VILLAIN-OSC,0.0,2026-06-16 00:00:00+00:00,KXPERFORMROLE007,long_dated,1660,
1099,KXPERFORMROLE007-VILLAIN-BAR,0.0,2026-06-16 00:00:00+00:00,KXPERFORMROLE007,long_dated,1660,
1100,KXPERFORMROLE007-Q-DEV,1.0,2026-06-16 00:00:00+00:00,KXPERFORMROLE007,long_dated,1660,70.0
1100,KXPERFORMROLE007-FELIX-BOY,0.0,2026-06-16 00:00:00+00:00,KXPERFORMROLE007,long_dated,1660,
1100,KXPERFORMROLE007-FELIX-ANT,0.0,2026-06-16 00:00:00+00:00,KXPERFORMROLE007,long_dated,1660,
1100,KXPERFORMROLE007-M-OLI,0.0,2026-06-16 00:00:00+00:00,KXPERFORMROLE007,long_dated,1660,
1100,KXPERFORMROLE007-M-CHA,0.0,2026-06-16 00:00:00+00:00,KXPERFORMROLE007,long_dated,1660,
1100,KXPERFORMROLE007-FELIX-JOH,0.0,2026-06-16 00:00:00+00:00,KXPERFORMROLE007,long_dated,1660,
1100,KXPERFORMROLE007-M-RAL,0.0,2026-06-16 00:00:00+00:00,KXPERFORMROLE007,long_dated,1660,
1100,KXPERFORMROLE007-VILLAIN-CIL,0.0,2026-06-16 00:00:00+00:00,KXPERFORMROLE007,long_dated,1660,
1100,KXPERFORMROLE007-VILLAIN-IDR,0.0,2026-06-16 00:00:00+00:00,KXPERFORMROLE007,long_dated,1660,
1100,KXPERFORMROLE007-VILLAIN-OSC,0.0,2026-06-16 00:00:00+00:00,KXPERFORMROLE007,long_dated,1660,
1100,KXPERFORMROLE007-VILLAIN-BAR,0.0,2026-06-16 00:00:00+00:00,KXPERFORMROLE007,long_dated,1660,
1101,KXPERFORMROLE007-Q-RIC,1.0,2026-06-16 00:00:00+00:00,KXPERFORMROLE007,long_dated,1660,70.0
1101,KXPERFORMROLE007-FELIX-BOY,0.0,2026-06-16 00:00:00+00:00,KXPERFORMROLE007,long_dated,1660,
1101,KXPERFORMROLE007-FELIX-ANT,0.0,2026-06-16 00:00:00+00:00,KXPERFORMROLE007,long_dated,1660,
1101,KXPERFORMROLE007-M-OLI,0.0,2026-06-16 00:00:00+00:00,KXPERFORMROLE007,long_dated,1660,
1101,KXPERFORMROLE007-M-CHA,0.0,2026-06-16 00:00:00+00:00,KXPERFORMROLE007,long_dated,1660,
1101,KXPERFORMROLE007-FELIX-JOH,0.0,2026-06-16 00:00:00+00:00,KXPERFORMROLE007,long_dated,1660,
1101,KXPERFORMROLE007-M-RAL,0.0,2026-06-16 00:00:00+00:00,KXPERFORMROLE007,long_dated,1660,
1101,KXPERFORMROLE007-VILLAIN-CIL,0.0,2026-06-16 00:00:00+00:00,KXPERFORMROLE007,long_dated,1660,
1101,KXPERFORMROLE007-VILLAIN-IDR,0.0,2026-06-16 00:00:00+00:00,KXPERFORMROLE007,long_dated,1660,
1101,KXPERFORMROLE007-VILLAIN-OSC,0.0,2026-06-16 00:00:00+00:00,KXPERFORMROLE007,long_dated,1660,
1101,KXPERFORMROLE007-VILLAIN-BAR,0.0,2026-06-16 00:00:00+00:00,KXPERFORMROLE007,long_dated,1660,
1102,KXPERFORMROLEBRITNEY-ADD,1.0,2026-06-16 00:00:00+00:00,KXPERFORMROLEBRITNEY,long_dated,1660,70.0
1102,KXPERFORMROLEBRITNEY-CHL,0.0,2026-06-16 00:00:00+00:00,KXPERFORMROLEBRITNEY,long_dated,1660,
1102,KXPERFORMROLEBRITNEY-MIL,0.0,2026-06-16 00:00:00+00:00,KXPERFORMROLEBRITNEY,long_dated,1660,
1102,KXPERFORMROLEBRITNEY-SYD,0.0,2026-06-16 00:00:00+00:00,KXPERFORMROLEBRITNEY,long_dated,1660,
1103,KXPERFORMROLEBRITNEY-ANY,1.0,2026-06-16 00:00:00+00:00,KXPERFORMROLEBRITNEY,long_dated,1660,70.0
1103,KXPERFORMROLEBRITNEY-CHL,0.0,2026-06-16 00:00:00+00:00,KXPERFORMROLEBRITNEY,long_dated,1660,
1103,KXPERFORMROLEBRITNEY-MIL,0.0,2026-06-16 00:00:00+00:00,KXPERFORMROLEBRITNEY,long_dated,1660,
1103,KXPERFORMROLEBRITNEY-SYD,0.0,2026-06-16 00:00:00+00:00,KXPERFORMROLEBRITNEY,long_dated,1660,
1104,KXPERFORMROLEBRITNEY-EMM,1.0,2026-06-16 00:00:00+00:00,KXPERFORMROLEBRITNEY,long_dated,1660,70.0
1104,KXPERFORMROLEBRITNEY-CHL,0.0,2026-06-16 00:00:00+00:00,KXPERFORMROLEBRITNEY,long_dated,1660,
1104,KXPERFORMROLEBRITNEY-MIL,0.0,2026-06-16 00:00:00+00:00,KXPERFORMROLEBRITNEY,long_dated,1660,
1104,KXPERFORMROLEBRITNEY-SYD,0.0,2026-06-16 00:00:00+00:00,KXPERFORMROLEBRITNEY,long_dated,1660,
1105,KXPERFORMROLEBRITNEY-FLO,1.0,2026-06-16 00:00:00+00:00,KXPERFORMROLEBRITNEY,long_dated,1660,70.0
1105,KXPERFORMROLEBRITNEY-MIL,0.0,2026-06-16 00:00:00+00:00,KXPERFORMROLEBRITNEY,long_dated,1660,
1105,KXPERFORMROLEBRITNEY-SYD,0.0,2026-06-16 00:00:00+00:00,KXPERFORMROLEBRITNEY,long_dated,1660,
1105,KXPERFORMROLEBRITNEY-CHL,0.0,2026-06-16 00:00:00+00:00,KXPERFORMROLEBRITNEY,long_dated,1660,
1106,KXPERFORMROLEBRITNEY-MAR,1.0,2026-06-16 00:00:00+00:00,KXPERFORMROLEBRITNEY,long_dated,1660,70.0
1106,KXPERFORMROLEBRITNEY-CHL,0.0,2026-06-16 00:00:00+00:00,KXPERFORMROLEBRITNEY,long_dated,1660,
1106,KXPERFORMROLEBRITNEY-MIL,0.0,2026-06-16 00:00:00+00:00,KXPERFORMROLEBRITNEY,long_dated,1660,
1106,KXPERFORMROLEBRITNEY-SYD,0.0,2026-06-16 00:00:00+00:00,KXPERFORMROLEBRITNEY,long_dated,1660,
1107,KXPERFORMROLEBRITNEY-OLI,1.0,2026-06-16 00:00:00+00:00,KXPERFORMROLEBRITNEY,long_dated,1660,70.0
1107,KXPERFORMROLEBRITNEY-CHL,0.0,2026-06-16 00:00:00+00:00,KXPERFORMROLEBRITNEY,long_dated,1660,
1107,KXPERFORMROLEBRITNEY-MIL,0.0,2026-06-16 00:00:00+00:00,KXPERFORMROLEBRITNEY,long_dated,1660,
1107,KXPERFORMROLEBRITNEY-SYD,0.0,2026-06-16 00:00:00+00:00,KXPERFORMROLEBRITNEY,long_dated,1660,
1108,KXPERFORMROLEBRITNEY-SAB,1.0,2026-06-16 00:00:00+00:00,KXPERFORMROLEBRITNEY,long_dated,1660,70.0
1108,KXPERFORMROLEBRITNEY-CHL,0.0,2026-06-16 00:00:00+00:00,KXPERFORMROLEBRITNEY,long_dated,1660,
1108,KXPERFORMROLEBRITNEY-MIL,0.0,2026-06-16 00:00:00+00:00,KXPERFORMROLEBRITNEY,long_dated,1660,
1108,KXPERFORMROLEBRITNEY-SYD,0.0,2026-06-16 00:00:00+00:00,KXPERFORMROLEBRITNEY,long_dated,1660,
1109,KXRUBIORUN-28-27APR01,1.0,2026-06-16 00:00:00+00:00,KXRUBIORUN,long_dated,289,80.0
1109,KXRUBIORUN-28-27JAN01,0.0,2026-06-16 00:00:00+00:00,KXRUBIORUN,long_dated,289,
1110,KXRUBIORUN-28-27JUL01,1.0,2026-06-16 00:00:00+00:00,KXRUBIORUN,long_dated,380,80.0
1110,KXRUBIORUN-28-27JAN01,0.0,2026-06-16 00:00:00+00:00,KXRUBIORUN,long_dated,380,
1111,KXRUBIORUN-28-27OCT01,1.0,2026-06-16 00:00:00+00:00,KXRUBIORUN,long_dated,472,80.0
1111,KXRUBIORUN-28-27JAN01,0.0,2026-06-16 00:00:00+00:00,KXRUBIORUN,long_dated,472,
1112,KXSTATELEG-NCHOUSE26-D,1.0,2026-06-16 00:00:00+00:00,KXSTATELEG,long_dated,505,70.0
1112,KXSTATELEG-GAHOUSE26-D,0.0,2026-06-16 00:00:00+00:00,KXSTATELEG,long_dated,505,
1112,KXSTATELEG-AKHOUSE26-R,0.0,2026-06-16 00:00:00+00:00,KXSTATELEG,long_dated,505,
1112,KXSTATELEG-GAHOUSE26-R,0.0,2026-06-16 00:00:00+00:00,KXSTATELEG,long_dated,505,
1112,KXSTATELEG-AKHOUSE26-D,0.0,2026-06-16 00:00:00+00:00,KXSTATELEG,long_dated,505,
1113,KXSTATELEG-NCHOUSE26-R,1.0,2026-06-16 00:00:00+00:00,KXSTATELEG,long_dated,505,70.0
1113,KXSTATELEG-GAHOUSE26-D,0.0,2026-06-16 00:00:00+00:00,KXSTATELEG,long_dated,505,
1113,KXSTATELEG-AKHOUSE26-R,0.0,2026-06-16 00:00:00+00:00,KXSTATELEG,long_dated,505,
1113,KXSTATELEG-GAHOUSE26-R,0.0,2026-06-16 00:00:00+00:00,KXSTATELEG,long_dated,505,
1113,KXSTATELEG-AKHOUSE26-D,0.0,2026-06-16 00:00:00+00:00,KXSTATELEG,long_dated,505,
1114,KXSWEDENPARLI-26-SD,1.0,2026-06-16 00:00:00+00:00,KXSWEDENPARLI,long_dated,93,75.0
1114,KXSWEDENPARLI-26-LEFT,0.0,2026-06-16 00:00:00+00:00,KXSWEDENPARLI,long_dated,93,
1114,KXSWEDENPARLI-26-GREEN,0.0,2026-06-16 00:00:00+00:00,KXSWEDENPARLI,long_dated,93,
1114,KXSWEDENPARLI-26-MODERATE,0.0,2026-06-16 00:00:00+00:00,KXSWEDENPARLI,long_dated,93,
1115,KXTAKEOVERACQWB-27JUN30-PSKY,1.0,2026-06-16 00:00:00+00:00,KXTAKEOVERACQWB,long_dated,380,155.0
1115,KXTAKEOVERACQWB-27JUN30-NONE,0.0,2026-06-16 00:00:00+00:00,KXTAKEOVERACQWB,long_dated,380,
1115,KXTAKEOVERACQWB-27JUN30-NFLX,0.0,2026-06-16 00:00:00+00:00,KXTAKEOVERACQWB,long_dated,380,
1116,KXTOPALBUMRECORDOR-YSPSFAGSIL-2,1.0,2026-06-16 00:00:00+00:00,KXTOPALBUMRECORDOR,long_dated,193,320.0
1116,KXTOPALBUMRECORDOR-YSPSFAGSIL-4,0.0,2026-06-16 00:00:00+00:00,KXTOPALBUMRECORDOR,long_dated,193,
1116,KXTOPALBUMRECORDOR-YSPSFAGSIL-5,0.0,2026-06-16 00:00:00+00:00,KXTOPALBUMRECORDOR,long_dated,193,
1116,KXTOPALBUMRECORDOR-YSPSFAGSIL-6,0.0,2026-06-16 00:00:00+00:00,KXTOPALBUMRECORDOR,long_dated,193,
1116,KXTOPALBUMRECORDOR-YSPSFAGSIL-7,0.0,2026-06-16 00:00:00+00:00,KXTOPALBUMRECORDOR,long_dated,193,
1116,KXTOPALBUMRECORDOR-YSPSFAGSIL-10,0.0,2026-06-16 00:00:00+00:00,KXTOPALBUMRECORDOR,long_dated,193,
1116,KXTOPALBUMRECORDOR-YSPSFAGSIL-8,0.0,2026-06-16 00:00:00+00:00,KXTOPALBUMRECORDOR,long_dated,193,
1116,KXTOPALBUMRECORDOR-YSPSFAGSIL-9,0.0,2026-06-16 00:00:00+00:00,KXTOPALBUMRECORDOR,long_dated,193,
1117,KXTOPALBUMRECORDOR-YSPSFAGSIL-3,1.0,2026-06-16 00:00:00+00:00,KXTOPALBUMRECORDOR,long_dated,193,80.0
1117,KXTOPALBUMRECORDOR-YSPSFAGSIL-4,0.0,2026-06-16 00:00:00+00:00,KXTOPALBUMRECORDOR,long_dated,193,
1117,KXTOPALBUMRECORDOR-YSPSFAGSIL-5,0.0,2026-06-16 00:00:00+00:00,KXTOPALBUMRECORDOR,long_dated,193,
1117,KXTOPALBUMRECORDOR-YSPSFAGSIL-6,0.0,2026-06-16 00:00:00+00:00,KXTOPALBUMRECORDOR,long_dated,193,
1117,KXTOPALBUMRECORDOR-YSPSFAGSIL-7,0.0,2026-06-16 00:00:00+00:00,KXTOPALBUMRECORDOR,long_dated,193,
1117,KXTOPALBUMRECORDOR-YSPSFAGSIL-10,0.0,2026-06-16 00:00:00+00:00,KXTOPALBUMRECORDOR,long_dated,193,
1117,KXTOPALBUMRECORDOR-YSPSFAGSIL-8,0.0,2026-06-16 00:00:00+00:00,KXTOPALBUMRECORDOR,long_dated,193,
1117,KXTOPALBUMRECORDOR-YSPSFAGSIL-9,0.0,2026-06-16 00:00:00+00:00,KXTOPALBUMRECORDOR,long_dated,193,
1118,KXTOPALBUMSPOTIFYUSA-26-MOR,1.0,2026-06-16 00:00:00+00:00,KXTOPALBUMSPOTIFYUSA,long_dated,198,80.0
1118,KXTOPALBUMSPOTIFYUSA-26-ICE,0.0,2026-06-16 00:00:00+00:00,KXTOPALBUMSPOTIFYUSA,long_dated,198,
1118,KXTOPALBUMSPOTIFYUSA-26-GREA,0.0,2026-06-16 00:00:00+00:00,KXTOPALBUMSPOTIFYUSA,long_dated,198,
1118,KXTOPALBUMSPOTIFYUSA-26-PET,0.0,2026-06-16 00:00:00+00:00,KXTOPALBUMSPOTIFYUSA,long_dated,198,
1118,KXTOPALBUMSPOTIFYUSA-26-DAN,0.0,2026-06-16 00:00:00+00:00,KXTOPALBUMSPOTIFYUSA,long_dated,198,
1118,KXTOPALBUMSPOTIFYUSA-26-NOA,0.0,2026-06-16 00:00:00+00:00,KXTOPALBUMSPOTIFYUSA,long_dated,198,
1118,KXTOPALBUMSPOTIFYUSA-26-ARI,0.0,2026-06-16 00:00:00+00:00,KXTOPALBUMSPOTIFYUSA,long_dated,198,
1118,KXTOPALBUMSPOTIFYUSA-26-TAY,0.0,2026-06-16 00:00:00+00:00,KXTOPALBUMSPOTIFYUSA,long_dated,198,
1118,KXTOPALBUMSPOTIFYUSA-26-TAT,0.0,2026-06-16 00:00:00+00:00,KXTOPALBUMSPOTIFYUSA,long_dated,198,
1118,KXTOPALBUMSPOTIFYUSA-26-KIS,0.0,2026-06-16 00:00:00+00:00,KXTOPALBUMSPOTIFYUSA,long_dated,198,
1118,KXTOPALBUMSPOTIFYUSA-26-ROM,0.0,2026-06-16 00:00:00+00:00,KXTOPALBUMSPOTIFYUSA,long_dated,198,
1119,KXTOPALBUMSPOTIFYUSA-26-YOU,1.0,2026-06-16 00:00:00+00:00,KXTOPALBUMSPOTIFYUSA,long_dated,198,80.0
1119,KXTOPALBUMSPOTIFYUSA-26-ICE,0.0,2026-06-16 00:00:00+00:00,KXTOPALBUMSPOTIFYUSA,long_dated,198,
1119,KXTOPALBUMSPOTIFYUSA-26-GREA,0.0,2026-06-16 00:00:00+00:00,KXTOPALBUMSPOTIFYUSA,long_dated,198,
1119,KXTOPALBUMSPOTIFYUSA-26-PET,0.0,2026-06-16 00:00:00+00:00,KXTOPALBUMSPOTIFYUSA,long_dated,198,
1119,KXTOPALBUMSPOTIFYUSA-26-DAN,0.0,2026-06-16 00:00:00+00:00,KXTOPALBUMSPOTIFYUSA,long_dated,198,
1119,KXTOPALBUMSPOTIFYUSA-26-NOA,0.0,2026-06-16 00:00:00+00:00,KXTOPALBUMSPOTIFYUSA,long_dated,198,
1119,KXTOPALBUMSPOTIFYUSA-26-ARI,0.0,2026-06-16 00:00:00+00:00,KXTOPALBUMSPOTIFYUSA,long_dated,198,
1119,KXTOPALBUMSPOTIFYUSA-26-TAY,0.0,2026-06-16 00:00:00+00:00,KXTOPALBUMSPOTIFYUSA,long_dated,198,
1119,KXTOPALBUMSPOTIFYUSA-26-TAT,0.0,2026-06-16 00:00:00+00:00,KXTOPALBUMSPOTIFYUSA,long_dated,198,
1119,KXTOPALBUMSPOTIFYUSA-26-KIS,0.0,2026-06-16 00:00:00+00:00,KXTOPALBUMSPOTIFYUSA,long_dated,198,
1119,KXTOPALBUMSPOTIFYUSA-26-ROM,0.0,2026-06-16 00:00:00+00:00,KXTOPALBUMSPOTIFYUSA,long_dated,198,
1120,KXTOPARTISTUSA-26-BAD,1.0,2026-06-16 00:00:00+00:00,KXTOPARTISTUSA,long_dated,198,180.0
1120,KXTOPARTISTUSA-26-ELL,0.0,2026-06-16 00:00:00+00:00,KXTOPARTISTUSA,long_dated,198,
1120,KXTOPARTISTUSA-26-BEY,0.0,2026-06-16 00:00:00+00:00,KXTOPARTISTUSA,long_dated,198,
1120,KXTOPARTISTUSA-26-BTS,0.0,2026-06-16 00:00:00+00:00,KXTOPARTISTUSA,long_dated,198,
1120,KXTOPARTISTUSA-26-DJO,0.0,2026-06-16 00:00:00+00:00,KXTOPARTISTUSA,long_dated,198,
1120,KXTOPARTISTUSA-26-HAR,0.0,2026-06-16 00:00:00+00:00,KXTOPARTISTUSA,long_dated,198,
1120,KXTOPARTISTUSA-26-SAB,0.0,2026-06-16 00:00:00+00:00,KXTOPARTISTUSA,long_dated,198,
1120,KXTOPARTISTUSA-26-YE,0.0,2026-06-16 00:00:00+00:00,KXTOPARTISTUSA,long_dated,198,
1120,KXTOPARTISTUSA-26-ZAC,0.0,2026-06-16 00:00:00+00:00,KXTOPARTISTUSA,long_dated,198,
1180,GOVPARTYKY-27-R,1.0,2026-07-07 00:00:00+00:00,GOVPARTYKY,long_dated,848,110.0
1180,GOVPARTYKY-27-D,0.0,2026-07-07 00:00:00+00:00,GOVPARTYKY,long_dated,848,
1181,GOVPARTYVT-28-D,1.0,2026-07-07 00:00:00+00:00,GOVPARTYVT,long_dated,1219,95.0
1181,GOVPARTYVT-26-D,0.0,2026-07-07 00:00:00+00:00,GOVPARTYVT,long_dated,1219,
1182,GOVPARTYVT-28-R,1.0,2026-07-07 00:00:00+00:00,GOVPARTYVT,long_dated,1219,95.0
1182,GOVPARTYVT-26-D,0.0,2026-07-07 00:00:00+00:00,GOVPARTYVT,long_dated,1219,
1183,HOUSETX28-26-D,1.0,2026-07-07 00:00:00+00:00,HOUSETX28,long_dated,484,180.0
1183,HOUSETX28-26-R,0.0,2026-07-07 00:00:00+00:00,HOUSETX28,long_dated,484,
1188,KXCRITICALITY-26AUG-ATOMIC,1.0,2026-07-07 00:00:00+00:00,KXCRITICALITY,long_dated,25,110.0
1188,KXCRITICALITY-26AUG-OKLO,0.0,2026-07-07 00:00:00+00:00,KXCRITICALITY,long_dated,25,
1188,KXCRITICALITY-26AUG-RADIANT,0.0,2026-07-07 00:00:00+00:00,KXCRITICALITY,long_dated,25,
1188,KXCRITICALITY-26AUG-TERRESTRIAL,0.0,2026-07-07 00:00:00+00:00,KXCRITICALITY,long_dated,25,
1188,KXCRITICALITY-26AUG-DEEP,0.0,2026-07-07 00:00:00+00:00,KXCRITICALITY,long_dated,25,
1188,KXCRITICALITY-26AUG-NATURA,0.0,2026-07-07 00:00:00+00:00,KXCRITICALITY,long_dated,25,
1189,KXCRITICALITY-26AUG-LAST,1.0,2026-07-07 00:00:00+00:00,KXCRITICALITY,long_dated,25,110.0
1189,KXCRITICALITY-26AUG-TERRESTRIAL,0.0,2026-07-07 00:00:00+00:00,KXCRITICALITY,long_dated,25,
1189,KXCRITICALITY-26AUG-RADIANT,0.0,2026-07-07 00:00:00+00:00,KXCRITICALITY,long_dated,25,
1189,KXCRITICALITY-26AUG-DEEP,0.0,2026-07-07 00:00:00+00:00,KXCRITICALITY,long_dated,25,
1189,KXCRITICALITY-26AUG-NATURA,0.0,2026-07-07 00:00:00+00:00,KXCRITICALITY,long_dated,25,
1189,KXCRITICALITY-26AUG-OKLO,0.0,2026-07-07 00:00:00+00:00,KXCRITICALITY,long_dated,25,
1190,KXDEMSCHUMER-27-NOV03,1.0,2026-07-07 00:00:00+00:00,KXDEMSCHUMER,long_dated,119,115.0
1190,KXDEMSCHUMER-27-SEP01,0.0,2026-07-07 00:00:00+00:00,KXDEMSCHUMER,long_dated,119,
1190,KXDEMSCHUMER-27-JAN01,0.0,2026-07-07 00:00:00+00:00,KXDEMSCHUMER,long_dated,119,
1191,KXDIAZOUT-MDC-26SEP01,1.0,2026-07-07 00:00:00+00:00,KXDIAZOUT,long_dated,56,150.0
1191,KXDIAZOUT-MDC-26AUG01,0.0,2026-07-07 00:00:00+00:00,KXDIAZOUT,long_dated,56,
1192,KXENDORSEFISHBACK-26AUG18-RDES,1.0,2026-07-07 00:00:00+00:00,KXENDORSEFISHBACK,long_dated,42,125.0
1192,KXENDORSEFISHBACK-26AUG18-LLOO,0.0,2026-07-07 00:00:00+00:00,KXENDORSEFISHBACK,long_dated,42,
1192,KXENDORSEFISHBACK-26AUG18-DRUB,0.0,2026-07-07 00:00:00+00:00,KXENDORSEFISHBACK,long_dated,42,
1192,KXENDORSEFISHBACK-26AUG18-DJT,0.0,2026-07-07 00:00:00+00:00,KXENDORSEFISHBACK,long_dated,42,
1192,KXENDORSEFISHBACK-26AUG18-JUTH,0.0,2026-07-07 00:00:00+00:00,KXENDORSEFISHBACK,long_dated,42,
1192,KXENDORSEFISHBACK-26AUG18-CRAI,0.0,2026-07-07 00:00:00+00:00,KXENDORSEFISHBACK,long_dated,42,
1193,KXFEDDECISION-26OCT-H25,1.0,2026-07-07 00:00:00+00:00,KXFEDDECISION,long_dated,113,70.0
1193,KXFEDDECISION-27DEC-C25,0.0,2026-07-07 00:00:00+00:00,KXFEDDECISION,long_dated,113,
1193,KXFEDDECISION-27APR-C25,0.0,2026-07-07 00:00:00+00:00,KXFEDDECISION,long_dated,113,
1193,KXFEDDECISION-27JAN-C25,0.0,2026-07-07 00:00:00+00:00,KXFEDDECISION,long_dated,113,
1193,KXFEDDECISION-26DEC-H25,0.0,2026-07-07 00:00:00+00:00,KXFEDDECISION,long_dated,113,
1193,KXFEDDECISION-27SEP-C25,0.0,2026-07-07 00:00:00+00:00,KXFEDDECISION,long_dated,113,
1193,KXFEDDECISION-27DEC-H25,0.0,2026-07-07 00:00:00+00:00,KXFEDDECISION,long_dated,113,
1193,KXFEDDECISION-26JUL-H0,0.0,2026-07-07 00:00:00+00:00,KXFEDDECISION,long_dated,113,
1193,KXFEDDECISION-27DEC-C26,0.0,2026-07-07 00:00:00+00:00,KXFEDDECISION,long_dated,113,
1193,KXFEDDECISION-27OCT-H26,0.0,2026-07-07 00:00:00+00:00,KXFEDDECISION,long_dated,113,
1193,KXFEDDECISION-27JUN-C26,0.0,2026-07-07 00:00:00+00:00,KXFEDDECISION,long_dated,113,
1194,KXFRONTIER-FRON-26OCT01,1.0,2026-07-07 00:00:00+00:00,KXFRONTIER,long_dated,20,135.0
1194,KXFRONTIER-FRON-26NOV01,0.0,2026-07-07 00:00:00+00:00,KXFRONTIER,long_dated,20,
1194,KXFRONTIER-FRON-26DEC01,0.0,2026-07-07 00:00:00+00:00,KXFRONTIER,long_dated,20,
1194,KXFRONTIER-FRON-26AUG01,0.0,2026-07-07 00:00:00+00:00,KXFRONTIER,long_dated,20,
1194,KXFRONTIER-FRON-27JAN01,0.0,2026-07-07 00:00:00+00:00,KXFRONTIER,long_dated,20,
1195,KXGOVAK-26-CBIS,1.0,2026-07-07 00:00:00+00:00,KXGOVAK,long_dated,484,85.0
1195,KXGOVAK-26-TTAY,0.0,2026-07-07 00:00:00+00:00,KXGOVAK,long_dated,484,
1195,KXGOVAK-26-MHEI,0.0,2026-07-07 00:00:00+00:00,KXGOVAK,long_dated,484,
1195,KXGOVAK-26-SHUG,0.0,2026-07-07 00:00:00+00:00,KXGOVAK,long_dated,484,
1195,KXGOVAK-26-ACRU,0.0,2026-07-07 00:00:00+00:00,KXGOVAK,long_dated,484,
1195,KXGOVAK-26-MCLA,0.0,2026-07-07 00:00:00+00:00,KXGOVAK,long_dated,484,
1195,KXGOVAK-26-BWAL,0.0,2026-07-07 00:00:00+00:00,KXGOVAK,long_dated,484,
1195,KXGOVAK-26-LCMG,0.0,2026-07-07 00:00:00+00:00,KXGOVAK,long_dated,484,
1195,KXGOVAK-26-EDEV,0.0,2026-07-07 00:00:00+00:00,KXGOVAK,long_dated,484,
1195,KXGOVAK-26-LMUR,0.0,2026-07-07 00:00:00+00:00,KXGOVAK,long_dated,484,
1195,KXGOVAK-26-JKRE,0.0,2026-07-07 00:00:00+00:00,KXGOVAK,long_dated,484,
1196,KXGOVAK-26-MPEL,1.0,2026-07-07 00:00:00+00:00,KXGOVAK,long_dated,484,85.0
1196,KXGOVAK-26-LMUR,0.0,2026-07-07 00:00:00+00:00,KXGOVAK,long_dated,484,
1196,KXGOVAK-26-EDEV,0.0,2026-07-07 00:00:00+00:00,KXGOVAK,long_dated,484,
1196,KXGOVAK-26-LCMG,0.0,2026-07-07 00:00:00+00:00,KXGOVAK,long_dated,484,
1196,KXGOVAK-26-MCLA,0.0,2026-07-07 00:00:00+00:00,KXGOVAK,long_dated,484,
1196,KXGOVAK-26-ACRU,0.0,2026-07-07 00:00:00+00:00,KXGOVAK,long_dated,484,
1196,KXGOVAK-26-SHUG,0.0,2026-07-07 00:00:00+00:00,KXGOVAK,long_dated,484,
1196,KXGOVAK-26-MHEI,0.0,2026-07-07 00:00:00+00:00,KXGOVAK,long_dated,484,
1196,KXGOVAK-26-TTAY,0.0,2026-07-07 00:00:00+00:00,KXGOVAK,long_dated,484,
1196,KXGOVAK-26-BWAL,0.0,2026-07-07 00:00:00+00:00,KXGOVAK,long_dated,484,
1196,KXGOVAK-26-JKRE,0.0,2026-07-07 00:00:00+00:00,KXGOVAK,long_dated,484,
1197,KXHMONTHRANGE-26JUN-B1.060,1.0,2026-07-07 00:00:00+00:00,KXHMONTHRANGE,long_dated,9,105.0
1197,KXHMONTHRANGE-26JUL-B1.270,0.0,2026-07-07 00:00:00+00:00,KXHMONTHRANGE,long_dated,9,
1197,KXHMONTHRANGE-26JUL-B1.065,0.0,2026-07-07 00:00:00+00:00,KXHMONTHRANGE,long_dated,9,
1197,KXHMONTHRANGE-26JUL-T1.03,0.0,2026-07-07 00:00:00+00:00,KXHMONTHRANGE,long_dated,9,
1197,KXHMONTHRANGE-26JUL-T1.30,0.0,2026-07-07 00:00:00+00:00,KXHMONTHRANGE,long_dated,9,
1197,KXHMONTHRANGE-26JUL-B1.130,0.0,2026-07-07 00:00:00+00:00,KXHMONTHRANGE,long_dated,9,
1197,KXHMONTHRANGE-26JUL-B1.200,0.0,2026-07-07 00:00:00+00:00,KXHMONTHRANGE,long_dated,9,
1197,KXHMONTHRANGE-26JUN-B1.200,0.0,2026-07-07 00:00:00+00:00,KXHMONTHRANGE,long_dated,9,
1197,KXHMONTHRANGE-26JUN-T1.03,0.0,2026-07-07 00:00:00+00:00,KXHMONTHRANGE,long_dated,9,
1197,KXHMONTHRANGE-26JUN-B1.270,0.0,2026-07-07 00:00:00+00:00,KXHMONTHRANGE,long_dated,9,
1197,KXHMONTHRANGE-26JUN-T1.30,0.0,2026-07-07 00:00:00+00:00,KXHMONTHRANGE,long_dated,9,
1198,KXHMONTHRANGE-26JUN-B1.130,1.0,2026-07-07 00:00:00+00:00,KXHMONTHRANGE,long_dated,9,105.0
1198,KXHMONTHRANGE-26JUL-B1.065,0.0,2026-07-07 00:00:00+00:00,KXHMONTHRANGE,long_dated,9,
1198,KXHMONTHRANGE-26JUL-T1.03,0.0,2026-07-07 00:00:00+00:00,KXHMONTHRANGE,long_dated,9,
1198,KXHMONTHRANGE-26JUL-T1.30,0.0,2026-07-07 00:00:00+00:00,KXHMONTHRANGE,long_dated,9,
1198,KXHMONTHRANGE-26JUL-B1.130,0.0,2026-07-07 00:00:00+00:00,KXHMONTHRANGE,long_dated,9,
1198,KXHMONTHRANGE-26JUL-B1.270,0.0,2026-07-07 00:00:00+00:00,KXHMONTHRANGE,long_dated,9,
1198,KXHMONTHRANGE-26JUL-B1.200,0.0,2026-07-07 00:00:00+00:00,KXHMONTHRANGE,long_dated,9,
1198,KXHMONTHRANGE-26JUN-B1.200,0.0,2026-07-07 00:00:00+00:00,KXHMONTHRANGE,long_dated,9,
1198,KXHMONTHRANGE-26JUN-T1.03,0.0,2026-07-07 00:00:00+00:00,KXHMONTHRANGE,long_dated,9,
1198,KXHMONTHRANGE-26JUN-B1.270,0.0,2026-07-07 00:00:00+00:00,KXHMONTHRANGE,long_dated,9,
1198,KXHMONTHRANGE-26JUN-T1.30,0.0,2026-07-07 00:00:00+00:00,KXHMONTHRANGE,long_dated,9,
1199,KXIPOANTHROPIC-DATE-26NOV01,1.0,2026-07-07 00:00:00+00:00,KXIPOANTHROPIC,long_dated,117,85.0
1199,KXIPOANTHROPIC-DATE-26DEC01,0.0,2026-07-07 00:00:00+00:00,KXIPOANTHROPIC,long_dated,117,
1199,KXIPOANTHROPIC-DATE-27JAN01,0.0,2026-07-07 00:00:00+00:00,KXIPOANTHROPIC,long_dated,117,
1199,KXIPOANTHROPIC-DATE-27FEB01,0.0,2026-07-07 00:00:00+00:00,KXIPOANTHROPIC,long_dated,117,
1199,KXIPOANTHROPIC-DATE-27APR01,0.0,2026-07-07 00:00:00+00:00,KXIPOANTHROPIC,long_dated,117,
1199,KXIPOANTHROPIC-DATE-27MAR01,0.0,2026-07-07 00:00:00+00:00,KXIPOANTHROPIC,long_dated,117,
1200,KXKNESSET-27-AUG01,1.0,2026-07-07 00:00:00+00:00,KXKNESSET,long_dated,10,120.0
1200,KXKNESSET-27-SEP01,0.0,2026-07-07 00:00:00+00:00,KXKNESSET,long_dated,10,
1201,KXMEDIARELEASEDUNE3-DU-DEC01,1.0,2026-07-07 00:00:00+00:00,KXMEDIARELEASEDUNE3,long_dated,147,95.0
1201,KXMEDIARELEASEDUNE3-DU-NOV01,0.0,2026-07-07 00:00:00+00:00,KXMEDIARELEASEDUNE3,long_dated,147,
1201,KXMEDIARELEASEDUNE3-DU-JAN01,0.0,2026-07-07 00:00:00+00:00,KXMEDIARELEASEDUNE3,long_dated,147,
1202,KXOSCARACTR-27-CYN,1.0,2026-07-07 00:00:00+00:00,KXOSCARACTR,long_dated,542,120.0
1202,KXOSCARACTR-27-DAK,0.0,2026-07-07 00:00:00+00:00,KXOSCARACTR,long_dated,542,
1202,KXOSCARACTR-27-KIR,0.0,2026-07-07 00:00:00+00:00,KXOSCARACTR,long_dated,542,
1202,KXOSCARACTR-27-PEN,0.0,2026-07-07 00:00:00+00:00,KXOSCARACTR,long_dated,542,
1202,KXOSCARACTR-27-JOA,0.0,2026-07-07 00:00:00+00:00,KXOSCARACTR,long_dated,542,
1202,KXOSCARACTR-27-SCA,0.0,2026-07-07 00:00:00+00:00,KXOSCARACTR,long_dated,542,
1202,KXOSCARACTR-27-SHA,0.0,2026-07-07 00:00:00+00:00,KXOSCARACTR,long_dated,542,
1202,KXOSCARACTR-27-TIE,0.0,2026-07-07 00:00:00+00:00,KXOSCARACTR,long_dated,542,
1202,KXOSCARACTR-27-SAN,0.0,2026-07-07 00:00:00+00:00,KXOSCARACTR,long_dated,542,
1203,KXOSCARACTR-27-NAT,1.0,2026-07-07 00:00:00+00:00,KXOSCARACTR,long_dated,542,120.0
1203,KXOSCARACTR-27-DAK,0.0,2026-07-07 00:00:00+00:00,KXOSCARACTR,long_dated,542,
1203,KXOSCARACTR-27-KIR,0.0,2026-07-07 00:00:00+00:00,KXOSCARACTR,long_dated,542,
1203,KXOSCARACTR-27-PEN,0.0,2026-07-07 00:00:00+00:00,KXOSCARACTR,long_dated,542,
1203,KXOSCARACTR-27-JOA,0.0,2026-07-07 00:00:00+00:00,KXOSCARACTR,long_dated,542,
1203,KXOSCARACTR-27-SCA,0.0,2026-07-07 00:00:00+00:00,KXOSCARACTR,long_dated,542,
1203,KXOSCARACTR-27-SHA,0.0,2026-07-07 00:00:00+00:00,KXOSCARACTR,long_dated,542,
1203,KXOSCARACTR-27-TIE,0.0,2026-07-07 00:00:00+00:00,KXOSCARACTR,long_dated,542,
1203,KXOSCARACTR-27-SAN,0.0,2026-07-07 00:00:00+00:00,KXOSCARACTR,long_dated,542,
1204,KXOSCARACTR-27-REN,1.0,2026-07-07 00:00:00+00:00,KXOSCARACTR,long_dated,542,120.0
1204,KXOSCARACTR-27-SAN,0.0,2026-07-07 00:00:00+00:00,KXOSCARACTR,long_dated,542,
1204,KXOSCARACTR-27-DAK,0.0,2026-07-07 00:00:00+00:00,KXOSCARACTR,long_dated,542,
1204,KXOSCARACTR-27-KIR,0.0,2026-07-07 00:00:00+00:00,KXOSCARACTR,long_dated,542,
1204,KXOSCARACTR-27-PEN,0.0,2026-07-07 00:00:00+00:00,KXOSCARACTR,long_dated,542,
1204,KXOSCARACTR-27-JOA,0.0,2026-07-07 00:00:00+00:00,KXOSCARACTR,long_dated,542,
1204,KXOSCARACTR-27-SCA,0.0,2026-07-07 00:00:00+00:00,KXOSCARACTR,long_dated,542,
1204,KXOSCARACTR-27-SHA,0.0,2026-07-07 00:00:00+00:00,KXOSCARACTR,long_dated,542,
1204,KXOSCARACTR-27-TIE,0.0,2026-07-07 00:00:00+00:00,KXOSCARACTR,long_dated,542,
1205,KXPCECORE-26JUN-T0.2,1.0,2026-07-07 00:00:00+00:00,KXPCECORE,long_dated,23,115.0
1205,KXPCECORE-26OCT-T0.3,0.0,2026-07-07 00:00:00+00:00,KXPCECORE,long_dated,23,
1205,KXPCECORE-26SEP-T0.3,0.0,2026-07-07 00:00:00+00:00,KXPCECORE,long_dated,23,
1205,KXPCECORE-26NOV-T0.3,0.0,2026-07-07 00:00:00+00:00,KXPCECORE,long_dated,23,
1205,KXPCECORE-26AUG-T0.3,0.0,2026-07-07 00:00:00+00:00,KXPCECORE,long_dated,23,
1205,KXPCECORE-26JUL-T0.3,0.0,2026-07-07 00:00:00+00:00,KXPCECORE,long_dated,23,
1205,KXPCECORE-26OCT-T0.1,0.0,2026-07-07 00:00:00+00:00,KXPCECORE,long_dated,23,
1205,KXPCECORE-26JUL-T0.1,0.0,2026-07-07 00:00:00+00:00,KXPCECORE,long_dated,23,
1205,KXPCECORE-26NOV-T0.1,0.0,2026-07-07 00:00:00+00:00,KXPCECORE,long_dated,23,
1205,KXPCECORE-26AUG-T0.1,0.0,2026-07-07 00:00:00+00:00,KXPCECORE,long_dated,23,
1205,KXPCECORE-26AUG-T0.2,0.0,2026-07-07 00:00:00+00:00,KXPCECORE,long_dated,23,
1206,KXPCECORE-26JUN-T0.3,1.0,2026-07-07 00:00:00+00:00,KXPCECORE,long_dated,23,115.0
1206,KXPCECORE-26NOV-T0.3,0.0,2026-07-07 00:00:00+00:00,KXPCECORE,long_dated,23,
1206,KXPCECORE-26SEP-T0.3,0.0,2026-07-07 00:00:00+00:00,KXPCECORE,long_dated,23,
1206,KXPCECORE-26AUG-T0.3,0.0,2026-07-07 00:00:00+00:00,KXPCECORE,long_dated,23,
1206,KXPCECORE-26OCT-T0.3,0.0,2026-07-07 00:00:00+00:00,KXPCECORE,long_dated,23,
1206,KXPCECORE-26JUL-T0.3,0.0,2026-07-07 00:00:00+00:00,KXPCECORE,long_dated,23,
1206,KXPCECORE-26AUG-T0.2,0.0,2026-07-07 00:00:00+00:00,KXPCECORE,long_dated,23,
1206,KXPCECORE-26OCT-T0.1,0.0,2026-07-07 00:00:00+00:00,KXPCECORE,long_dated,23,
1206,KXPCECORE-26JUL-T0.1,0.0,2026-07-07 00:00:00+00:00,KXPCECORE,long_dated,23,
1206,KXPCECORE-26NOV-T0.1,0.0,2026-07-07 00:00:00+00:00,KXPCECORE,long_dated,23,
1206,KXPCECORE-26JUL-T0.2,0.0,2026-07-07 00:00:00+00:00,KXPCECORE,long_dated,23,
1207,KXRANKLISTSONGSPOTUSA-26AUG01-ARI,1.0,2026-07-07 00:00:00+00:00,KXRANKLISTSONGSPOTUSA,long_dated,25,195.0
1207,KXRANKLISTSONGSPOTUSA-26AUG01-MIL,0.0,2026-07-07 00:00:00+00:00,KXRANKLISTSONGSPOTUSA,long_dated,25,
1207,KXRANKLISTSONGSPOTUSA-26AUG01-TRA,0.0,2026-07-07 00:00:00+00:00,KXRANKLISTSONGSPOTUSA,long_dated,25,
1207,KXRANKLISTSONGSPOTUSA-26AUG01-JCO,0.0,2026-07-07 00:00:00+00:00,KXRANKLISTSONGSPOTUSA,long_dated,25,
1207,KXRANKLISTSONGSPOTUSA-26AUG01-SAB,0.0,2026-07-07 00:00:00+00:00,KXRANKLISTSONGSPOTUSA,long_dated,25,
1207,KXRANKLISTSONGSPOTUSA-26AUG01-HAR,0.0,2026-07-07 00:00:00+00:00,KXRANKLISTSONGSPOTUSA,long_dated,25,
1207,KXRANKLISTSONGSPOTUSA-26AUG01-SOM,0.0,2026-07-07 00:00:00+00:00,KXRANKLISTSONGSPOTUSA,long_dated,25,
1207,KXRANKLISTSONGSPOTUSA-26AUG01-BRUC,0.0,2026-07-07 00:00:00+00:00,KXRANKLISTSONGSPOTUSA,long_dated,25,
1207,KXRANKLISTSONGSPOTUSA-26AUG01-HUN,0.0,2026-07-07 00:00:00+00:00,KXRANKLISTSONGSPOTUSA,long_dated,25,
1207,KXRANKLISTSONGSPOTUSA-26AUG01-ASA,0.0,2026-07-07 00:00:00+00:00,KXRANKLISTSONGSPOTUSA,long_dated,25,
1207,KXRANKLISTSONGSPOTUSA-26AUG01-21S,0.0,2026-07-07 00:00:00+00:00,KXRANKLISTSONGSPOTUSA,long_dated,25,
1208,KXRANKLISTSONGSPOTUSA-26AUG01-BTS,1.0,2026-07-07 00:00:00+00:00,KXRANKLISTSONGSPOTUSA,long_dated,25,195.0
1208,KXRANKLISTSONGSPOTUSA-26AUG01-HAR,0.0,2026-07-07 00:00:00+00:00,KXRANKLISTSONGSPOTUSA,long_dated,25,
1208,KXRANKLISTSONGSPOTUSA-26AUG01-MAL,0.0,2026-07-07 00:00:00+00:00,KXRANKLISTSONGSPOTUSA,long_dated,25,
1208,KXRANKLISTSONGSPOTUSA-26AUG01-SAB,0.0,2026-07-07 00:00:00+00:00,KXRANKLISTSONGSPOTUSA,long_dated,25,
1208,KXRANKLISTSONGSPOTUSA-26AUG01-JCO,0.0,2026-07-07 00:00:00+00:00,KXRANKLISTSONGSPOTUSA,long_dated,25,
1208,KXRANKLISTSONGSPOTUSA-26AUG01-TRA,0.0,2026-07-07 00:00:00+00:00,KXRANKLISTSONGSPOTUSA,long_dated,25,
1208,KXRANKLISTSONGSPOTUSA-26AUG01-CHA,0.0,2026-07-07 00:00:00+00:00,KXRANKLISTSONGSPOTUSA,long_dated,25,
1208,KXRANKLISTSONGSPOTUSA-26AUG01-MIL,0.0,2026-07-07 00:00:00+00:00,KXRANKLISTSONGSPOTUSA,long_dated,25,
1208,KXRANKLISTSONGSPOTUSA-26AUG01-BRU,0.0,2026-07-07 00:00:00+00:00,KXRANKLISTSONGSPOTUSA,long_dated,25,
1208,KXRANKLISTSONGSPOTUSA-26AUG01-TAY,0.0,2026-07-07 00:00:00+00:00,KXRANKLISTSONGSPOTUSA,long_dated,25,
1208,KXRANKLISTSONGSPOTUSA-26AUG01-SOM,0.0,2026-07-07 00:00:00+00:00,KXRANKLISTSONGSPOTUSA,long_dated,25,
1209,KXRANKLISTSONGSPOTUSA-26AUG01-DOM,1.0,2026-07-07 00:00:00+00:00,KXRANKLISTSONGSPOTUSA,long_dated,25,195.0
1209,KXRANKLISTSONGSPOTUSA-26AUG01-HUN,0.0,2026-07-07 00:00:00+00:00,KXRANKLISTSONGSPOTUSA,long_dated,25,
1209,KXRANKLISTSONGSPOTUSA-26AUG01-ASA,0.0,2026-07-07 00:00:00+00:00,KXRANKLISTSONGSPOTUSA,long_dated,25,
1209,KXRANKLISTSONGSPOTUSA-26AUG01-BRUC,0.0,2026-07-07 00:00:00+00:00,KXRANKLISTSONGSPOTUSA,long_dated,25,
1209,KXRANKLISTSONGSPOTUSA-26AUG01-SOM,0.0,2026-07-07 00:00:00+00:00,KXRANKLISTSONGSPOTUSA,long_dated,25,
1209,KXRANKLISTSONGSPOTUSA-26AUG01-21S,0.0,2026-07-07 00:00:00+00:00,KXRANKLISTSONGSPOTUSA,long_dated,25,
1209,KXRANKLISTSONGSPOTUSA-26AUG01-SHA,0.0,2026-07-07 00:00:00+00:00,KXRANKLISTSONGSPOTUSA,long_dated,25,
1209,KXRANKLISTSONGSPOTUSA-26AUG01-ALE,0.0,2026-07-07 00:00:00+00:00,KXRANKLISTSONGSPOTUSA,long_dated,25,
1209,KXRANKLISTSONGSPOTUSA-26AUG01-MIL,0.0,2026-07-07 00:00:00+00:00,KXRANKLISTSONGSPOTUSA,long_dated,25,
1209,KXRANKLISTSONGSPOTUSA-26AUG01-YE,0.0,2026-07-07 00:00:00+00:00,KXRANKLISTSONGSPOTUSA,long_dated,25,
1209,KXRANKLISTSONGSPOTUSA-26AUG01-LUK,0.0,2026-07-07 00:00:00+00:00,KXRANKLISTSONGSPOTUSA,long_dated,25,
1210,KXRANKLISTSONGSPOTUSA-26AUG01-JUS,1.0,2026-07-07 00:00:00+00:00,KXRANKLISTSONGSPOTUSA,long_dated,25,195.0
1210,KXRANKLISTSONGSPOTUSA-26AUG01-FUT,0.0,2026-07-07 00:00:00+00:00,KXRANKLISTSONGSPOTUSA,long_dated,25,
1210,KXRANKLISTSONGSPOTUSA-26AUG01-MOR,0.0,2026-07-07 00:00:00+00:00,KXRANKLISTSONGSPOTUSA,long_dated,25,
1210,KXRANKLISTSONGSPOTUSA-26AUG01-DRA,0.0,2026-07-07 00:00:00+00:00,KXRANKLISTSONGSPOTUSA,long_dated,25,
1210,KXRANKLISTSONGSPOTUSA-26AUG01-TAY,0.0,2026-07-07 00:00:00+00:00,KXRANKLISTSONGSPOTUSA,long_dated,25,
1210,KXRANKLISTSONGSPOTUSA-26AUG01-BRU,0.0,2026-07-07 00:00:00+00:00,KXRANKLISTSONGSPOTUSA,long_dated,25,
1210,KXRANKLISTSONGSPOTUSA-26AUG01-GRA,0.0,2026-07-07 00:00:00+00:00,KXRANKLISTSONGSPOTUSA,long_dated,25,
1210,KXRANKLISTSONGSPOTUSA-26AUG01-CHA,0.0,2026-07-07 00:00:00+00:00,KXRANKLISTSONGSPOTUSA,long_dated,25,
1210,KXRANKLISTSONGSPOTUSA-26AUG01-MAL,0.0,2026-07-07 00:00:00+00:00,KXRANKLISTSONGSPOTUSA,long_dated,25,
1210,KXRANKLISTSONGSPOTUSA-26AUG01-HAR,0.0,2026-07-07 00:00:00+00:00,KXRANKLISTSONGSPOTUSA,long_dated,25,
1210,KXRANKLISTSONGSPOTUSA-26AUG01-SAB,0.0,2026-07-07 00:00:00+00:00,KXRANKLISTSONGSPOTUSA,long_dated,25,
1211,KXRANKLISTSONGSPOTUSA-26AUG01-LAN,1.0,2026-07-07 00:00:00+00:00,KXRANKLISTSONGSPOTUSA,long_dated,25,195.0
1211,KXRANKLISTSONGSPOTUSA-26AUG01-LUK,0.0,2026-07-07 00:00:00+00:00,KXRANKLISTSONGSPOTUSA,long_dated,25,
1211,KXRANKLISTSONGSPOTUSA-26AUG01-OLI,0.0,2026-07-07 00:00:00+00:00,KXRANKLISTSONGSPOTUSA,long_dated,25,
1211,KXRANKLISTSONGSPOTUSA-26AUG01-FLE,0.0,2026-07-07 00:00:00+00:00,KXRANKLISTSONGSPOTUSA,long_dated,25,
1211,KXRANKLISTSONGSPOTUSA-26AUG01-DJO,0.0,2026-07-07 00:00:00+00:00,KXRANKLISTSONGSPOTUSA,long_dated,25,
1211,KXRANKLISTSONGSPOTUSA-26AUG01-KAT,0.0,2026-07-07 00:00:00+00:00,KXRANKLISTSONGSPOTUSA,long_dated,25,
1211,KXRANKLISTSONGSPOTUSA-26AUG01-MEG,0.0,2026-07-07 00:00:00+00:00,KXRANKLISTSONGSPOTUSA,long_dated,25,
1211,KXRANKLISTSONGSPOTUSA-26AUG01-NIC,0.0,2026-07-07 00:00:00+00:00,KXRANKLISTSONGSPOTUSA,long_dated,25,
1211,KXRANKLISTSONGSPOTUSA-26AUG01-YE,0.0,2026-07-07 00:00:00+00:00,KXRANKLISTSONGSPOTUSA,long_dated,25,
1211,KXRANKLISTSONGSPOTUSA-26AUG01-ALE,0.0,2026-07-07 00:00:00+00:00,KXRANKLISTSONGSPOTUSA,long_dated,25,
1211,KXRANKLISTSONGSPOTUSA-26AUG01-SHA,0.0,2026-07-07 00:00:00+00:00,KXRANKLISTSONGSPOTUSA,long_dated,25,
1212,KXRANKLISTSONGSPOTUSA-26AUG01-MAD,1.0,2026-07-07 00:00:00+00:00,KXRANKLISTSONGSPOTUSA,long_dated,25,195.0
1212,KXRANKLISTSONGSPOTUSA-26AUG01-DJO,0.0,2026-07-07 00:00:00+00:00,KXRANKLISTSONGSPOTUSA,long_dated,25,
1212,KXRANKLISTSONGSPOTUSA-26AUG01-KAT,0.0,2026-07-07 00:00:00+00:00,KXRANKLISTSONGSPOTUSA,long_dated,25,
1212,KXRANKLISTSONGSPOTUSA-26AUG01-MEG,0.0,2026-07-07 00:00:00+00:00,KXRANKLISTSONGSPOTUSA,long_dated,25,
1212,KXRANKLISTSONGSPOTUSA-26AUG01-NIC,0.0,2026-07-07 00:00:00+00:00,KXRANKLISTSONGSPOTUSA,long_dated,25,
1212,KXRANKLISTSONGSPOTUSA-26AUG01-FLE,0.0,2026-07-07 00:00:00+00:00,KXRANKLISTSONGSPOTUSA,long_dated,25,
1212,KXRANKLISTSONGSPOTUSA-26AUG01-OLI,0.0,2026-07-07 00:00:00+00:00,KXRANKLISTSONGSPOTUSA,long_dated,25,
1212,KXRANKLISTSONGSPOTUSA-26AUG01-LUK,0.0,2026-07-07 00:00:00+00:00,KXRANKLISTSONGSPOTUSA,long_dated,25,
1212,KXRANKLISTSONGSPOTUSA-26AUG01-YE,0.0,2026-07-07 00:00:00+00:00,KXRANKLISTSONGSPOTUSA,long_dated,25,
1212,KXRANKLISTSONGSPOTUSA-26AUG01-BAB,0.0,2026-07-07 00:00:00+00:00,KXRANKLISTSONGSPOTUSA,long_dated,25,
1212,KXRANKLISTSONGSPOTUSA-26AUG01-ALE,0.0,2026-07-07 00:00:00+00:00,KXRANKLISTSONGSPOTUSA,long_dated,25,
1213,KXRANKLISTSONGSPOTUSA-26AUG01-MIC,1.0,2026-07-07 00:00:00+00:00,KXRANKLISTSONGSPOTUSA,long_dated,25,195.0
1213,KXRANKLISTSONGSPOTUSA-26AUG01-DJO,0.0,2026-07-07 00:00:00+00:00,KXRANKLISTSONGSPOTUSA,long_dated,25,
1213,KXRANKLISTSONGSPOTUSA-26AUG01-FLE,0.0,2026-07-07 00:00:00+00:00,KXRANKLISTSONGSPOTUSA,long_dated,25,
1213,KXRANKLISTSONGSPOTUSA-26AUG01-KAT,0.0,2026-07-07 00:00:00+00:00,KXRANKLISTSONGSPOTUSA,long_dated,25,
1213,KXRANKLISTSONGSPOTUSA-26AUG01-MEG,0.0,2026-07-07 00:00:00+00:00,KXRANKLISTSONGSPOTUSA,long_dated,25,
1213,KXRANKLISTSONGSPOTUSA-26AUG01-NIC,0.0,2026-07-07 00:00:00+00:00,KXRANKLISTSONGSPOTUSA,long_dated,25,
1213,KXRANKLISTSONGSPOTUSA-26AUG01-OLI,0.0,2026-07-07 00:00:00+00:00,KXRANKLISTSONGSPOTUSA,long_dated,25,
1213,KXRANKLISTSONGSPOTUSA-26AUG01-LUK,0.0,2026-07-07 00:00:00+00:00,KXRANKLISTSONGSPOTUSA,long_dated,25,
1213,KXRANKLISTSONGSPOTUSA-26AUG01-YE,0.0,2026-07-07 00:00:00+00:00,KXRANKLISTSONGSPOTUSA,long_dated,25,
1213,KXRANKLISTSONGSPOTUSA-26AUG01-BAB,0.0,2026-07-07 00:00:00+00:00,KXRANKLISTSONGSPOTUSA,long_dated,25,
1213,KXRANKLISTSONGSPOTUSA-26AUG01-ALE,0.0,2026-07-07 00:00:00+00:00,KXRANKLISTSONGSPOTUSA,long_dated,25,
1214,KXRANKLISTSONGSPOTUSA-26AUG01-NOA,1.0,2026-07-07 00:00:00+00:00,KXRANKLISTSONGSPOTUSA,long_dated,25,195.0
1214,KXRANKLISTSONGSPOTUSA-26AUG01-SAB,0.0,2026-07-07 00:00:00+00:00,KXRANKLISTSONGSPOTUSA,long_dated,25,
1214,KXRANKLISTSONGSPOTUSA-26AUG01-JCO,0.0,2026-07-07 00:00:00+00:00,KXRANKLISTSONGSPOTUSA,long_dated,25,
1214,KXRANKLISTSONGSPOTUSA-26AUG01-TRA,0.0,2026-07-07 00:00:00+00:00,KXRANKLISTSONGSPOTUSA,long_dated,25,
1214,KXRANKLISTSONGSPOTUSA-26AUG01-MIL,0.0,2026-07-07 00:00:00+00:00,KXRANKLISTSONGSPOTUSA,long_dated,25,
1214,KXRANKLISTSONGSPOTUSA-26AUG01-HAR,0.0,2026-07-07 00:00:00+00:00,KXRANKLISTSONGSPOTUSA,long_dated,25,
1214,KXRANKLISTSONGSPOTUSA-26AUG01-SOM,0.0,2026-07-07 00:00:00+00:00,KXRANKLISTSONGSPOTUSA,long_dated,25,
1214,KXRANKLISTSONGSPOTUSA-26AUG01-BRUC,0.0,2026-07-07 00:00:00+00:00,KXRANKLISTSONGSPOTUSA,long_dated,25,
1214,KXRANKLISTSONGSPOTUSA-26AUG01-HUN,0.0,2026-07-07 00:00:00+00:00,KXRANKLISTSONGSPOTUSA,long_dated,25,
1214,KXRANKLISTSONGSPOTUSA-26AUG01-ASA,0.0,2026-07-07 00:00:00+00:00,KXRANKLISTSONGSPOTUSA,long_dated,25,
1214,KXRANKLISTSONGSPOTUSA-26AUG01-MAL,0.0,2026-07-07 00:00:00+00:00,KXRANKLISTSONGSPOTUSA,long_dated,25,
1215,KXRANKLISTSONGSPOTUSA-26AUG01-OLII,1.0,2026-07-07 00:00:00+00:00,KXRANKLISTSONGSPOTUSA,long_dated,25,195.0
1215,KXRANKLISTSONGSPOTUSA-26AUG01-GRA,0.0,2026-07-07 00:00:00+00:00,KXRANKLISTSONGSPOTUSA,long_dated,25,
1215,KXRANKLISTSONGSPOTUSA-26AUG01-DRA,0.0,2026-07-07 00:00:00+00:00,KXRANKLISTSONGSPOTUSA,long_dated,25,
1215,KXRANKLISTSONGSPOTUSA-26AUG01-MOR,0.0,2026-07-07 00:00:00+00:00,KXRANKLISTSONGSPOTUSA,long_dated,25,
1215,KXRANKLISTSONGSPOTUSA-26AUG01-FUT,0.0,2026-07-07 00:00:00+00:00,KXRANKLISTSONGSPOTUSA,long_dated,25,
1215,KXRANKLISTSONGSPOTUSA-26AUG01-TAY,0.0,2026-07-07 00:00:00+00:00,KXRANKLISTSONGSPOTUSA,long_dated,25,
1215,KXRANKLISTSONGSPOTUSA-26AUG01-BRU,0.0,2026-07-07 00:00:00+00:00,KXRANKLISTSONGSPOTUSA,long_dated,25,
1215,KXRANKLISTSONGSPOTUSA-26AUG01-CHA,0.0,2026-07-07 00:00:00+00:00,KXRANKLISTSONGSPOTUSA,long_dated,25,
1215,KXRANKLISTSONGSPOTUSA-26AUG01-MAL,0.0,2026-07-07 00:00:00+00:00,KXRANKLISTSONGSPOTUSA,long_dated,25,
1215,KXRANKLISTSONGSPOTUSA-26AUG01-HAR,0.0,2026-07-07 00:00:00+00:00,KXRANKLISTSONGSPOTUSA,long_dated,25,
1215,KXRANKLISTSONGSPOTUSA-26AUG01-SAB,0.0,2026-07-07 00:00:00+00:00,KXRANKLISTSONGSPOTUSA,long_dated,25,
1216,KXRANKLISTSONGSPOTUSA-26AUG01-PIN,1.0,2026-07-07 00:00:00+00:00,KXRANKLISTSONGSPOTUSA,long_dated,25,195.0
1216,KXRANKLISTSONGSPOTUSA-26AUG01-DJO,0.0,2026-07-07 00:00:00+00:00,KXRANKLISTSONGSPOTUSA,long_dated,25,
1216,KXRANKLISTSONGSPOTUSA-26AUG01-KAT,0.0,2026-07-07 00:00:00+00:00,KXRANKLISTSONGSPOTUSA,long_dated,25,
1216,KXRANKLISTSONGSPOTUSA-26AUG01-MEG,0.0,2026-07-07 00:00:00+00:00,KXRANKLISTSONGSPOTUSA,long_dated,25,
1216,KXRANKLISTSONGSPOTUSA-26AUG01-NIC,0.0,2026-07-07 00:00:00+00:00,KXRANKLISTSONGSPOTUSA,long_dated,25,
1216,KXRANKLISTSONGSPOTUSA-26AUG01-FLE,0.0,2026-07-07 00:00:00+00:00,KXRANKLISTSONGSPOTUSA,long_dated,25,
1216,KXRANKLISTSONGSPOTUSA-26AUG01-OLI,0.0,2026-07-07 00:00:00+00:00,KXRANKLISTSONGSPOTUSA,long_dated,25,
1216,KXRANKLISTSONGSPOTUSA-26AUG01-LUK,0.0,2026-07-07 00:00:00+00:00,KXRANKLISTSONGSPOTUSA,long_dated,25,
1216,KXRANKLISTSONGSPOTUSA-26AUG01-YE,0.0,2026-07-07 00:00:00+00:00,KXRANKLISTSONGSPOTUSA,long_dated,25,
1216,KXRANKLISTSONGSPOTUSA-26AUG01-BAB,0.0,2026-07-07 00:00:00+00:00,KXRANKLISTSONGSPOTUSA,long_dated,25,
1216,KXRANKLISTSONGSPOTUSA-26AUG01-ALE,0.0,2026-07-07 00:00:00+00:00,KXRANKLISTSONGSPOTUSA,long_dated,25,
1217,KXRANKLISTSONGSPOTUSA-26AUG01-PLA,1.0,2026-07-07 00:00:00+00:00,KXRANKLISTSONGSPOTUSA,long_dated,25,195.0
1217,KXRANKLISTSONGSPOTUSA-26AUG01-TRA,0.0,2026-07-07 00:00:00+00:00,KXRANKLISTSONGSPOTUSA,long_dated,25,
1217,KXRANKLISTSONGSPOTUSA-26AUG01-JCO,0.0,2026-07-07 00:00:00+00:00,KXRANKLISTSONGSPOTUSA,long_dated,25,
1217,KXRANKLISTSONGSPOTUSA-26AUG01-SAB,0.0,2026-07-07 00:00:00+00:00,KXRANKLISTSONGSPOTUSA,long_dated,25,
1217,KXRANKLISTSONGSPOTUSA-26AUG01-MIL,0.0,2026-07-07 00:00:00+00:00,KXRANKLISTSONGSPOTUSA,long_dated,25,
1217,KXRANKLISTSONGSPOTUSA-26AUG01-HAR,0.0,2026-07-07 00:00:00+00:00,KXRANKLISTSONGSPOTUSA,long_dated,25,
1217,KXRANKLISTSONGSPOTUSA-26AUG01-SOM,0.0,2026-07-07 00:00:00+00:00,KXRANKLISTSONGSPOTUSA,long_dated,25,
1217,KXRANKLISTSONGSPOTUSA-26AUG01-BRUC,0.0,2026-07-07 00:00:00+00:00,KXRANKLISTSONGSPOTUSA,long_dated,25,
1217,KXRANKLISTSONGSPOTUSA-26AUG01-HUN,0.0,2026-07-07 00:00:00+00:00,KXRANKLISTSONGSPOTUSA,long_dated,25,
1217,KXRANKLISTSONGSPOTUSA-26AUG01-ASA,0.0,2026-07-07 00:00:00+00:00,KXRANKLISTSONGSPOTUSA,long_dated,25,
1217,KXRANKLISTSONGSPOTUSA-26AUG01-MAL,0.0,2026-07-07 00:00:00+00:00,KXRANKLISTSONGSPOTUSA,long_dated,25,
1218,KXRANKLISTSONGSPOTUSA-26AUG01-TWE,1.0,2026-07-07 00:00:00+00:00,KXRANKLISTSONGSPOTUSA,long_dated,25,195.0
1218,KXRANKLISTSONGSPOTUSA-26AUG01-DJO,0.0,2026-07-07 00:00:00+00:00,KXRANKLISTSONGSPOTUSA,long_dated,25,
1218,KXRANKLISTSONGSPOTUSA-26AUG01-KAT,0.0,2026-07-07 00:00:00+00:00,KXRANKLISTSONGSPOTUSA,long_dated,25,
1218,KXRANKLISTSONGSPOTUSA-26AUG01-MEG,0.0,2026-07-07 00:00:00+00:00,KXRANKLISTSONGSPOTUSA,long_dated,25,
1218,KXRANKLISTSONGSPOTUSA-26AUG01-NIC,0.0,2026-07-07 00:00:00+00:00,KXRANKLISTSONGSPOTUSA,long_dated,25,
1218,KXRANKLISTSONGSPOTUSA-26AUG01-FLE,0.0,2026-07-07 00:00:00+00:00,KXRANKLISTSONGSPOTUSA,long_dated,25,
1218,KXRANKLISTSONGSPOTUSA-26AUG01-OLI,0.0,2026-07-07 00:00:00+00:00,KXRANKLISTSONGSPOTUSA,long_dated,25,
1218,KXRANKLISTSONGSPOTUSA-26AUG01-LUK,0.0,2026-07-07 00:00:00+00:00,KXRANKLISTSONGSPOTUSA,long_dated,25,
1218,KXRANKLISTSONGSPOTUSA-26AUG01-YE,0.0,2026-07-07 00:00:00+00:00,KXRANKLISTSONGSPOTUSA,long_dated,25,
1218,KXRANKLISTSONGSPOTUSA-26AUG01-BAB,0.0,2026-07-07 00:00:00+00:00,KXRANKLISTSONGSPOTUSA,long_dated,25,
1218,KXRANKLISTSONGSPOTUSA-26AUG01-ALE,0.0,2026-07-07 00:00:00+00:00,KXRANKLISTSONGSPOTUSA,long_dated,25,
1219,KXRANKLISTSONGSPOTUSA-26AUG01-WEE,1.0,2026-07-07 00:00:00+00:00,KXRANKLISTSONGSPOTUSA,long_dated,25,195.0
1219,KXRANKLISTSONGSPOTUSA-26AUG01-HAR,0.0,2026-07-07 00:00:00+00:00,KXRANKLISTSONGSPOTUSA,long_dated,25,
1219,KXRANKLISTSONGSPOTUSA-26AUG01-SAB,0.0,2026-07-07 00:00:00+00:00,KXRANKLISTSONGSPOTUSA,long_dated,25,
1219,KXRANKLISTSONGSPOTUSA-26AUG01-JCO,0.0,2026-07-07 00:00:00+00:00,KXRANKLISTSONGSPOTUSA,long_dated,25,
1219,KXRANKLISTSONGSPOTUSA-26AUG01-TRA,0.0,2026-07-07 00:00:00+00:00,KXRANKLISTSONGSPOTUSA,long_dated,25,
1219,KXRANKLISTSONGSPOTUSA-26AUG01-MIL,0.0,2026-07-07 00:00:00+00:00,KXRANKLISTSONGSPOTUSA,long_dated,25,
1219,KXRANKLISTSONGSPOTUSA-26AUG01-MAL,0.0,2026-07-07 00:00:00+00:00,KXRANKLISTSONGSPOTUSA,long_dated,25,
1219,KXRANKLISTSONGSPOTUSA-26AUG01-CHA,0.0,2026-07-07 00:00:00+00:00,KXRANKLISTSONGSPOTUSA,long_dated,25,
1219,KXRANKLISTSONGSPOTUSA-26AUG01-SOM,0.0,2026-07-07 00:00:00+00:00,KXRANKLISTSONGSPOTUSA,long_dated,25,
1219,KXRANKLISTSONGSPOTUSA-26AUG01-BRUC,0.0,2026-07-07 00:00:00+00:00,KXRANKLISTSONGSPOTUSA,long_dated,25,
1219,KXRANKLISTSONGSPOTUSA-26AUG01-HUN,0.0,2026-07-07 00:00:00+00:00,KXRANKLISTSONGSPOTUSA,long_dated,25,
1220,KXRANKLISTSONGSPOTUSA-26AUG01-YEA,1.0,2026-07-07 00:00:00+00:00,KXRANKLISTSONGSPOTUSA,long_dated,25,195.0
1220,KXRANKLISTSONGSPOTUSA-26AUG01-RAY,0.0,2026-07-07 00:00:00+00:00,KXRANKLISTSONGSPOTUSA,long_dated,25,
1220,KXRANKLISTSONGSPOTUSA-26AUG01-ESD,0.0,2026-07-07 00:00:00+00:00,KXRANKLISTSONGSPOTUSA,long_dated,25,
1220,KXRANKLISTSONGSPOTUSA-26AUG01-JOJ,0.0,2026-07-07 00:00:00+00:00,KXRANKLISTSONGSPOTUSA,long_dated,25,
1220,KXRANKLISTSONGSPOTUSA-26AUG01-BAB,0.0,2026-07-07 00:00:00+00:00,KXRANKLISTSONGSPOTUSA,long_dated,25,
1220,KXRANKLISTSONGSPOTUSA-26AUG01-DJO,0.0,2026-07-07 00:00:00+00:00,KXRANKLISTSONGSPOTUSA,long_dated,25,
1220,KXRANKLISTSONGSPOTUSA-26AUG01-KAT,0.0,2026-07-07 00:00:00+00:00,KXRANKLISTSONGSPOTUSA,long_dated,25,
1220,KXRANKLISTSONGSPOTUSA-26AUG01-MEG,0.0,2026-07-07 00:00:00+00:00,KXRANKLISTSONGSPOTUSA,long_dated,25,
1220,KXRANKLISTSONGSPOTUSA-26AUG01-NIC,0.0,2026-07-07 00:00:00+00:00,KXRANKLISTSONGSPOTUSA,long_dated,25,
1220,KXRANKLISTSONGSPOTUSA-26AUG01-FLE,0.0,2026-07-07 00:00:00+00:00,KXRANKLISTSONGSPOTUSA,long_dated,25,
1220,KXRANKLISTSONGSPOTUSA-26AUG01-OLI,0.0,2026-07-07 00:00:00+00:00,KXRANKLISTSONGSPOTUSA,long_dated,25,
1221,KXRANKLISTSONGSPOTUSA-26AUG01-ZAR,1.0,2026-07-07 00:00:00+00:00,KXRANKLISTSONGSPOTUSA,long_dated,25,195.0
1221,KXRANKLISTSONGSPOTUSA-26AUG01-DJO,0.0,2026-07-07 00:00:00+00:00,KXRANKLISTSONGSPOTUSA,long_dated,25,
1221,KXRANKLISTSONGSPOTUSA-26AUG01-KAT,0.0,2026-07-07 00:00:00+00:00,KXRANKLISTSONGSPOTUSA,long_dated,25,
1221,KXRANKLISTSONGSPOTUSA-26AUG01-MEG,0.0,2026-07-07 00:00:00+00:00,KXRANKLISTSONGSPOTUSA,long_dated,25,
1221,KXRANKLISTSONGSPOTUSA-26AUG01-NIC,0.0,2026-07-07 00:00:00+00:00,KXRANKLISTSONGSPOTUSA,long_dated,25,
1221,KXRANKLISTSONGSPOTUSA-26AUG01-FLE,0.0,2026-07-07 00:00:00+00:00,KXRANKLISTSONGSPOTUSA,long_dated,25,
1221,KXRANKLISTSONGSPOTUSA-26AUG01-OLI,0.0,2026-07-07 00:00:00+00:00,KXRANKLISTSONGSPOTUSA,long_dated,25,
1221,KXRANKLISTSONGSPOTUSA-26AUG01-LUK,0.0,2026-07-07 00:00:00+00:00,KXRANKLISTSONGSPOTUSA,long_dated,25,
1221,KXRANKLISTSONGSPOTUSA-26AUG01-YE,0.0,2026-07-07 00:00:00+00:00,KXRANKLISTSONGSPOTUSA,long_dated,25,
1221,KXRANKLISTSONGSPOTUSA-26AUG01-BAB,0.0,2026-07-07 00:00:00+00:00,KXRANKLISTSONGSPOTUSA,long_dated,25,
1221,KXRANKLISTSONGSPOTUSA-26AUG01-ALE,0.0,2026-07-07 00:00:00+00:00,KXRANKLISTSONGSPOTUSA,long_dated,25,
1222,KXRT-ODY-55,1.0,2026-07-07 00:00:00+00:00,KXRT,long_dated,13,75.0
1222,KXRT-ODY-50,0.0,2026-07-07 00:00:00+00:00,KXRT,long_dated,13,
1222,KXRT-ODY-45,0.0,2026-07-07 00:00:00+00:00,KXRT,long_dated,13,
1222,KXRT-SPI-35,0.0,2026-07-07 00:00:00+00:00,KXRT,long_dated,13,
1222,KXRT-SPI-40,0.0,2026-07-07 00:00:00+00:00,KXRT,long_dated,13,
1222,KXRT-SPI-30,0.0,2026-07-07 00:00:00+00:00,KXRT,long_dated,13,
1222,KXRT-SPI-45,0.0,2026-07-07 00:00:00+00:00,KXRT,long_dated,13,
1222,KXRT-SPI-50,0.0,2026-07-07 00:00:00+00:00,KXRT,long_dated,13,
1222,KXRT-SPI-65,0.0,2026-07-07 00:00:00+00:00,KXRT,long_dated,13,
1222,KXRT-SPI-55,0.0,2026-07-07 00:00:00+00:00,KXRT,long_dated,13,
1222,KXRT-SPI-60,0.0,2026-07-07 00:00:00+00:00,KXRT,long_dated,13,
1223,KXRT-ODY-60,1.0,2026-07-07 00:00:00+00:00,KXRT,long_dated,13,75.0
1223,KXRT-ODY-50,0.0,2026-07-07 00:00:00+00:00,KXRT,long_dated,13,
1223,KXRT-ODY-45,0.0,2026-07-07 00:00:00+00:00,KXRT,long_dated,13,
1223,KXRT-SPI-35,0.0,2026-07-07 00:00:00+00:00,KXRT,long_dated,13,
1223,KXRT-SPI-40,0.0,2026-07-07 00:00:00+00:00,KXRT,long_dated,13,
1223,KXRT-SPI-30,0.0,2026-07-07 00:00:00+00:00,KXRT,long_dated,13,
1223,KXRT-SPI-45,0.0,2026-07-07 00:00:00+00:00,KXRT,long_dated,13,
1223,KXRT-SPI-50,0.0,2026-07-07 00:00:00+00:00,KXRT,long_dated,13,
1223,KXRT-SPI-65,0.0,2026-07-07 00:00:00+00:00,KXRT,long_dated,13,
1223,KXRT-SPI-55,0.0,2026-07-07 00:00:00+00:00,KXRT,long_dated,13,
1223,KXRT-SPI-60,0.0,2026-07-07 00:00:00+00:00,KXRT,long_dated,13,
1224,KXRT-ODY-70,1.0,2026-07-07 00:00:00+00:00,KXRT,long_dated,13,75.0
1224,KXRT-SPI-70,0.0,2026-07-07 00:00:00+00:00,KXRT,long_dated,13,
1224,KXRT-ODY-65,0.0,2026-07-07 00:00:00+00:00,KXRT,long_dated,13,
1224,KXRT-SPI-60,0.0,2026-07-07 00:00:00+00:00,KXRT,long_dated,13,
1224,KXRT-SPI-55,0.0,2026-07-07 00:00:00+00:00,KXRT,long_dated,13,
1224,KXRT-SPI-65,0.0,2026-07-07 00:00:00+00:00,KXRT,long_dated,13,
1224,KXRT-SPI-45,0.0,2026-07-07 00:00:00+00:00,KXRT,long_dated,13,
1224,KXRT-SPI-50,0.0,2026-07-07 00:00:00+00:00,KXRT,long_dated,13,
1224,KXRT-SPI-30,0.0,2026-07-07 00:00:00+00:00,KXRT,long_dated,13,
1224,KXRT-ODY-75,0.0,2026-07-07 00:00:00+00:00,KXRT,long_dated,13,
1224,KXRT-SPI-35,0.0,2026-07-07 00:00:00+00:00,KXRT,long_dated,13,
1225,KXRT-SPI-75,1.0,2026-07-07 00:00:00+00:00,KXRT,long_dated,27,70.0
1225,KXRT-ODY-75,0.0,2026-07-07 00:00:00+00:00,KXRT,long_dated,27,
1225,KXRT-SPI-70,0.0,2026-07-07 00:00:00+00:00,KXRT,long_dated,27,
1225,KXRT-ODY-65,0.0,2026-07-07 00:00:00+00:00,KXRT,long_dated,27,
1225,KXRT-SPI-60,0.0,2026-07-07 00:00:00+00:00,KXRT,long_dated,27,
1225,KXRT-SPI-55,0.0,2026-07-07 00:00:00+00:00,KXRT,long_dated,27,
1225,KXRT-SPI-65,0.0,2026-07-07 00:00:00+00:00,KXRT,long_dated,27,
1225,KXRT-SPI-45,0.0,2026-07-07 00:00:00+00:00,KXRT,long_dated,27,
1225,KXRT-SPI-50,0.0,2026-07-07 00:00:00+00:00,KXRT,long_dated,27,
1225,KXRT-SPI-30,0.0,2026-07-07 00:00:00+00:00,KXRT,long_dated,27,
1225,KXRT-SPI-35,0.0,2026-07-07 00:00:00+00:00,KXRT,long_dated,27,
1226,KXRT-SPI-80,1.0,2026-07-07 00:00:00+00:00,KXRT,long_dated,27,70.0
1226,KXRT-ODY-75,0.0,2026-07-07 00:00:00+00:00,KXRT,long_dated,27,
1226,KXRT-SPI-70,0.0,2026-07-07 00:00:00+00:00,KXRT,long_dated,27,
1226,KXRT-ODY-65,0.0,2026-07-07 00:00:00+00:00,KXRT,long_dated,27,
1226,KXRT-SPI-60,0.0,2026-07-07 00:00:00+00:00,KXRT,long_dated,27,
1226,KXRT-SPI-55,0.0,2026-07-07 00:00:00+00:00,KXRT,long_dated,27,
1226,KXRT-SPI-65,0.0,2026-07-07 00:00:00+00:00,KXRT,long_dated,27,
1226,KXRT-SPI-45,0.0,2026-07-07 00:00:00+00:00,KXRT,long_dated,27,
1226,KXRT-SPI-50,0.0,2026-07-07 00:00:00+00:00,KXRT,long_dated,27,
1226,KXRT-SPI-30,0.0,2026-07-07 00:00:00+00:00,KXRT,long_dated,27,
1226,KXRT-SPI-35,0.0,2026-07-07 00:00:00+00:00,KXRT,long_dated,27,
1227,KXRT-SPI-85,1.0,2026-07-07 00:00:00+00:00,KXRT,long_dated,27,70.0
1227,KXRT-ODY-75,0.0,2026-07-07 00:00:00+00:00,KXRT,long_dated,27,
1227,KXRT-SPI-70,0.0,2026-07-07 00:00:00+00:00,KXRT,long_dated,27,
1227,KXRT-ODY-65,0.0,2026-07-07 00:00:00+00:00,KXRT,long_dated,27,
1227,KXRT-SPI-60,0.0,2026-07-07 00:00:00+00:00,KXRT,long_dated,27,
1227,KXRT-SPI-55,0.0,2026-07-07 00:00:00+00:00,KXRT,long_dated,27,
1227,KXRT-SPI-65,0.0,2026-07-07 00:00:00+00:00,KXRT,long_dated,27,
1227,KXRT-SPI-45,0.0,2026-07-07 00:00:00+00:00,KXRT,long_dated,27,
1227,KXRT-SPI-50,0.0,2026-07-07 00:00:00+00:00,KXRT,long_dated,27,
1227,KXRT-SPI-30,0.0,2026-07-07 00:00:00+00:00,KXRT,long_dated,27,
1227,KXRT-SPI-35,0.0,2026-07-07 00:00:00+00:00,KXRT,long_dated,27,
1228,KXRT-SPI-90,1.0,2026-07-07 00:00:00+00:00,KXRT,long_dated,27,170.0
1228,KXRT-ODY-75,0.0,2026-07-07 00:00:00+00:00,KXRT,long_dated,27,
1228,KXRT-SPI-70,0.0,2026-07-07 00:00:00+00:00,KXRT,long_dated,27,
1228,KXRT-ODY-65,0.0,2026-07-07 00:00:00+00:00,KXRT,long_dated,27,
1228,KXRT-SPI-60,0.0,2026-07-07 00:00:00+00:00,KXRT,long_dated,27,
1228,KXRT-SPI-55,0.0,2026-07-07 00:00:00+00:00,KXRT,long_dated,27,
1228,KXRT-SPI-65,0.0,2026-07-07 00:00:00+00:00,KXRT,long_dated,27,
1228,KXRT-SPI-45,0.0,2026-07-07 00:00:00+00:00,KXRT,long_dated,27,
1228,KXRT-SPI-50,0.0,2026-07-07 00:00:00+00:00,KXRT,long_dated,27,
1228,KXRT-SPI-30,0.0,2026-07-07 00:00:00+00:00,KXRT,long_dated,27,
1228,KXRT-SPI-35,0.0,2026-07-07 00:00:00+00:00,KXRT,long_dated,27,
1229,KXRT-SPI-95,1.0,2026-07-07 00:00:00+00:00,KXRT,long_dated,27,70.0
1229,KXRT-ODY-75,0.0,2026-07-07 00:00:00+00:00,KXRT,long_dated,27,
1229,KXRT-SPI-70,0.0,2026-07-07 00:00:00+00:00,KXRT,long_dated,27,
1229,KXRT-ODY-65,0.0,2026-07-07 00:00:00+00:00,KXRT,long_dated,27,
1229,KXRT-SPI-60,0.0,2026-07-07 00:00:00+00:00,KXRT,long_dated,27,
1229,KXRT-SPI-55,0.0,2026-07-07 00:00:00+00:00,KXRT,long_dated,27,
1229,KXRT-SPI-65,0.0,2026-07-07 00:00:00+00:00,KXRT,long_dated,27,
1229,KXRT-SPI-45,0.0,2026-07-07 00:00:00+00:00,KXRT,long_dated,27,
1229,KXRT-SPI-50,0.0,2026-07-07 00:00:00+00:00,KXRT,long_dated,27,
1229,KXRT-SPI-30,0.0,2026-07-07 00:00:00+00:00,KXRT,long_dated,27,
1229,KXRT-SPI-35,0.0,2026-07-07 00:00:00+00:00,KXRT,long_dated,27,
1230,KXSNAPUK-27JAN01,1.0,2026-07-07 00:00:00+00:00,KXSNAPUK,long_dated,178,245.0
1230,KXSNAPUK-27JAN01-26SEP01,0.0,2026-07-07 00:00:00+00:00,KXSNAPUK,long_dated,178,
1231,KXTORNADO-26JUL-125,1.0,2026-07-07 00:00:00+00:00,KXTORNADO,long_dated,25,230.0
1231,KXTORNADO-26JUL-100,0.0,2026-07-07 00:00:00+00:00,KXTORNADO,long_dated,25,
1231,KXTORNADO-26JUL-75,0.0,2026-07-07 00:00:00+00:00,KXTORNADO,long_dated,25,
1231,KXTORNADO-26JUL-200,0.0,2026-07-07 00:00:00+00:00,KXTORNADO,long_dated,25,
1231,KXTORNADO-26JUL-225,0.0,2026-07-07 00:00:00+00:00,KXTORNADO,long_dated,25,
1231,KXTORNADO-26JUL-50,0.0,2026-07-07 00:00:00+00:00,KXTORNADO,long_dated,25,
1231,KXTORNADO-26JUL-250,0.0,2026-07-07 00:00:00+00:00,KXTORNADO,long_dated,25,
1231,KXTORNADO-26JUL-275,0.0,2026-07-07 00:00:00+00:00,KXTORNADO,long_dated,25,
1231,KXTORNADO-26JUL-25,0.0,2026-07-07 00:00:00+00:00,KXTORNADO,long_dated,25,
1232,KXTORNADO-26JUL-150,1.0,2026-07-07 00:00:00+00:00,KXTORNADO,long_dated,25,230.0
1232,KXTORNADO-26JUL-100,0.0,2026-07-07 00:00:00+00:00,KXTORNADO,long_dated,25,
1232,KXTORNADO-26JUL-75,0.0,2026-07-07 00:00:00+00:00,KXTORNADO,long_dated,25,
1232,KXTORNADO-26JUL-200,0.0,2026-07-07 00:00:00+00:00,KXTORNADO,long_dated,25,
1232,KXTORNADO-26JUL-225,0.0,2026-07-07 00:00:00+00:00,KXTORNADO,long_dated,25,
1232,KXTORNADO-26JUL-50,0.0,2026-07-07 00:00:00+00:00,KXTORNADO,long_dated,25,
1232,KXTORNADO-26JUL-250,0.0,2026-07-07 00:00:00+00:00,KXTORNADO,long_dated,25,
1232,KXTORNADO-26JUL-275,0.0,2026-07-07 00:00:00+00:00,KXTORNADO,long_dated,25,
1232,KXTORNADO-26JUL-25,0.0,2026-07-07 00:00:00+00:00,KXTORNADO,long_dated,25,
1233,KXTORNADO-26JUL-175,1.0,2026-07-07 00:00:00+00:00,KXTORNADO,long_dated,25,230.0
1233,KXTORNADO-26JUL-100,0.0,2026-07-07 00:00:00+00:00,KXTORNADO,long_dated,25,
1233,KXTORNADO-26JUL-75,0.0,2026-07-07 00:00:00+00:00,KXTORNADO,long_dated,25,
1233,KXTORNADO-26JUL-200,0.0,2026-07-07 00:00:00+00:00,KXTORNADO,long_dated,25,
1233,KXTORNADO-26JUL-225,0.0,2026-07-07 00:00:00+00:00,KXTORNADO,long_dated,25,
1233,KXTORNADO-26JUL-50,0.0,2026-07-07 00:00:00+00:00,KXTORNADO,long_dated,25,
1233,KXTORNADO-26JUL-250,0.0,2026-07-07 00:00:00+00:00,KXTORNADO,long_dated,25,
1233,KXTORNADO-26JUL-275,0.0,2026-07-07 00:00:00+00:00,KXTORNADO,long_dated,25,
1233,KXTORNADO-26JUL-25,0.0,2026-07-07 00:00:00+00:00,KXTORNADO,long_dated,25,
1234,KXU3MAX-27-4.8,1.0,2026-07-07 00:00:00+00:00,KXU3MAX,long_dated,185,75.0
1234,KXU3MAX-30-8,0.0,2026-07-07 00:00:00+00:00,KXU3MAX,long_dated,185,
1234,KXU3MAX-30-10,0.0,2026-07-07 00:00:00+00:00,KXU3MAX,long_dated,185,
1234,KXU3MAX-30-9,0.0,2026-07-07 00:00:00+00:00,KXU3MAX,long_dated,185,
1234,KXU3MAX-27-4.5,0.0,2026-07-07 00:00:00+00:00,KXU3MAX,long_dated,185,
1234,KXU3MAX-30-7,0.0,2026-07-07 00:00:00+00:00,KXU3MAX,long_dated,185,
1234,KXU3MAX-30-12,0.0,2026-07-07 00:00:00+00:00,KXU3MAX,long_dated,185,
1234,KXU3MAX-30-15,0.0,2026-07-07 00:00:00+00:00,KXU3MAX,long_dated,185,
1234,KXU3MAX-30-6,0.0,2026-07-07 00:00:00+00:00,KXU3MAX,long_dated,185,
1234,KXU3MAX-30-17,0.0,2026-07-07 00:00:00+00:00,KXU3MAX,long_dated,185,
1234,KXU3MAX-30-5,0.0,2026-07-07 00:00:00+00:00,KXU3MAX,long_dated,185,
1235,KXU3MAX-27-5,1.0,2026-07-07 00:00:00+00:00,KXU3MAX,long_dated,185,75.0
1235,KXU3MAX-30-15,0.0,2026-07-07 00:00:00+00:00,KXU3MAX,long_dated,185,
1235,KXU3MAX-30-6,0.0,2026-07-07 00:00:00+00:00,KXU3MAX,long_dated,185,
1235,KXU3MAX-30-17,0.0,2026-07-07 00:00:00+00:00,KXU3MAX,long_dated,185,
1235,KXU3MAX-30-12,0.0,2026-07-07 00:00:00+00:00,KXU3MAX,long_dated,185,
1235,KXU3MAX-30-5,0.0,2026-07-07 00:00:00+00:00,KXU3MAX,long_dated,185,
1235,KXU3MAX-30-7,0.0,2026-07-07 00:00:00+00:00,KXU3MAX,long_dated,185,
1235,KXU3MAX-30-20,0.0,2026-07-07 00:00:00+00:00,KXU3MAX,long_dated,185,
1235,KXU3MAX-27-7,0.0,2026-07-07 00:00:00+00:00,KXU3MAX,long_dated,185,
1235,KXU3MAX-27-10,0.0,2026-07-07 00:00:00+00:00,KXU3MAX,long_dated,185,
1235,KXU3MAX-27-12,0.0,2026-07-07 00:00:00+00:00,KXU3MAX,long_dated,185,
1236,KXU3MAX-27-5.5,1.0,2026-07-07 00:00:00+00:00,KXU3MAX,long_dated,185,75.0
1236,KXU3MAX-30-12,0.0,2026-07-07 00:00:00+00:00,KXU3MAX,long_dated,185,
1236,KXU3MAX-30-15,0.0,2026-07-07 00:00:00+00:00,KXU3MAX,long_dated,185,
1236,KXU3MAX-30-6,0.0,2026-07-07 00:00:00+00:00,KXU3MAX,long_dated,185,
1236,KXU3MAX-30-7,0.0,2026-07-07 00:00:00+00:00,KXU3MAX,long_dated,185,
1236,KXU3MAX-30-17,0.0,2026-07-07 00:00:00+00:00,KXU3MAX,long_dated,185,
1236,KXU3MAX-30-10,0.0,2026-07-07 00:00:00+00:00,KXU3MAX,long_dated,185,
1236,KXU3MAX-30-5,0.0,2026-07-07 00:00:00+00:00,KXU3MAX,long_dated,185,
1236,KXU3MAX-30-20,0.0,2026-07-07 00:00:00+00:00,KXU3MAX,long_dated,185,
1236,KXU3MAX-27-7,0.0,2026-07-07 00:00:00+00:00,KXU3MAX,long_dated,185,
1236,KXU3MAX-27-10,0.0,2026-07-07 00:00:00+00:00,KXU3MAX,long_dated,185,
1237,KXU3MAX-27-6,1.0,2026-07-07 00:00:00+00:00,KXU3MAX,long_dated,185,75.0
1237,KXU3MAX-30-20,0.0,2026-07-07 00:00:00+00:00,KXU3MAX,long_dated,185,
1237,KXU3MAX-30-5,0.0,2026-07-07 00:00:00+00:00,KXU3MAX,long_dated,185,
1237,KXU3MAX-27-7,0.0,2026-07-07 00:00:00+00:00,KXU3MAX,long_dated,185,
1237,KXU3MAX-27-10,0.0,2026-07-07 00:00:00+00:00,KXU3MAX,long_dated,185,
1237,KXU3MAX-27-12,0.0,2026-07-07 00:00:00+00:00,KXU3MAX,long_dated,185,
1237,KXU3MAX-27-8,0.0,2026-07-07 00:00:00+00:00,KXU3MAX,long_dated,185,
1237,KXU3MAX-27-9,0.0,2026-07-07 00:00:00+00:00,KXU3MAX,long_dated,185,
1237,KXU3MAX-27-15,0.0,2026-07-07 00:00:00+00:00,KXU3MAX,long_dated,185,
1237,KXU3MAX-27-20,0.0,2026-07-07 00:00:00+00:00,KXU3MAX,long_dated,185,
1237,KXU3MAX-27-17,0.0,2026-07-07 00:00:00+00:00,KXU3MAX,long_dated,185,
1238,KXU3MAX-27-6.5,1.0,2026-07-07 00:00:00+00:00,KXU3MAX,long_dated,185,75.0
1238,KXU3MAX-30-6,0.0,2026-07-07 00:00:00+00:00,KXU3MAX,long_dated,185,
1238,KXU3MAX-30-15,0.0,2026-07-07 00:00:00+00:00,KXU3MAX,long_dated,185,
1238,KXU3MAX-30-17,0.0,2026-07-07 00:00:00+00:00,KXU3MAX,long_dated,185,
1238,KXU3MAX-30-12,0.0,2026-07-07 00:00:00+00:00,KXU3MAX,long_dated,185,
1238,KXU3MAX-30-5,0.0,2026-07-07 00:00:00+00:00,KXU3MAX,long_dated,185,
1238,KXU3MAX-30-20,0.0,2026-07-07 00:00:00+00:00,KXU3MAX,long_dated,185,
1238,KXU3MAX-30-7,0.0,2026-07-07 00:00:00+00:00,KXU3MAX,long_dated,185,
1238,KXU3MAX-27-7,0.0,2026-07-07 00:00:00+00:00,KXU3MAX,long_dated,185,
1238,KXU3MAX-27-10,0.0,2026-07-07 00:00:00+00:00,KXU3MAX,long_dated,185,
1238,KXU3MAX-27-12,0.0,2026-07-07 00:00:00+00:00,KXU3MAX,long_dated,185,
1240,KXUAL-26JULPAX-47500000.0,1.0,2026-07-07 00:00:00+00:00,KXUAL,long_dated,8,95.0
1240,KXUAL-26JULPAX-49000000,0.0,2026-07-07 00:00:00+00:00,KXUAL,long_dated,8,
1242,KXUAL-26JULPAX-48500000.0,1.0,2026-07-07 00:00:00+00:00,KXUAL,long_dated,8,95.0
1242,KXUAL-26JULPAX-49000000,0.0,2026-07-07 00:00:00+00:00,KXUAL,long_dated,8,
1243,SENATESC-28-D,1.0,2026-07-07 00:00:00+00:00,SENATESC,long_dated,1219,100.0
1243,SENATESC-26-D,0.0,2026-07-07 00:00:00+00:00,SENATESC,long_dated,1219,
1243,SENATESC-26-R,0.0,2026-07-07 00:00:00+00:00,SENATESC,long_dated,1219,
1244,SENATESC-28-R,1.0,2026-07-07 00:00:00+00:00,SENATESC,long_dated,1219,100.0
1244,SENATESC-26-D,0.0,2026-07-07 00:00:00+00:00,SENATESC,long_dated,1219,
1244,SENATESC-26-R,0.0,2026-07-07 00:00:00+00:00,SENATESC,long_dated,1219,
1245,USCLIMATE-2030,1.0,2026-07-07 00:00:00+00:00,KXUSCLIMATE,long_dated,3464,175.0
1245,USCLIMATE-2025,0.0,2026-07-07 00:00:00+00:00,KXUSCLIMATE,long_dated,3464,
1261,KXLIUKCOUPLE-26AUG31-ANSI,1.0,2026-07-11 00:00:00+00:00,KXLIUKCOUPLE,other,16,200.0
1261,KXLIUKCOUPLE-26AUG31-MILO,0.0,2026-07-11 00:00:00+00:00,KXLIUKCOUPLE,other,16,
1261,KXLIUKCOUPLE-26AUG31-ANKA,0.0,2026-07-11 00:00:00+00:00,KXLIUKCOUPLE,other,16,
1261,KXLIUKCOUPLE-26AUG31-ELKA,0.0,2026-07-11 00:00:00+00:00,KXLIUKCOUPLE,other,16,
1261,KXLIUKCOUPLE-26AUG31-ANTO,0.0,2026-07-11 00:00:00+00:00,KXLIUKCOUPLE,other,16,
1261,KXLIUKCOUPLE-26AUG31-JAGE,0.0,2026-07-11 00:00:00+00:00,KXLIUKCOUPLE,other,16,
1261,KXLIUKCOUPLE-26AUG31-ELGE,0.0,2026-07-11 00:00:00+00:00,KXLIUKCOUPLE,other,16,
1261,KXLIUKCOUPLE-26AUG31-ELSI,0.0,2026-07-11 00:00:00+00:00,KXLIUKCOUPLE,other,16,
1261,KXLIUKCOUPLE-26AUG31-HACH,0.0,2026-07-11 00:00:00+00:00,KXLIUKCOUPLE,other,16,
1261,KXLIUKCOUPLE-26AUG31-HASI,0.0,2026-07-11 00:00:00+00:00,KXLIUKCOUPLE,other,16,
1261,KXLIUKCOUPLE-26AUG31-ANCH,0.0,2026-07-11 00:00:00+00:00,KXLIUKCOUPLE,other,16,
1262,KXLIUKCOUPLE-26AUG31-ELFI,1.0,2026-07-11 00:00:00+00:00,KXLIUKCOUPLE,other,16,200.0
1262,KXLIUKCOUPLE-26AUG31-JALO,0.0,2026-07-11 00:00:00+00:00,KXLIUKCOUPLE,other,16,
1262,KXLIUKCOUPLE-26AUG31-YALO,0.0,2026-07-11 00:00:00+00:00,KXLIUKCOUPLE,other,16,
1262,KXLIUKCOUPLE-26AUG31-LOKA,0.0,2026-07-11 00:00:00+00:00,KXLIUKCOUPLE,other,16,
1262,KXLIUKCOUPLE-26AUG31-MIOP,0.0,2026-07-11 00:00:00+00:00,KXLIUKCOUPLE,other,16,
1262,KXLIUKCOUPLE-26AUG31-NATO,0.0,2026-07-11 00:00:00+00:00,KXLIUKCOUPLE,other,16,
1262,KXLIUKCOUPLE-26AUG31-PRSE,0.0,2026-07-11 00:00:00+00:00,KXLIUKCOUPLE,other,16,
1262,KXLIUKCOUPLE-26AUG31-PRFI,0.0,2026-07-11 00:00:00+00:00,KXLIUKCOUPLE,other,16,
1262,KXLIUKCOUPLE-26AUG31-HACH,0.0,2026-07-11 00:00:00+00:00,KXLIUKCOUPLE,other,16,
1262,KXLIUKCOUPLE-26AUG31-HASI,0.0,2026-07-11 00:00:00+00:00,KXLIUKCOUPLE,other,16,
1262,KXLIUKCOUPLE-26AUG31-MIGE,0.0,2026-07-11 00:00:00+00:00,KXLIUKCOUPLE,other,16,
1263,KXLIUKCOUPLE-26AUG31-JAKA,1.0,2026-07-11 00:00:00+00:00,KXLIUKCOUPLE,other,16,200.0
1263,KXLIUKCOUPLE-26AUG31-MIGE,0.0,2026-07-11 00:00:00+00:00,KXLIUKCOUPLE,other,16,
1263,KXLIUKCOUPLE-26AUG31-LOSE,0.0,2026-07-11 00:00:00+00:00,KXLIUKCOUPLE,other,16,
1263,KXLIUKCOUPLE-26AUG31-YALO,0.0,2026-07-11 00:00:00+00:00,KXLIUKCOUPLE,other,16,
1263,KXLIUKCOUPLE-26AUG31-JALO,0.0,2026-07-11 00:00:00+00:00,KXLIUKCOUPLE,other,16,
1263,KXLIUKCOUPLE-26AUG31-JACH,0.0,2026-07-11 00:00:00+00:00,KXLIUKCOUPLE,other,16,
1263,KXLIUKCOUPLE-26AUG31-JAFI,0.0,2026-07-11 00:00:00+00:00,KXLIUKCOUPLE,other,16,
1263,KXLIUKCOUPLE-26AUG31-LOCH,0.0,2026-07-11 00:00:00+00:00,KXLIUKCOUPLE,other,16,
1263,KXLIUKCOUPLE-26AUG31-LOFI,0.0,2026-07-11 00:00:00+00:00,KXLIUKCOUPLE,other,16,
1263,KXLIUKCOUPLE-26AUG31-MICH,0.0,2026-07-11 00:00:00+00:00,KXLIUKCOUPLE,other,16,
1263,KXLIUKCOUPLE-26AUG31-MIFI,0.0,2026-07-11 00:00:00+00:00,KXLIUKCOUPLE,other,16,
1264,KXLOVEISLANDUKRANK-26AUG31R2-ANSI,1.0,2026-07-11 00:00:00+00:00,KXLOVEISLANDUKRANK,other,16,100.0
1264,KXLOVEISLANDUKRANK-26AUG31R2-MISAM,0.0,2026-07-11 00:00:00+00:00,KXLOVEISLANDUKRANK,other,16,
1264,KXLOVEISLANDUKRANK-26AUG31R3-ANCH,0.0,2026-07-11 00:00:00+00:00,KXLOVEISLANDUKRANK,other,16,
1264,KXLOVEISLANDUKRANK-26AUG31R2-ANAI,0.0,2026-07-11 00:00:00+00:00,KXLOVEISLANDUKRANK,other,16,
1264,KXLOVEISLANDUKRANK-26AUG31R2-ANLO,0.0,2026-07-11 00:00:00+00:00,KXLOVEISLANDUKRANK,other,16,
1264,KXLOVEISLANDUKRANK-26AUG31R2-MIAI,0.0,2026-07-11 00:00:00+00:00,KXLOVEISLANDUKRANK,other,16,
1264,KXLOVEISLANDUKRANK-26AUG31R2-ANFI,0.0,2026-07-11 00:00:00+00:00,KXLOVEISLANDUKRANK,other,16,
1264,KXLOVEISLANDUKRANK-26AUG31R3-NAAI,0.0,2026-07-11 00:00:00+00:00,KXLOVEISLANDUKRANK,other,16,
1264,KXLOVEISLANDUKRANK-26AUG31R2-ANCH,0.0,2026-07-11 00:00:00+00:00,KXLOVEISLANDUKRANK,other,16,
1264,KXLOVEISLANDUKRANK-26AUG31R2-MISA,0.0,2026-07-11 00:00:00+00:00,KXLOVEISLANDUKRANK,other,16,
1264,KXLOVEISLANDUKRANK-26AUG31R2-LOGE,0.0,2026-07-11 00:00:00+00:00,KXLOVEISLANDUKRANK,other,16,
1265,KXLOVEISLANDUKRANK-26AUG31R2-ELFI,1.0,2026-07-11 00:00:00+00:00,KXLOVEISLANDUKRANK,other,16,100.0
1265,KXLOVEISLANDUKRANK-26AUG31R3-ROSE,0.0,2026-07-11 00:00:00+00:00,KXLOVEISLANDUKRANK,other,16,
1265,KXLOVEISLANDUKRANK-26AUG31R3-MISI,0.0,2026-07-11 00:00:00+00:00,KXLOVEISLANDUKRANK,other,16,
1265,KXLOVEISLANDUKRANK-26AUG31R2-ANOP,0.0,2026-07-11 00:00:00+00:00,KXLOVEISLANDUKRANK,other,16,
1265,KXLOVEISLANDUKRANK-26AUG31R2-ANSA,0.0,2026-07-11 00:00:00+00:00,KXLOVEISLANDUKRANK,other,16,
1265,KXLOVEISLANDUKRANK-26AUG31R2-ANSAM,0.0,2026-07-11 00:00:00+00:00,KXLOVEISLANDUKRANK,other,16,
1265,KXLOVEISLANDUKRANK-26AUG31R2-ANSE,0.0,2026-07-11 00:00:00+00:00,KXLOVEISLANDUKRANK,other,16,
1265,KXLOVEISLANDUKRANK-26AUG31R2-ELAI,0.0,2026-07-11 00:00:00+00:00,KXLOVEISLANDUKRANK,other,16,
1265,KXLOVEISLANDUKRANK-26AUG31R2-ELGE,0.0,2026-07-11 00:00:00+00:00,KXLOVEISLANDUKRANK,other,16,
1265,KXLOVEISLANDUKRANK-26AUG31R2-ELLO,0.0,2026-07-11 00:00:00+00:00,KXLOVEISLANDUKRANK,other,16,
1265,KXLOVEISLANDUKRANK-26AUG31R2-ELOP,0.0,2026-07-11 00:00:00+00:00,KXLOVEISLANDUKRANK,other,16,
1266,KXLOVEISLANDUKRANK-26AUG31R2-LOSE,1.0,2026-07-11 00:00:00+00:00,KXLOVEISLANDUKRANK,other,16,100.0
1266,KXLOVEISLANDUKRANK-26AUG31R2-JALO,0.0,2026-07-11 00:00:00+00:00,KXLOVEISLANDUKRANK,other,16,
1266,KXLOVEISLANDUKRANK-26AUG31R3-ROSE,0.0,2026-07-11 00:00:00+00:00,KXLOVEISLANDUKRANK,other,16,
1266,KXLOVEISLANDUKRANK-26AUG31R2-ROGE,0.0,2026-07-11 00:00:00+00:00,KXLOVEISLANDUKRANK,other,16,
1266,KXLOVEISLANDUKRANK-26AUG31R2-ROSE,0.0,2026-07-11 00:00:00+00:00,KXLOVEISLANDUKRANK,other,16,
1266,KXLOVEISLANDUKRANK-26AUG31R3-MISI,0.0,2026-07-11 00:00:00+00:00,KXLOVEISLANDUKRANK,other,16,
1266,KXLOVEISLANDUKRANK-26AUG31R2-ANOP,0.0,2026-07-11 00:00:00+00:00,KXLOVEISLANDUKRANK,other,16,
1266,KXLOVEISLANDUKRANK-26AUG31R2-ANSA,0.0,2026-07-11 00:00:00+00:00,KXLOVEISLANDUKRANK,other,16,
1266,KXLOVEISLANDUKRANK-26AUG31R2-ANSAM,0.0,2026-07-11 00:00:00+00:00,KXLOVEISLANDUKRANK,other,16,
1266,KXLOVEISLANDUKRANK-26AUG31R2-ANSE,0.0,2026-07-11 00:00:00+00:00,KXLOVEISLANDUKRANK,other,16,
1266,KXLOVEISLANDUKRANK-26AUG31R2-ELAI,0.0,2026-07-11 00:00:00+00:00,KXLOVEISLANDUKRANK,other,16,
1267,KXLOVEISLANDUKRANK-26AUG31R3-ANSI,1.0,2026-07-11 00:00:00+00:00,KXLOVEISLANDUKRANK,other,16,100.0
1267,KXLOVEISLANDUKRANK-26AUG31R3-ELGE,0.0,2026-07-11 00:00:00+00:00,KXLOVEISLANDUKRANK,other,16,
1267,KXLOVEISLANDUKRANK-26AUG31R2-LOGE,0.0,2026-07-11 00:00:00+00:00,KXLOVEISLANDUKRANK,other,16,
1267,KXLOVEISLANDUKRANK-26AUG31R2-MISA,0.0,2026-07-11 00:00:00+00:00,KXLOVEISLANDUKRANK,other,16,
1267,KXLOVEISLANDUKRANK-26AUG31R2-ANOP,0.0,2026-07-11 00:00:00+00:00,KXLOVEISLANDUKRANK,other,16,
1267,KXLOVEISLANDUKRANK-26AUG31R2-ANSA,0.0,2026-07-11 00:00:00+00:00,KXLOVEISLANDUKRANK,other,16,
1267,KXLOVEISLANDUKRANK-26AUG31R2-ANSAM,0.0,2026-07-11 00:00:00+00:00,KXLOVEISLANDUKRANK,other,16,
1267,KXLOVEISLANDUKRANK-26AUG31R2-ANSE,0.0,2026-07-11 00:00:00+00:00,KXLOVEISLANDUKRANK,other,16,
1267,KXLOVEISLANDUKRANK-26AUG31R2-ELAI,0.0,2026-07-11 00:00:00+00:00,KXLOVEISLANDUKRANK,other,16,
1267,KXLOVEISLANDUKRANK-26AUG31R2-ELGE,0.0,2026-07-11 00:00:00+00:00,KXLOVEISLANDUKRANK,other,16,
1267,KXLOVEISLANDUKRANK-26AUG31R2-ELLO,0.0,2026-07-11 00:00:00+00:00,KXLOVEISLANDUKRANK,other,16,
1268,KXLOVEISLANDUKRANK-26AUG31R3-ELFI,1.0,2026-07-11 00:00:00+00:00,KXLOVEISLANDUKRANK,other,16,100.0
1268,KXLOVEISLANDUKRANK-26AUG31R2-MISAM,0.0,2026-07-11 00:00:00+00:00,KXLOVEISLANDUKRANK,other,16,
1268,KXLOVEISLANDUKRANK-26AUG31R3-ANCH,0.0,2026-07-11 00:00:00+00:00,KXLOVEISLANDUKRANK,other,16,
1268,KXLOVEISLANDUKRANK-26AUG31R2-ANAI,0.0,2026-07-11 00:00:00+00:00,KXLOVEISLANDUKRANK,other,16,
1268,KXLOVEISLANDUKRANK-26AUG31R2-ANLO,0.0,2026-07-11 00:00:00+00:00,KXLOVEISLANDUKRANK,other,16,
1268,KXLOVEISLANDUKRANK-26AUG31R2-MIAI,0.0,2026-07-11 00:00:00+00:00,KXLOVEISLANDUKRANK,other,16,
1268,KXLOVEISLANDUKRANK-26AUG31R2-ANFI,0.0,2026-07-11 00:00:00+00:00,KXLOVEISLANDUKRANK,other,16,
1268,KXLOVEISLANDUKRANK-26AUG31R3-NAAI,0.0,2026-07-11 00:00:00+00:00,KXLOVEISLANDUKRANK,other,16,
1268,KXLOVEISLANDUKRANK-26AUG31R2-ANCH,0.0,2026-07-11 00:00:00+00:00,KXLOVEISLANDUKRANK,other,16,
1268,KXLOVEISLANDUKRANK-26AUG31R2-MISA,0.0,2026-07-11 00:00:00+00:00,KXLOVEISLANDUKRANK,other,16,
1268,KXLOVEISLANDUKRANK-26AUG31R2-LOGE,0.0,2026-07-11 00:00:00+00:00,KXLOVEISLANDUKRANK,other,16,
1269,KXLOVEISLANDUKRANK-26AUG31R3-LOSE,1.0,2026-07-11 00:00:00+00:00,KXLOVEISLANDUKRANK,other,16,100.0
1269,KXLOVEISLANDUKRANK-26AUG31RTOP3-MIAI,0.0,2026-07-11 00:00:00+00:00,KXLOVEISLANDUKRANK,other,16,
1269,KXLOVEISLANDUKRANK-26AUG31RTOP3-JASA,0.0,2026-07-11 00:00:00+00:00,KXLOVEISLANDUKRANK,other,16,
1269,KXLOVEISLANDUKRANK-26AUG31RTOP3-ELCH,0.0,2026-07-11 00:00:00+00:00,KXLOVEISLANDUKRANK,other,16,
1269,KXLOVEISLANDUKRANK-26AUG31RTOP3-ELLO,0.0,2026-07-11 00:00:00+00:00,KXLOVEISLANDUKRANK,other,16,
1269,KXLOVEISLANDUKRANK-26AUG31R3-TIFI,0.0,2026-07-11 00:00:00+00:00,KXLOVEISLANDUKRANK,other,16,
1269,KXLOVEISLANDUKRANK-26AUG31R3-TICH,0.0,2026-07-11 00:00:00+00:00,KXLOVEISLANDUKRANK,other,16,
1269,KXLOVEISLANDUKRANK-26AUG31R2-ROGE,0.0,2026-07-11 00:00:00+00:00,KXLOVEISLANDUKRANK,other,16,
1269,KXLOVEISLANDUKRANK-26AUG31R2-ROSE,0.0,2026-07-11 00:00:00+00:00,KXLOVEISLANDUKRANK,other,16,
1269,KXLOVEISLANDUKRANK-26AUG31R2-JALO,0.0,2026-07-11 00:00:00+00:00,KXLOVEISLANDUKRANK,other,16,
1269,KXLOVEISLANDUKRANK-26AUG31R3-ROSE,0.0,2026-07-11 00:00:00+00:00,KXLOVEISLANDUKRANK,other,16,
1270,KXLOVEISLANDUKRANK-26AUG31R3-MISA,1.0,2026-07-11 00:00:00+00:00,KXLOVEISLANDUKRANK,other,16,100.0
1270,KXLOVEISLANDUKRANK-26AUG31R3-ROSE,0.0,2026-07-11 00:00:00+00:00,KXLOVEISLANDUKRANK,other,16,
1270,KXLOVEISLANDUKRANK-26AUG31R2-JALO,0.0,2026-07-11 00:00:00+00:00,KXLOVEISLANDUKRANK,other,16,
1270,KXLOVEISLANDUKRANK-26AUG31R2-ROGE,0.0,2026-07-11 00:00:00+00:00,KXLOVEISLANDUKRANK,other,16,
1270,KXLOVEISLANDUKRANK-26AUG31R2-ROSE,0.0,2026-07-11 00:00:00+00:00,KXLOVEISLANDUKRANK,other,16,
1270,KXLOVEISLANDUKRANK-26AUG31R3-MISI,0.0,2026-07-11 00:00:00+00:00,KXLOVEISLANDUKRANK,other,16,
1270,KXLOVEISLANDUKRANK-26AUG31R2-ANOP,0.0,2026-07-11 00:00:00+00:00,KXLOVEISLANDUKRANK,other,16,
1270,KXLOVEISLANDUKRANK-26AUG31R2-ANSA,0.0,2026-07-11 00:00:00+00:00,KXLOVEISLANDUKRANK,other,16,
1270,KXLOVEISLANDUKRANK-26AUG31R2-ANSAM,0.0,2026-07-11 00:00:00+00:00,KXLOVEISLANDUKRANK,other,16,
1270,KXLOVEISLANDUKRANK-26AUG31R2-ANSE,0.0,2026-07-11 00:00:00+00:00,KXLOVEISLANDUKRANK,other,16,
1270,KXLOVEISLANDUKRANK-26AUG31R2-ELAI,0.0,2026-07-11 00:00:00+00:00,KXLOVEISLANDUKRANK,other,16,
1271,KXLOVEISLANDUKRANK-26AUG31RTOP3-LOSE,1.0,2026-07-11 00:00:00+00:00,KXLOVEISLANDUKRANK,other,17,200.0
1271,KXLOVEISLANDUKRANK-26AUG31R3-ANFI,0.0,2026-07-11 00:00:00+00:00,KXLOVEISLANDUKRANK,other,17,
1271,KXLOVEISLANDUKRANK-26AUG31RTOP3-JALO,0.0,2026-07-11 00:00:00+00:00,KXLOVEISLANDUKRANK,other,17,
1271,KXLOVEISLANDUKRANK-26AUG31R3-TICH,0.0,2026-07-11 00:00:00+00:00,KXLOVEISLANDUKRANK,other,17,
1271,KXLOVEISLANDUKRANK-26AUG31RTOP3-MIAI,0.0,2026-07-11 00:00:00+00:00,KXLOVEISLANDUKRANK,other,17,
1271,KXLOVEISLANDUKRANK-26AUG31RTOP3-JASA,0.0,2026-07-11 00:00:00+00:00,KXLOVEISLANDUKRANK,other,17,
1271,KXLOVEISLANDUKRANK-26AUG31RTOP3-ELCH,0.0,2026-07-11 00:00:00+00:00,KXLOVEISLANDUKRANK,other,17,
1271,KXLOVEISLANDUKRANK-26AUG31RTOP3-ELLO,0.0,2026-07-11 00:00:00+00:00,KXLOVEISLANDUKRANK,other,17,
1271,KXLOVEISLANDUKRANK-26AUG31R3-TIFI,0.0,2026-07-11 00:00:00+00:00,KXLOVEISLANDUKRANK,other,17,
1271,KXLOVEISLANDUKRANK-26AUG31R2-ROGE,0.0,2026-07-11 00:00:00+00:00,KXLOVEISLANDUKRANK,other,17,
1271,KXLOVEISLANDUKRANK-26AUG31R2-ROSE,0.0,2026-07-11 00:00:00+00:00,KXLOVEISLANDUKRANK,other,17,
1272,KXLOVEISLANDUKRANK-26AUG31RTOP3-MISA,1.0,2026-07-11 00:00:00+00:00,KXLOVEISLANDUKRANK,other,17,200.0
1272,KXLOVEISLANDUKRANK-26AUG31RTOP3-MIAI,0.0,2026-07-11 00:00:00+00:00,KXLOVEISLANDUKRANK,other,17,
1272,KXLOVEISLANDUKRANK-26AUG31RTOP3-JASA,0.0,2026-07-11 00:00:00+00:00,KXLOVEISLANDUKRANK,other,17,
1272,KXLOVEISLANDUKRANK-26AUG31RTOP3-ELCH,0.0,2026-07-11 00:00:00+00:00,KXLOVEISLANDUKRANK,other,17,
1272,KXLOVEISLANDUKRANK-26AUG31R3-TICH,0.0,2026-07-11 00:00:00+00:00,KXLOVEISLANDUKRANK,other,17,
1272,KXLOVEISLANDUKRANK-26AUG31RTOP3-JALO,0.0,2026-07-11 00:00:00+00:00,KXLOVEISLANDUKRANK,other,17,
1272,KXLOVEISLANDUKRANK-26AUG31RTOP3-ELLO,0.0,2026-07-11 00:00:00+00:00,KXLOVEISLANDUKRANK,other,17,
1272,KXLOVEISLANDUKRANK-26AUG31R3-TIFI,0.0,2026-07-11 00:00:00+00:00,KXLOVEISLANDUKRANK,other,17,
1272,KXLOVEISLANDUKRANK-26AUG31R2-ROGE,0.0,2026-07-11 00:00:00+00:00,KXLOVEISLANDUKRANK,other,17,
1272,KXLOVEISLANDUKRANK-26AUG31R2-ROSE,0.0,2026-07-11 00:00:00+00:00,KXLOVEISLANDUKRANK,other,17,
1272,KXLOVEISLANDUKRANK-26AUG31R2-JALO,0.0,2026-07-11 00:00:00+00:00,KXLOVEISLANDUKRANK,other,17,
1283,KXUSGASCPI-26AUG12-T320,1.0,2026-07-20 00:00:00+00:00,KXUSGASCPI,other,23,100.0
1283,KXUSGASCPI-26AUG12-T300,0.0,2026-07-20 00:00:00+00:00,KXUSGASCPI,other,23,
1283,KXUSGASCPI-26AUG12-T310,0.0,2026-07-20 00:00:00+00:00,KXUSGASCPI,other,23,
1284,KXUSGASCPI-26AUG12-T330,1.0,2026-07-20 00:00:00+00:00,KXUSGASCPI,other,23,100.0
1284,KXUSGASCPI-26AUG12-T300,0.0,2026-07-20 00:00:00+00:00,KXUSGASCPI,other,23,
1284,KXUSGASCPI-26AUG12-T310,0.0,2026-07-20 00:00:00+00:00,KXUSGASCPI,other,23,
1285,KXUSGASCPI-26AUG12-T340,1.0,2026-07-20 00:00:00+00:00,KXUSGASCPI,other,23,100.0
1285,KXUSGASCPI-26AUG12-T300,0.0,2026-07-20 00:00:00+00:00,KXUSGASCPI,other,23,
1285,KXUSGASCPI-26AUG12-T310,0.0,2026-07-20 00:00:00+00:00,KXUSGASCPI,other,23,
1286,KXUSGASCPI-26AUG12-T350,1.0,2026-07-20 00:00:00+00:00,KXUSGASCPI,other,23,100.0
1286,KXUSGASCPI-26AUG12-T300,0.0,2026-07-20 00:00:00+00:00,KXUSGASCPI,other,23,
1286,KXUSGASCPI-26AUG12-T310,0.0,2026-07-20 00:00:00+00:00,KXUSGASCPI,other,23,
1293,KXSENATEMND-26-ACRA,1.0,2026-07-30 00:00:00+00:00,KXSENATEMND,other,13,500.0
1293,KXSENATEMND-26-KELL,0.0,2026-07-30 00:00:00+00:00,KXSENATEMND,other,13,
1293,KXSENATEMND-26-IOMA,0.0,2026-07-30 00:00:00+00:00,KXSENATEMND,other,13,
1293,KXSENATEMND-26-BMCC,0.0,2026-07-30 00:00:00+00:00,KXSENATEMND,other,13,
1293,KXSENATEMND-26-MLOP,0.0,2026-07-30 00:00:00+00:00,KXSENATEMND,other,13,
1293,KXSENATEMND-26-SSIM,0.0,2026-07-30 00:00:00+00:00,KXSENATEMND,other,13,
1293,KXSENATEMND-26-JFRE,0.0,2026-07-30 00:00:00+00:00,KXSENATEMND,other,13,
1293,KXSENATEMND-26-DWEL,0.0,2026-07-30 00:00:00+00:00,KXSENATEMND,other,13,
1294,KXSENATEMND-26-PFLA,1.0,2026-07-30 00:00:00+00:00,KXSENATEMND,other,13,500.0
1294,KXSENATEMND-26-KELL,0.0,2026-07-30 00:00:00+00:00,KXSENATEMND,other,13,
1294,KXSENATEMND-26-IOMA,0.0,2026-07-30 00:00:00+00:00,KXSENATEMND,other,13,
1294,KXSENATEMND-26-BMCC,0.0,2026-07-30 00:00:00+00:00,KXSENATEMND,other,13,
1294,KXSENATEMND-26-MLOP,0.0,2026-07-30 00:00:00+00:00,KXSENATEMND,other,13,
1294,KXSENATEMND-26-SSIM,0.0,2026-07-30 00:00:00+00:00,KXSENATEMND,other,13,
1294,KXSENATEMND-26-JFRE,0.0,2026-07-30 00:00:00+00:00,KXSENATEMND,other,13,
1294,KXSENATEMND-26-DWEL,0.0,2026-07-30 00:00:00+00:00,KXSENATEMND,other,13,
1295,KXSG-26AUGMARGIN-15,1.0,2026-07-30 00:00:00+00:00,KXSG,other,7,100.0
1295,KXSG-26AUGMARGIN-20,0.0,2026-07-30 00:00:00+00:00,KXSG,other,7,
1296,KXSG-26AUGMARGIN-18,1.0,2026-07-30 00:00:00+00:00,KXSG,other,7,100.0
1296,KXSG-26AUGMARGIN-20,0.0,2026-07-30 00:00:00+00:00,KXSG,other,7,
1301,KXNOBELPEACE-26-CE,1.0,2026-08-01 00:00:00+00:00,KXNOBELPEACE,other,152,200.0
1301,KXNOBELPEACE-26-DAR,0.0,2026-08-01 00:00:00+00:00,KXNOBELPEACE,other,152,
1301,KXNOBELPEACE-26-SAM,0.0,2026-08-01 00:00:00+00:00,KXNOBELPEACE,other,152,
1301,KXNOBELPEACE-26-EUR,0.0,2026-08-01 00:00:00+00:00,KXNOBELPEACE,other,152,
1302,KXNOBELPEACE-26-DJT,1.0,2026-08-01 00:00:00+00:00,KXNOBELPEACE,other,152,200.0
1302,KXNOBELPEACE-26-DAR,0.0,2026-08-01 00:00:00+00:00,KXNOBELPEACE,other,152,
1302,KXNOBELPEACE-26-SAM,0.0,2026-08-01 00:00:00+00:00,KXNOBELPEACE,other,152,
1302,KXNOBELPEACE-26-EUR,0.0,2026-08-01 00:00:00+00:00,KXNOBELPEACE,other,152,
1303,KXNOBELPEACE-26-DOC,1.0,2026-08-01 00:00:00+00:00,KXNOBELPEACE,other,152,200.0
1303,KXNOBELPEACE-26-DAR,0.0,2026-08-01 00:00:00+00:00,KXNOBELPEACE,other,152,
1303,KXNOBELPEACE-26-SAM,0.0,2026-08-01 00:00:00+00:00,KXNOBELPEACE,other,152,
1303,KXNOBELPEACE-26-EUR,0.0,2026-08-01 00:00:00+00:00,KXNOBELPEACE,other,152,
1304,KXNOBELPEACE-26-FRA,1.0,2026-08-01 00:00:00+00:00,KXNOBELPEACE,other,152,200.0
1304,KXNOBELPEACE-26-DAR,0.0,2026-08-01 00:00:00+00:00,KXNOBELPEACE,other,152,
1304,KXNOBELPEACE-26-SAM,0.0,2026-08-01 00:00:00+00:00,KXNOBELPEACE,other,152,
1304,KXNOBELPEACE-26-EUR,0.0,2026-08-01 00:00:00+00:00,KXNOBELPEACE,other,152,
1305,KXNOBELPEACE-26-ICJ,1.0,2026-08-01 00:00:00+00:00,KXNOBELPEACE,other,152,200.0
1305,KXNOBELPEACE-26-DAR,0.0,2026-08-01 00:00:00+00:00,KXNOBELPEACE,other,152,
1305,KXNOBELPEACE-26-SAM,0.0,2026-08-01 00:00:00+00:00,KXNOBELPEACE,other,152,
1305,KXNOBELPEACE-26-EUR,0.0,2026-08-01 00:00:00+00:00,KXNOBELPEACE,other,152,
1306,KXNOBELPEACE-26-MIN,1.0,2026-08-01 00:00:00+00:00,KXNOBELPEACE,other,152,200.0
1306,KXNOBELPEACE-26-DAR,0.0,2026-08-01 00:00:00+00:00,KXNOBELPEACE,other,152,
1306,KXNOBELPEACE-26-SAM,0.0,2026-08-01 00:00:00+00:00,KXNOBELPEACE,other,152,
1306,KXNOBELPEACE-26-EUR,0.0,2026-08-01 00:00:00+00:00,KXNOBELPEACE,other,152,
1307,KXNOBELPEACE-26-NAR,1.0,2026-08-01 00:00:00+00:00,KXNOBELPEACE,other,152,200.0
1307,KXNOBELPEACE-26-DAR,0.0,2026-08-01 00:00:00+00:00,KXNOBELPEACE,other,152,
1307,KXNOBELPEACE-26-SAM,0.0,2026-08-01 00:00:00+00:00,KXNOBELPEACE,other,152,
1307,KXNOBELPEACE-26-EUR,0.0,2026-08-01 00:00:00+00:00,KXNOBELPEACE,other,152,
1308,KXNOBELPEACE-26-SUD,1.0,2026-08-01 00:00:00+00:00,KXNOBELPEACE,other,152,200.0
1308,KXNOBELPEACE-26-DAR,0.0,2026-08-01 00:00:00+00:00,KXNOBELPEACE,other,152,
1308,KXNOBELPEACE-26-SAM,0.0,2026-08-01 00:00:00+00:00,KXNOBELPEACE,other,152,
1308,KXNOBELPEACE-26-EUR,0.0,2026-08-01 00:00:00+00:00,KXNOBELPEACE,other,152,
1309,KXNOBELPEACE-26-VOL,1.0,2026-08-01 00:00:00+00:00,KXNOBELPEACE,other,152,200.0
1309,KXNOBELPEACE-26-DAR,0.0,2026-08-01 00:00:00+00:00,KXNOBELPEACE,other,152,
1309,KXNOBELPEACE-26-SAM,0.0,2026-08-01 00:00:00+00:00,KXNOBELPEACE,other,152,
1309,KXNOBELPEACE-26-EUR,0.0,2026-08-01 00:00:00+00:00,KXNOBELPEACE,other,152,
1310,KXNOBELPEACE-27-CPJ,1.0,2026-08-01 00:00:00+00:00,KXNOBELPEACE,other,153,200.0
1310,KXNOBELPEACE-26-DAR,0.0,2026-08-01 00:00:00+00:00,KXNOBELPEACE,other,153,
1310,KXNOBELPEACE-26-SAM,0.0,2026-08-01 00:00:00+00:00,KXNOBELPEACE,other,153,
1310,KXNOBELPEACE-26-EUR,0.0,2026-08-01 00:00:00+00:00,KXNOBELPEACE,other,153,
1311,KXNOBELPEACE-27-ICC,1.0,2026-08-01 00:00:00+00:00,KXNOBELPEACE,other,153,200.0
1311,KXNOBELPEACE-26-DAR,0.0,2026-08-01 00:00:00+00:00,KXNOBELPEACE,other,153,
1311,KXNOBELPEACE-26-SAM,0.0,2026-08-01 00:00:00+00:00,KXNOBELPEACE,other,153,
1311,KXNOBELPEACE-26-EUR,0.0,2026-08-01 00:00:00+00:00,KXNOBELPEACE,other,153,
1312,KXNOBELPEACE-27-MKUL,1.0,2026-08-01 00:00:00+00:00,KXNOBELPEACE,other,153,200.0
1312,KXNOBELPEACE-26-DAR,0.0,2026-08-01 00:00:00+00:00,KXNOBELPEACE,other,153,
1312,KXNOBELPEACE-26-SAM,0.0,2026-08-01 00:00:00+00:00,KXNOBELPEACE,other,153,
1312,KXNOBELPEACE-26-EUR,0.0,2026-08-01 00:00:00+00:00,KXNOBELPEACE,other,153,
1313,KXNOBELPEACE-27-PLEO,1.0,2026-08-01 00:00:00+00:00,KXNOBELPEACE,other,153,200.0
1313,KXNOBELPEACE-26-DAR,0.0,2026-08-01 00:00:00+00:00,KXNOBELPEACE,other,153,
1313,KXNOBELPEACE-26-SAM,0.0,2026-08-01 00:00:00+00:00,KXNOBELPEACE,other,153,
1313,KXNOBELPEACE-26-EUR,0.0,2026-08-01 00:00:00+00:00,KXNOBELPEACE,other,153,
1314,KXNOBELPEACE-27-SSHA,1.0,2026-08-01 00:00:00+00:00,KXNOBELPEACE,other,153,200.0
1314,KXNOBELPEACE-26-DAR,0.0,2026-08-01 00:00:00+00:00,KXNOBELPEACE,other,153,
1314,KXNOBELPEACE-26-SAM,0.0,2026-08-01 00:00:00+00:00,KXNOBELPEACE,other,153,
1314,KXNOBELPEACE-26-EUR,0.0,2026-08-01 00:00:00+00:00,KXNOBELPEACE,other,153,
1315,KXNOBELPEACE-27-STC,1.0,2026-08-01 00:00:00+00:00,KXNOBELPEACE,other,153,200.0
1315,KXNOBELPEACE-26-DAR,0.0,2026-08-01 00:00:00+00:00,KXNOBELPEACE,other,153,
1315,KXNOBELPEACE-26-SAM,0.0,2026-08-01 00:00:00+00:00,KXNOBELPEACE,other,153,
1315,KXNOBELPEACE-26-EUR,0.0,2026-08-01 00:00:00+00:00,KXNOBELPEACE,other,153,
1316,KXNOBELPEACE-27-UNRWA,1.0,2026-08-01 00:00:00+00:00,KXNOBELPEACE,other,153,200.0
1316,KXNOBELPEACE-26-DAR,0.0,2026-08-01 00:00:00+00:00,KXNOBELPEACE,other,153,
1316,KXNOBELPEACE-26-SAM,0.0,2026-08-01 00:00:00+00:00,KXNOBELPEACE,other,153,
1316,KXNOBELPEACE-26-EUR,0.0,2026-08-01 00:00:00+00:00,KXNOBELPEACE,other,153,
1317,KXNOBELPEACE-27-YNAV,1.0,2026-08-01 00:00:00+00:00,KXNOBELPEACE,other,153,200.0
1317,KXNOBELPEACE-26-DAR,0.0,2026-08-01 00:00:00+00:00,KXNOBELPEACE,other,153,
1317,KXNOBELPEACE-26-SAM,0.0,2026-08-01 00:00:00+00:00,KXNOBELPEACE,other,153,
1317,KXNOBELPEACE-26-EUR,0.0,2026-08-01 00:00:00+00:00,KXNOBELPEACE,other,153,
1318,KXCRYPTOSTRUCTURE-26JAN-27APR,1.0,2026-08-07 00:00:00+00:00,KXCRYPTOSTRUCTURE,other,237,100.0
1318,KXCRYPTOSTRUCTURE-26JAN-SEP,0.0,2026-08-07 00:00:00+00:00,KXCRYPTOSTRUCTURE,other,237,
1319,KXCRYPTOSTRUCTURE-26JAN-DEC,1.0,2026-08-07 00:00:00+00:00,KXCRYPTOSTRUCTURE,other,116,100.0
1319,KXCRYPTOSTRUCTURE-26JAN-SEP,0.0,2026-08-07 00:00:00+00:00,KXCRYPTOSTRUCTURE,other,116,
1320,KXCRYPTOSTRUCTURE-26JAN-NOV,1.0,2026-08-07 00:00:00+00:00,KXCRYPTOSTRUCTURE,other,86,100.0
1320,KXCRYPTOSTRUCTURE-26JAN-SEP,0.0,2026-08-07 00:00:00+00:00,KXCRYPTOSTRUCTURE,other,86,
1321,KXCRYPTOSTRUCTURE-26JAN-OCT,1.0,2026-08-07 00:00:00+00:00,KXCRYPTOSTRUCTURE,other,55,100.0
1321,KXCRYPTOSTRUCTURE-26JAN-SEP,0.0,2026-08-07 00:00:00+00:00,KXCRYPTOSTRUCTURE,other,55,
1322,KXCRYPTOSTRUCTURE-27JAN-27JUL,1.0,2026-08-07 00:00:00+00:00,KXCRYPTOSTRUCTURE,other,328,100.0
1322,KXCRYPTOSTRUCTURE-26JAN-SEP,0.0,2026-08-07 00:00:00+00:00,KXCRYPTOSTRUCTURE,other,328,
1323,KXCRYPTOSTRUCTURE-27JAN-27OCT01,1.0,2026-08-07 00:00:00+00:00,KXCRYPTOSTRUCTURE,other,420,100.0
1323,KXCRYPTOSTRUCTURE-26JAN-SEP,0.0,2026-08-07 00:00:00+00:00,KXCRYPTOSTRUCTURE,other,420,
1324,KXCRYPTOSTRUCTURE-27JAN-28,1.0,2026-08-07 00:00:00+00:00,KXCRYPTOSTRUCTURE,other,512,100.0
1324,KXCRYPTOSTRUCTURE-26JAN-SEP,0.0,2026-08-07 00:00:00+00:00,KXCRYPTOSTRUCTURE,other,512,
1325,KXUE-AUS26JUL-4.0,1.0,2026-08-07 00:00:00+00:00,KXUE,other,13,100.0
1325,KXUE-MEX26JUL-2.2,0.0,2026-08-07 00:00:00+00:00,KXUE,other,13,
1325,KXUE-MEX26JUL-2.3,0.0,2026-08-07 00:00:00+00:00,KXUE,other,13,
1325,KXUE-MEX26JUL-2.4,0.0,2026-08-07 00:00:00+00:00,KXUE,other,13,
1325,KXUE-MEX26JUL-2.5,0.0,2026-08-07 00:00:00+00:00,KXUE,other,13,
1325,KXUE-MEX26JUL-2.6,0.0,2026-08-07 00:00:00+00:00,KXUE,other,13,
1325,KXUE-MEX26JUL-2.7,0.0,2026-08-07 00:00:00+00:00,KXUE,other,13,
1325,KXUE-MEX26JUL-2.8,0.0,2026-08-07 00:00:00+00:00,KXUE,other,13,
1325,KXUE-MEX26JUL-2.9,0.0,2026-08-07 00:00:00+00:00,KXUE,other,13,
1325,KXUE-MEX26JUL-3.0,0.0,2026-08-07 00:00:00+00:00,KXUE,other,13,
1325,KXUE-CHN26JUL-5.4,0.0,2026-08-07 00:00:00+00:00,KXUE,other,13,
1326,KXUE-AUS26JUL-4.1,1.0,2026-08-07 00:00:00+00:00,KXUE,other,13,100.0
1326,KXUE-MEX26JUL-2.2,0.0,2026-08-07 00:00:00+00:00,KXUE,other,13,
1326,KXUE-MEX26JUL-2.3,0.0,2026-08-07 00:00:00+00:00,KXUE,other,13,
1326,KXUE-MEX26JUL-2.4,0.0,2026-08-07 00:00:00+00:00,KXUE,other,13,
1326,KXUE-MEX26JUL-2.5,0.0,2026-08-07 00:00:00+00:00,KXUE,other,13,
1326,KXUE-MEX26JUL-2.6,0.0,2026-08-07 00:00:00+00:00,KXUE,other,13,
1326,KXUE-MEX26JUL-2.7,0.0,2026-08-07 00:00:00+00:00,KXUE,other,13,
1326,KXUE-MEX26JUL-2.8,0.0,2026-08-07 00:00:00+00:00,KXUE,other,13,
1326,KXUE-MEX26JUL-2.9,0.0,2026-08-07 00:00:00+00:00,KXUE,other,13,
1326,KXUE-MEX26JUL-3.0,0.0,2026-08-07 00:00:00+00:00,KXUE,other,13,
1326,KXUE-CHN26JUL-5.4,0.0,2026-08-07 00:00:00+00:00,KXUE,other,13,
1327,KXUE-AUS26JUL-4.2,1.0,2026-08-07 00:00:00+00:00,KXUE,other,13,100.0
1327,KXUE-MEX26JUL-2.2,0.0,2026-08-07 00:00:00+00:00,KXUE,other,13,
1327,KXUE-MEX26JUL-2.3,0.0,2026-08-07 00:00:00+00:00,KXUE,other,13,
1327,KXUE-MEX26JUL-2.4,0.0,2026-08-07 00:00:00+00:00,KXUE,other,13,
1327,KXUE-MEX26JUL-2.5,0.0,2026-08-07 00:00:00+00:00,KXUE,other,13,
1327,KXUE-MEX26JUL-2.6,0.0,2026-08-07 00:00:00+00:00,KXUE,other,13,
1327,KXUE-MEX26JUL-2.7,0.0,2026-08-07 00:00:00+00:00,KXUE,other,13,
1327,KXUE-MEX26JUL-2.8,0.0,2026-08-07 00:00:00+00:00,KXUE,other,13,
1327,KXUE-MEX26JUL-2.9,0.0,2026-08-07 00:00:00+00:00,KXUE,other,13,
1327,KXUE-MEX26JUL-3.0,0.0,2026-08-07 00:00:00+00:00,KXUE,other,13,
1327,KXUE-CHN26JUL-5.4,0.0,2026-08-07 00:00:00+00:00,KXUE,other,13,
1328,KXUE-AUS26JUL-4.3,1.0,2026-08-07 00:00:00+00:00,KXUE,other,13,100.0
1328,KXUE-MEX26JUL-2.2,0.0,2026-08-07 00:00:00+00:00,KXUE,other,13,
1328,KXUE-MEX26JUL-2.3,0.0,2026-08-07 00:00:00+00:00,KXUE,other,13,
1328,KXUE-MEX26JUL-2.4,0.0,2026-08-07 00:00:00+00:00,KXUE,other,13,
1328,KXUE-MEX26JUL-2.5,0.0,2026-08-07 00:00:00+00:00,KXUE,other,13,
1328,KXUE-MEX26JUL-2.6,0.0,2026-08-07 00:00:00+00:00,KXUE,other,13,
1328,KXUE-MEX26JUL-2.7,0.0,2026-08-07 00:00:00+00:00,KXUE,other,13,
1328,KXUE-MEX26JUL-2.8,0.0,2026-08-07 00:00:00+00:00,KXUE,other,13,
1328,KXUE-MEX26JUL-2.9,0.0,2026-08-07 00:00:00+00:00,KXUE,other,13,
1328,KXUE-MEX26JUL-3.0,0.0,2026-08-07 00:00:00+00:00,KXUE,other,13,
1328,KXUE-CHN26JUL-5.4,0.0,2026-08-07 00:00:00+00:00,KXUE,other,13,
1329,KXUE-AUS26JUL-4.4,1.0,2026-08-07 00:00:00+00:00,KXUE,other,13,100.0
1329,KXUE-MEX26JUL-2.2,0.0,2026-08-07 00:00:00+00:00,KXUE,other,13,
1329,KXUE-MEX26JUL-2.3,0.0,2026-08-07 00:00:00+00:00,KXUE,other,13,
1329,KXUE-MEX26JUL-2.4,0.0,2026-08-07 00:00:00+00:00,KXUE,other,13,
1329,KXUE-MEX26JUL-2.5,0.0,2026-08-07 00:00:00+00:00,KXUE,other,13,
1329,KXUE-MEX26JUL-2.6,0.0,2026-08-07 00:00:00+00:00,KXUE,other,13,
1329,KXUE-MEX26JUL-2.7,0.0,2026-08-07 00:00:00+00:00,KXUE,other,13,
1329,KXUE-MEX26JUL-2.8,0.0,2026-08-07 00:00:00+00:00,KXUE,other,13,
1329,KXUE-MEX26JUL-2.9,0.0,2026-08-07 00:00:00+00:00,KXUE,other,13,
1329,KXUE-MEX26JUL-3.0,0.0,2026-08-07 00:00:00+00:00,KXUE,other,13,
1329,KXUE-CHN26JUL-5.4,0.0,2026-08-07 00:00:00+00:00,KXUE,other,13,
1330,KXUE-AUS26JUL-4.5,1.0,2026-08-07 00:00:00+00:00,KXUE,other,13,100.0
1330,KXUE-MEX26JUL-2.2,0.0,2026-08-07 00:00:00+00:00,KXUE,other,13,
1330,KXUE-MEX26JUL-2.3,0.0,2026-08-07 00:00:00+00:00,KXUE,other,13,
1330,KXUE-MEX26JUL-2.4,0.0,2026-08-07 00:00:00+00:00,KXUE,other,13,
1330,KXUE-MEX26JUL-2.5,0.0,2026-08-07 00:00:00+00:00,KXUE,other,13,
1330,KXUE-MEX26JUL-2.6,0.0,2026-08-07 00:00:00+00:00,KXUE,other,13,
1330,KXUE-MEX26JUL-2.7,0.0,2026-08-07 00:00:00+00:00,KXUE,other,13,
1330,KXUE-MEX26JUL-2.8,0.0,2026-08-07 00:00:00+00:00,KXUE,other,13,
1330,KXUE-MEX26JUL-2.9,0.0,2026-08-07 00:00:00+00:00,KXUE,other,13,
1330,KXUE-MEX26JUL-3.0,0.0,2026-08-07 00:00:00+00:00,KXUE,other,13,
1330,KXUE-CHN26JUL-5.4,0.0,2026-08-07 00:00:00+00:00,KXUE,other,13,
1331,KXUE-AUS26JUL-4.6,1.0,2026-08-07 00:00:00+00:00,KXUE,other,13,100.0
1331,KXUE-MEX26JUL-2.2,0.0,2026-08-07 00:00:00+00:00,KXUE,other,13,
1331,KXUE-MEX26JUL-2.3,0.0,2026-08-07 00:00:00+00:00,KXUE,other,13,
1331,KXUE-MEX26JUL-2.4,0.0,2026-08-07 00:00:00+00:00,KXUE,other,13,
1331,KXUE-MEX26JUL-2.5,0.0,2026-08-07 00:00:00+00:00,KXUE,other,13,
1331,KXUE-MEX26JUL-2.6,0.0,2026-08-07 00:00:00+00:00,KXUE,other,13,
1331,KXUE-MEX26JUL-2.7,0.0,2026-08-07 00:00:00+00:00,KXUE,other,13,
1331,KXUE-MEX26JUL-2.8,0.0,2026-08-07 00:00:00+00:00,KXUE,other,13,
1331,KXUE-MEX26JUL-2.9,0.0,2026-08-07 00:00:00+00:00,KXUE,other,13,
1331,KXUE-MEX26JUL-3.0,0.0,2026-08-07 00:00:00+00:00,KXUE,other,13,
1331,KXUE-CHN26JUL-5.4,0.0,2026-08-07 00:00:00+00:00,KXUE,other,13,
1332,KXUE-AUS26JUL-4.7,1.0,2026-08-07 00:00:00+00:00,KXUE,other,13,100.0
1332,KXUE-MEX26JUL-2.2,0.0,2026-08-07 00:00:00+00:00,KXUE,other,13,
1332,KXUE-MEX26JUL-2.3,0.0,2026-08-07 00:00:00+00:00,KXUE,other,13,
1332,KXUE-MEX26JUL-2.4,0.0,2026-08-07 00:00:00+00:00,KXUE,other,13,
1332,KXUE-MEX26JUL-2.5,0.0,2026-08-07 00:00:00+00:00,KXUE,other,13,
1332,KXUE-MEX26JUL-2.6,0.0,2026-08-07 00:00:00+00:00,KXUE,other,13,
1332,KXUE-MEX26JUL-2.7,0.0,2026-08-07 00:00:00+00:00,KXUE,other,13,
1332,KXUE-MEX26JUL-2.8,0.0,2026-08-07 00:00:00+00:00,KXUE,other,13,
1332,KXUE-MEX26JUL-2.9,0.0,2026-08-07 00:00:00+00:00,KXUE,other,13,
1332,KXUE-MEX26JUL-3.0,0.0,2026-08-07 00:00:00+00:00,KXUE,other,13,
1332,KXUE-CHN26JUL-5.4,0.0,2026-08-07 00:00:00+00:00,KXUE,other,13,
1333,KXUE-AUS26JUL-4.8,1.0,2026-08-07 00:00:00+00:00,KXUE,other,13,100.0
1333,KXUE-MEX26JUL-2.2,0.0,2026-08-07 00:00:00+00:00,KXUE,other,13,
1333,KXUE-MEX26JUL-2.3,0.0,2026-08-07 00:00:00+00:00,KXUE,other,13,
1333,KXUE-MEX26JUL-2.4,0.0,2026-08-07 00:00:00+00:00,KXUE,other,13,
1333,KXUE-MEX26JUL-2.5,0.0,2026-08-07 00:00:00+00:00,KXUE,other,13,
1333,KXUE-MEX26JUL-2.6,0.0,2026-08-07 00:00:00+00:00,KXUE,other,13,
1333,KXUE-MEX26JUL-2.7,0.0,2026-08-07 00:00:00+00:00,KXUE,other,13,
1333,KXUE-MEX26JUL-2.8,0.0,2026-08-07 00:00:00+00:00,KXUE,other,13,
1333,KXUE-MEX26JUL-2.9,0.0,2026-08-07 00:00:00+00:00,KXUE,other,13,
1333,KXUE-MEX26JUL-3.0,0.0,2026-08-07 00:00:00+00:00,KXUE,other,13,
1333,KXUE-CHN26JUL-5.4,0.0,2026-08-07 00:00:00+00:00,KXUE,other,13,
1334,KXUE-AUS26JUL-4.9,1.0,2026-08-07 00:00:00+00:00,KXUE,other,13,100.0
1334,KXUE-MEX26JUL-2.2,0.0,2026-08-07 00:00:00+00:00,KXUE,other,13,
1334,KXUE-MEX26JUL-2.3,0.0,2026-08-07 00:00:00+00:00,KXUE,other,13,
1334,KXUE-MEX26JUL-2.4,0.0,2026-08-07 00:00:00+00:00,KXUE,other,13,
1334,KXUE-MEX26JUL-2.5,0.0,2026-08-07 00:00:00+00:00,KXUE,other,13,
1334,KXUE-MEX26JUL-2.6,0.0,2026-08-07 00:00:00+00:00,KXUE,other,13,
1334,KXUE-MEX26JUL-2.7,0.0,2026-08-07 00:00:00+00:00,KXUE,other,13,
1334,KXUE-MEX26JUL-2.8,0.0,2026-08-07 00:00:00+00:00,KXUE,other,13,
1334,KXUE-MEX26JUL-2.9,0.0,2026-08-07 00:00:00+00:00,KXUE,other,13,
1334,KXUE-MEX26JUL-3.0,0.0,2026-08-07 00:00:00+00:00,KXUE,other,13,
1334,KXUE-CHN26JUL-5.4,0.0,2026-08-07 00:00:00+00:00,KXUE,other,13,
1335,KXROLEATEVENTCOACHELLA-27DEC31-21S,1.0,2026-08-11 00:00:00+00:00,KXROLEATEVENTCOACHELLA,other,507,50.0
1335,KXROLEATEVENTCOACHELLA-27DEC31-RUA,0.0,2026-08-11 00:00:00+00:00,KXROLEATEVENTCOACHELLA,other,507,
1336,KXROLEATEVENTCOACHELLA-27DEC31-2CH,1.0,2026-08-11 00:00:00+00:00,KXROLEATEVENTCOACHELLA,other,507,50.0
1336,KXROLEATEVENTCOACHELLA-27DEC31-RUA,0.0,2026-08-11 00:00:00+00:00,KXROLEATEVENTCOACHELLA,other,507,
1337,KXROLEATEVENTCOACHELLA-27DEC31-ADD,1.0,2026-08-11 00:00:00+00:00,KXROLEATEVENTCOACHELLA,other,507,50.0
1337,KXROLEATEVENTCOACHELLA-27DEC31-RUA,0.0,2026-08-11 00:00:00+00:00,KXROLEATEVENTCOACHELLA,other,507,
1338,KXROLEATEVENTCOACHELLA-27DEC31-ALE,1.0,2026-08-11 00:00:00+00:00,KXROLEATEVENTCOACHELLA,other,507,50.0
1338,KXROLEATEVENTCOACHELLA-27DEC31-RUA,0.0,2026-08-11 00:00:00+00:00,KXROLEATEVENTCOACHELLA,other,507,
1339,KXROLEATEVENTCOACHELLA-27DEC31-ANU,1.0,2026-08-11 00:00:00+00:00,KXROLEATEVENTCOACHELLA,other,507,50.0
1339,KXROLEATEVENTCOACHELLA-27DEC31-RUA,0.0,2026-08-11 00:00:00+00:00,KXROLEATEVENTCOACHELLA,other,507,
1340,KXROLEATEVENTCOACHELLA-27DEC31-ARI,1.0,2026-08-11 00:00:00+00:00,KXROLEATEVENTCOACHELLA,other,507,50.0
1340,KXROLEATEVENTCOACHELLA-27DEC31-RUA,0.0,2026-08-11 00:00:00+00:00,KXROLEATEVENTCOACHELLA,other,507,
1341,KXROLEATEVENTCOACHELLA-27DEC31-BAB,1.0,2026-08-11 00:00:00+00:00,KXROLEATEVENTCOACHELLA,other,507,50.0
1341,KXROLEATEVENTCOACHELLA-27DEC31-RUA,0.0,2026-08-11 00:00:00+00:00,KXROLEATEVENTCOACHELLA,other,507,
1342,KXROLEATEVENTCOACHELLA-27DEC31-BAD,1.0,2026-08-11 00:00:00+00:00,KXROLEATEVENTCOACHELLA,other,507,50.0
1342,KXROLEATEVENTCOACHELLA-27DEC31-RUA,0.0,2026-08-11 00:00:00+00:00,KXROLEATEVENTCOACHELLA,other,507,
1343,KXROLEATEVENTCOACHELLA-27DEC31-BEB,1.0,2026-08-11 00:00:00+00:00,KXROLEATEVENTCOACHELLA,other,507,50.0
1343,KXROLEATEVENTCOACHELLA-27DEC31-RUA,0.0,2026-08-11 00:00:00+00:00,KXROLEATEVENTCOACHELLA,other,507,
1344,KXROLEATEVENTCOACHELLA-27DEC31-BEN,1.0,2026-08-11 00:00:00+00:00,KXROLEATEVENTCOACHELLA,other,507,50.0
1344,KXROLEATEVENTCOACHELLA-27DEC31-RUA,0.0,2026-08-11 00:00:00+00:00,KXROLEATEVENTCOACHELLA,other,507,
1345,KXROLEATEVENTCOACHELLA-27DEC31-BEY,1.0,2026-08-11 00:00:00+00:00,KXROLEATEVENTCOACHELLA,other,507,50.0
1345,KXROLEATEVENTCOACHELLA-27DEC31-RUA,0.0,2026-08-11 00:00:00+00:00,KXROLEATEVENTCOACHELLA,other,507,
1346,KXROLEATEVENTCOACHELLA-27DEC31-BIG,1.0,2026-08-11 00:00:00+00:00,KXROLEATEVENTCOACHELLA,other,507,50.0
1346,KXROLEATEVENTCOACHELLA-27DEC31-RUA,0.0,2026-08-11 00:00:00+00:00,KXROLEATEVENTCOACHELLA,other,507,
1347,KXROLEATEVENTCOACHELLA-27DEC31-BIL,1.0,2026-08-11 00:00:00+00:00,KXROLEATEVENTCOACHELLA,other,507,50.0
1347,KXROLEATEVENTCOACHELLA-27DEC31-RUA,0.0,2026-08-11 00:00:00+00:00,KXROLEATEVENTCOACHELLA,other,507,
1348,KXROLEATEVENTCOACHELLA-27DEC31-BLA,1.0,2026-08-11 00:00:00+00:00,KXROLEATEVENTCOACHELLA,other,507,50.0
1348,KXROLEATEVENTCOACHELLA-27DEC31-RUA,0.0,2026-08-11 00:00:00+00:00,KXROLEATEVENTCOACHELLA,other,507,
1349,KXROLEATEVENTCOACHELLA-27DEC31-BRU,1.0,2026-08-11 00:00:00+00:00,KXROLEATEVENTCOACHELLA,other,507,50.0
1349,KXROLEATEVENTCOACHELLA-27DEC31-RUA,0.0,2026-08-11 00:00:00+00:00,KXROLEATEVENTCOACHELLA,other,507,
1350,KXROLEATEVENTCOACHELLA-27DEC31-BRY,1.0,2026-08-11 00:00:00+00:00,KXROLEATEVENTCOACHELLA,other,507,50.0
1350,KXROLEATEVENTCOACHELLA-27DEC31-RUA,0.0,2026-08-11 00:00:00+00:00,KXROLEATEVENTCOACHELLA,other,507,
1351,KXROLEATEVENTCOACHELLA-27DEC31-BTS,1.0,2026-08-11 00:00:00+00:00,KXROLEATEVENTCOACHELLA,other,507,50.0
1351,KXROLEATEVENTCOACHELLA-27DEC31-RUA,0.0,2026-08-11 00:00:00+00:00,KXROLEATEVENTCOACHELLA,other,507,
1352,KXROLEATEVENTCOACHELLA-27DEC31-CAL,1.0,2026-08-11 00:00:00+00:00,KXROLEATEVENTCOACHELLA,other,507,50.0
1352,KXROLEATEVENTCOACHELLA-27DEC31-RUA,0.0,2026-08-11 00:00:00+00:00,KXROLEATEVENTCOACHELLA,other,507,
1353,KXROLEATEVENTCOACHELLA-27DEC31-CAM,1.0,2026-08-11 00:00:00+00:00,KXROLEATEVENTCOACHELLA,other,507,50.0
1353,KXROLEATEVENTCOACHELLA-27DEC31-RUA,0.0,2026-08-11 00:00:00+00:00,KXROLEATEVENTCOACHELLA,other,507,
1354,KXROLEATEVENTCOACHELLA-27DEC31-CHA,1.0,2026-08-11 00:00:00+00:00,KXROLEATEVENTCOACHELLA,other,507,50.0
1354,KXROLEATEVENTCOACHELLA-27DEC31-RUA,0.0,2026-08-11 00:00:00+00:00,KXROLEATEVENTCOACHELLA,other,507,
1355,KXROLEATEVENTCOACHELLA-27DEC31-CHAP,1.0,2026-08-11 00:00:00+00:00,KXROLEATEVENTCOACHELLA,other,507,50.0
1355,KXROLEATEVENTCOACHELLA-27DEC31-RUA,0.0,2026-08-11 00:00:00+00:00,KXROLEATEVENTCOACHELLA,other,507,
1356,KXROLEATEVENTCOACHELLA-27DEC31-CHI,1.0,2026-08-11 00:00:00+00:00,KXROLEATEVENTCOACHELLA,other,507,50.0
1356,KXROLEATEVENTCOACHELLA-27DEC31-RUA,0.0,2026-08-11 00:00:00+00:00,KXROLEATEVENTCOACHELLA,other,507,
1357,KXROLEATEVENTCOACHELLA-27DEC31-CHR,1.0,2026-08-11 00:00:00+00:00,KXROLEATEVENTCOACHELLA,other,507,50.0
1357,KXROLEATEVENTCOACHELLA-27DEC31-RUA,0.0,2026-08-11 00:00:00+00:00,KXROLEATEVENTCOACHELLA,other,507,
1358,KXROLEATEVENTCOACHELLA-27DEC31-COL,1.0,2026-08-11 00:00:00+00:00,KXROLEATEVENTCOACHELLA,other,507,50.0
1358,KXROLEATEVENTCOACHELLA-27DEC31-RUA,0.0,2026-08-11 00:00:00+00:00,KXROLEATEVENTCOACHELLA,other,507,
1359,KXROLEATEVENTCOACHELLA-27DEC31-CUA,1.0,2026-08-11 00:00:00+00:00,KXROLEATEVENTCOACHELLA,other,507,50.0
1359,KXROLEATEVENTCOACHELLA-27DEC31-RUA,0.0,2026-08-11 00:00:00+00:00,KXROLEATEVENTCOACHELLA,other,507,
1360,KXROLEATEVENTCOACHELLA-27DEC31-DAF,1.0,2026-08-11 00:00:00+00:00,KXROLEATEVENTCOACHELLA,other,507,50.0
1360,KXROLEATEVENTCOACHELLA-27DEC31-RUA,0.0,2026-08-11 00:00:00+00:00,KXROLEATEVENTCOACHELLA,other,507,
1361,KXROLEATEVENTCOACHELLA-27DEC31-DAN,1.0,2026-08-11 00:00:00+00:00,KXROLEATEVENTCOACHELLA,other,507,50.0
1361,KXROLEATEVENTCOACHELLA-27DEC31-RUA,0.0,2026-08-11 00:00:00+00:00,KXROLEATEVENTCOACHELLA,other,507,
1362,KXROLEATEVENTCOACHELLA-27DEC31-DAV,1.0,2026-08-11 00:00:00+00:00,KXROLEATEVENTCOACHELLA,other,507,50.0
1362,KXROLEATEVENTCOACHELLA-27DEC31-RUA,0.0,2026-08-11 00:00:00+00:00,KXROLEATEVENTCOACHELLA,other,507,
1363,KXROLEATEVENTCOACHELLA-27DEC31-DOE,1.0,2026-08-11 00:00:00+00:00,KXROLEATEVENTCOACHELLA,other,507,50.0
1363,KXROLEATEVENTCOACHELLA-27DEC31-RUA,0.0,2026-08-11 00:00:00+00:00,KXROLEATEVENTCOACHELLA,other,507,
1364,KXROLEATEVENTCOACHELLA-27DEC31-DOJ,1.0,2026-08-11 00:00:00+00:00,KXROLEATEVENTCOACHELLA,other,507,50.0
1364,KXROLEATEVENTCOACHELLA-27DEC31-RUA,0.0,2026-08-11 00:00:00+00:00,KXROLEATEVENTCOACHELLA,other,507,
1365,KXROLEATEVENTCOACHELLA-27DEC31-DON,1.0,2026-08-11 00:00:00+00:00,KXROLEATEVENTCOACHELLA,other,507,50.0
1365,KXROLEATEVENTCOACHELLA-27DEC31-RUA,0.0,2026-08-11 00:00:00+00:00,KXROLEATEVENTCOACHELLA,other,507,
1366,KXROLEATEVENTCOACHELLA-27DEC31-DRA,1.0,2026-08-11 00:00:00+00:00,KXROLEATEVENTCOACHELLA,other,507,50.0
1366,KXROLEATEVENTCOACHELLA-27DEC31-RUA,0.0,2026-08-11 00:00:00+00:00,KXROLEATEVENTCOACHELLA,other,507,
1367,KXROLEATEVENTCOACHELLA-27DEC31-ED,1.0,2026-08-11 00:00:00+00:00,KXROLEATEVENTCOACHELLA,other,507,50.0
1367,KXROLEATEVENTCOACHELLA-27DEC31-RUA,0.0,2026-08-11 00:00:00+00:00,KXROLEATEVENTCOACHELLA,other,507,
1368,KXROLEATEVENTCOACHELLA-27DEC31-ELL,1.0,2026-08-11 00:00:00+00:00,KXROLEATEVENTCOACHELLA,other,507,50.0
1368,KXROLEATEVENTCOACHELLA-27DEC31-RUA,0.0,2026-08-11 00:00:00+00:00,KXROLEATEVENTCOACHELLA,other,507,
1369,KXROLEATEVENTCOACHELLA-27DEC31-EMI,1.0,2026-08-11 00:00:00+00:00,KXROLEATEVENTCOACHELLA,other,507,50.0
1369,KXROLEATEVENTCOACHELLA-27DEC31-RUA,0.0,2026-08-11 00:00:00+00:00,KXROLEATEVENTCOACHELLA,other,507,
1370,KXROLEATEVENTCOACHELLA-27DEC31-FAL,1.0,2026-08-11 00:00:00+00:00,KXROLEATEVENTCOACHELLA,other,507,50.0
1370,KXROLEATEVENTCOACHELLA-27DEC31-RUA,0.0,2026-08-11 00:00:00+00:00,KXROLEATEVENTCOACHELLA,other,507,
1371,KXROLEATEVENTCOACHELLA-27DEC31-FRA,1.0,2026-08-11 00:00:00+00:00,KXROLEATEVENTCOACHELLA,other,507,50.0
1371,KXROLEATEVENTCOACHELLA-27DEC31-RUA,0.0,2026-08-11 00:00:00+00:00,KXROLEATEVENTCOACHELLA,other,507,
1372,KXROLEATEVENTCOACHELLA-27DEC31-FRE,1.0,2026-08-11 00:00:00+00:00,KXROLEATEVENTCOACHELLA,other,507,50.0
1372,KXROLEATEVENTCOACHELLA-27DEC31-RUA,0.0,2026-08-11 00:00:00+00:00,KXROLEATEVENTCOACHELLA,other,507,
1373,KXROLEATEVENTCOACHELLA-27DEC31-FUT,1.0,2026-08-11 00:00:00+00:00,KXROLEATEVENTCOACHELLA,other,507,50.0
1373,KXROLEATEVENTCOACHELLA-27DEC31-RUA,0.0,2026-08-11 00:00:00+00:00,KXROLEATEVENTCOACHELLA,other,507,
1374,KXROLEATEVENTCOACHELLA-27DEC31-GRA,1.0,2026-08-11 00:00:00+00:00,KXROLEATEVENTCOACHELLA,other,507,50.0
1374,KXROLEATEVENTCOACHELLA-27DEC31-RUA,0.0,2026-08-11 00:00:00+00:00,KXROLEATEVENTCOACHELLA,other,507,
1375,KXROLEATEVENTCOACHELLA-27DEC31-ICE,1.0,2026-08-11 00:00:00+00:00,KXROLEATEVENTCOACHELLA,other,507,50.0
1375,KXROLEATEVENTCOACHELLA-27DEC31-RUA,0.0,2026-08-11 00:00:00+00:00,KXROLEATEVENTCOACHELLA,other,507,
1376,KXROLEATEVENTCOACHELLA-27DEC31-JAS,1.0,2026-08-11 00:00:00+00:00,KXROLEATEVENTCOACHELLA,other,507,50.0
1376,KXROLEATEVENTCOACHELLA-27DEC31-RUA,0.0,2026-08-11 00:00:00+00:00,KXROLEATEVENTCOACHELLA,other,507,
1377,KXROLEATEVENTCOACHELLA-27DEC31-JBA,1.0,2026-08-11 00:00:00+00:00,KXROLEATEVENTCOACHELLA,other,507,50.0
1377,KXROLEATEVENTCOACHELLA-27DEC31-RUA,0.0,2026-08-11 00:00:00+00:00,KXROLEATEVENTCOACHELLA,other,507,
1378,KXROLEATEVENTCOACHELLA-27DEC31-JCO,1.0,2026-08-11 00:00:00+00:00,KXROLEATEVENTCOACHELLA,other,507,50.0
1378,KXROLEATEVENTCOACHELLA-27DEC31-RUA,0.0,2026-08-11 00:00:00+00:00,KXROLEATEVENTCOACHELLA,other,507,
1379,KXROLEATEVENTCOACHELLA-27DEC31-JOH,1.0,2026-08-11 00:00:00+00:00,KXROLEATEVENTCOACHELLA,other,507,50.0
1379,KXROLEATEVENTCOACHELLA-27DEC31-RUA,0.0,2026-08-11 00:00:00+00:00,KXROLEATEVENTCOACHELLA,other,507,
1380,KXROLEATEVENTCOACHELLA-27DEC31-JOJ,1.0,2026-08-11 00:00:00+00:00,KXROLEATEVENTCOACHELLA,other,507,50.0
1380,KXROLEATEVENTCOACHELLA-27DEC31-RUA,0.0,2026-08-11 00:00:00+00:00,KXROLEATEVENTCOACHELLA,other,507,
1381,KXROLEATEVENTCOACHELLA-27DEC31-JUS,1.0,2026-08-11 00:00:00+00:00,KXROLEATEVENTCOACHELLA,other,507,50.0
1381,KXROLEATEVENTCOACHELLA-27DEC31-RUA,0.0,2026-08-11 00:00:00+00:00,KXROLEATEVENTCOACHELLA,other,507,
1382,KXROLEATEVENTCOACHELLA-27DEC31-KAL,1.0,2026-08-11 00:00:00+00:00,KXROLEATEVENTCOACHELLA,other,507,50.0
1382,KXROLEATEVENTCOACHELLA-27DEC31-RUA,0.0,2026-08-11 00:00:00+00:00,KXROLEATEVENTCOACHELLA,other,507,
1383,KXROLEATEVENTCOACHELLA-27DEC31-KAN,1.0,2026-08-11 00:00:00+00:00,KXROLEATEVENTCOACHELLA,other,507,50.0
1383,KXROLEATEVENTCOACHELLA-27DEC31-RUA,0.0,2026-08-11 00:00:00+00:00,KXROLEATEVENTCOACHELLA,other,507,
1384,KXROLEATEVENTCOACHELLA-27DEC31-KAR,1.0,2026-08-11 00:00:00+00:00,KXROLEATEVENTCOACHELLA,other,507,50.0
1384,KXROLEATEVENTCOACHELLA-27DEC31-RUA,0.0,2026-08-11 00:00:00+00:00,KXROLEATEVENTCOACHELLA,other,507,
1385,KXROLEATEVENTCOACHELLA-27DEC31-KAT,1.0,2026-08-11 00:00:00+00:00,KXROLEATEVENTCOACHELLA,other,507,50.0
1385,KXROLEATEVENTCOACHELLA-27DEC31-RUA,0.0,2026-08-11 00:00:00+00:00,KXROLEATEVENTCOACHELLA,other,507,
1386,KXROLEATEVENTCOACHELLA-27DEC31-KEN,1.0,2026-08-11 00:00:00+00:00,KXROLEATEVENTCOACHELLA,other,507,50.0
1386,KXROLEATEVENTCOACHELLA-27DEC31-RUA,0.0,2026-08-11 00:00:00+00:00,KXROLEATEVENTCOACHELLA,other,507,
1387,KXROLEATEVENTCOACHELLA-27DEC31-KHA,1.0,2026-08-11 00:00:00+00:00,KXROLEATEVENTCOACHELLA,other,507,50.0
1387,KXROLEATEVENTCOACHELLA-27DEC31-RUA,0.0,2026-08-11 00:00:00+00:00,KXROLEATEVENTCOACHELLA,other,507,
1388,KXROLEATEVENTCOACHELLA-27DEC31-KID,1.0,2026-08-11 00:00:00+00:00,KXROLEATEVENTCOACHELLA,other,507,50.0
1388,KXROLEATEVENTCOACHELLA-27DEC31-RUA,0.0,2026-08-11 00:00:00+00:00,KXROLEATEVENTCOACHELLA,other,507,
1389,KXROLEATEVENTCOACHELLA-27DEC31-KIDC,1.0,2026-08-11 00:00:00+00:00,KXROLEATEVENTCOACHELLA,other,507,50.0
1389,KXROLEATEVENTCOACHELLA-27DEC31-RUA,0.0,2026-08-11 00:00:00+00:00,KXROLEATEVENTCOACHELLA,other,507,
1390,KXROLEATEVENTCOACHELLA-27DEC31-KOD,1.0,2026-08-11 00:00:00+00:00,KXROLEATEVENTCOACHELLA,other,507,50.0
1390,KXROLEATEVENTCOACHELLA-27DEC31-RUA,0.0,2026-08-11 00:00:00+00:00,KXROLEATEVENTCOACHELLA,other,507,
1391,KXROLEATEVENTCOACHELLA-27DEC31-LAD,1.0,2026-08-11 00:00:00+00:00,KXROLEATEVENTCOACHELLA,other,507,50.0
1391,KXROLEATEVENTCOACHELLA-27DEC31-RUA,0.0,2026-08-11 00:00:00+00:00,KXROLEATEVENTCOACHELLA,other,507,
1392,KXROLEATEVENTCOACHELLA-27DEC31-LAN,1.0,2026-08-11 00:00:00+00:00,KXROLEATEVENTCOACHELLA,other,507,50.0
1392,KXROLEATEVENTCOACHELLA-27DEC31-RUA,0.0,2026-08-11 00:00:00+00:00,KXROLEATEVENTCOACHELLA,other,507,
1393,KXROLEATEVENTCOACHELLA-27DEC31-LEO,1.0,2026-08-11 00:00:00+00:00,KXROLEATEVENTCOACHELLA,other,507,50.0
1393,KXROLEATEVENTCOACHELLA-27DEC31-RUA,0.0,2026-08-11 00:00:00+00:00,KXROLEATEVENTCOACHELLA,other,507,
1394,KXROLEATEVENTCOACHELLA-27DEC31-LEW,1.0,2026-08-11 00:00:00+00:00,KXROLEATEVENTCOACHELLA,other,507,50.0
1394,KXROLEATEVENTCOACHELLA-27DEC31-RUA,0.0,2026-08-11 00:00:00+00:00,KXROLEATEVENTCOACHELLA,other,507,
1395,KXROLEATEVENTCOACHELLA-27DEC31-LIN,1.0,2026-08-11 00:00:00+00:00,KXROLEATEVENTCOACHELLA,other,507,50.0
1395,KXROLEATEVENTCOACHELLA-27DEC31-RUA,0.0,2026-08-11 00:00:00+00:00,KXROLEATEVENTCOACHELLA,other,507,
1396,KXROLEATEVENTCOACHELLA-27DEC31-LOG,1.0,2026-08-11 00:00:00+00:00,KXROLEATEVENTCOACHELLA,other,507,50.0
1396,KXROLEATEVENTCOACHELLA-27DEC31-RUA,0.0,2026-08-11 00:00:00+00:00,KXROLEATEVENTCOACHELLA,other,507,
1397,KXROLEATEVENTCOACHELLA-27DEC31-LOL,1.0,2026-08-11 00:00:00+00:00,KXROLEATEVENTCOACHELLA,other,507,50.0
1397,KXROLEATEVENTCOACHELLA-27DEC31-RUA,0.0,2026-08-11 00:00:00+00:00,KXROLEATEVENTCOACHELLA,other,507,
1398,KXROLEATEVENTCOACHELLA-27DEC31-LUK,1.0,2026-08-11 00:00:00+00:00,KXROLEATEVENTCOACHELLA,other,507,50.0
1398,KXROLEATEVENTCOACHELLA-27DEC31-RUA,0.0,2026-08-11 00:00:00+00:00,KXROLEATEVENTCOACHELLA,other,507,
1399,KXROLEATEVENTCOACHELLA-27DEC31-MAR,1.0,2026-08-11 00:00:00+00:00,KXROLEATEVENTCOACHELLA,other,507,50.0
1399,KXROLEATEVENTCOACHELLA-27DEC31-RUA,0.0,2026-08-11 00:00:00+00:00,KXROLEATEVENTCOACHELLA,other,507,
1400,KXROLEATEVENTCOACHELLA-27DEC31-MARI,1.0,2026-08-11 00:00:00+00:00,KXROLEATEVENTCOACHELLA,other,507,50.0
1400,KXROLEATEVENTCOACHELLA-27DEC31-RUA,0.0,2026-08-11 00:00:00+00:00,KXROLEATEVENTCOACHELLA,other,507,
1401,KXROLEATEVENTCOACHELLA-27DEC31-MARO,1.0,2026-08-11 00:00:00+00:00,KXROLEATEVENTCOACHELLA,other,507,50.0
1401,KXROLEATEVENTCOACHELLA-27DEC31-RUA,0.0,2026-08-11 00:00:00+00:00,KXROLEATEVENTCOACHELLA,other,507,
1402,KXROLEATEVENTCOACHELLA-27DEC31-MEG,1.0,2026-08-11 00:00:00+00:00,KXROLEATEVENTCOACHELLA,other,507,50.0
1402,KXROLEATEVENTCOACHELLA-27DEC31-RUA,0.0,2026-08-11 00:00:00+00:00,KXROLEATEVENTCOACHELLA,other,507,
1403,KXROLEATEVENTCOACHELLA-27DEC31-MGK,1.0,2026-08-11 00:00:00+00:00,KXROLEATEVENTCOACHELLA,other,507,50.0
1403,KXROLEATEVENTCOACHELLA-27DEC31-RUA,0.0,2026-08-11 00:00:00+00:00,KXROLEATEVENTCOACHELLA,other,507,
1404,KXROLEATEVENTCOACHELLA-27DEC31-MIG,1.0,2026-08-11 00:00:00+00:00,KXROLEATEVENTCOACHELLA,other,507,50.0
1404,KXROLEATEVENTCOACHELLA-27DEC31-RUA,0.0,2026-08-11 00:00:00+00:00,KXROLEATEVENTCOACHELLA,other,507,
1405,KXROLEATEVENTCOACHELLA-27DEC31-MIL,1.0,2026-08-11 00:00:00+00:00,KXROLEATEVENTCOACHELLA,other,507,50.0
1405,KXROLEATEVENTCOACHELLA-27DEC31-RUA,0.0,2026-08-11 00:00:00+00:00,KXROLEATEVENTCOACHELLA,other,507,
1406,KXROLEATEVENTCOACHELLA-27DEC31-NASX,1.0,2026-08-11 00:00:00+00:00,KXROLEATEVENTCOACHELLA,other,507,50.0
1406,KXROLEATEVENTCOACHELLA-27DEC31-RUA,0.0,2026-08-11 00:00:00+00:00,KXROLEATEVENTCOACHELLA,other,507,
1407,KXROLEATEVENTCOACHELLA-27DEC31-NF,1.0,2026-08-11 00:00:00+00:00,KXROLEATEVENTCOACHELLA,other,507,50.0
1407,KXROLEATEVENTCOACHELLA-27DEC31-RUA,0.0,2026-08-11 00:00:00+00:00,KXROLEATEVENTCOACHELLA,other,507,
1408,KXROLEATEVENTCOACHELLA-27DEC31-NIC,1.0,2026-08-11 00:00:00+00:00,KXROLEATEVENTCOACHELLA,other,507,50.0
1408,KXROLEATEVENTCOACHELLA-27DEC31-RUA,0.0,2026-08-11 00:00:00+00:00,KXROLEATEVENTCOACHELLA,other,507,
1409,KXROLEATEVENTCOACHELLA-27DEC31-OFF,1.0,2026-08-11 00:00:00+00:00,KXROLEATEVENTCOACHELLA,other,507,50.0
1409,KXROLEATEVENTCOACHELLA-27DEC31-RUA,0.0,2026-08-11 00:00:00+00:00,KXROLEATEVENTCOACHELLA,other,507,
1410,KXROLEATEVENTCOACHELLA-27DEC31-OLI,1.0,2026-08-11 00:00:00+00:00,KXROLEATEVENTCOACHELLA,other,507,50.0
1410,KXROLEATEVENTCOACHELLA-27DEC31-RUA,0.0,2026-08-11 00:00:00+00:00,KXROLEATEVENTCOACHELLA,other,507,
1411,KXROLEATEVENTCOACHELLA-27DEC31-OLIV,1.0,2026-08-11 00:00:00+00:00,KXROLEATEVENTCOACHELLA,other,507,50.0
1411,KXROLEATEVENTCOACHELLA-27DEC31-RUA,0.0,2026-08-11 00:00:00+00:00,KXROLEATEVENTCOACHELLA,other,507,
1412,KXROLEATEVENTCOACHELLA-27DEC31-OZU,1.0,2026-08-11 00:00:00+00:00,KXROLEATEVENTCOACHELLA,other,507,50.0
1412,KXROLEATEVENTCOACHELLA-27DEC31-RUA,0.0,2026-08-11 00:00:00+00:00,KXROLEATEVENTCOACHELLA,other,507,
1413,KXROLEATEVENTCOACHELLA-27DEC31-PAR,1.0,2026-08-11 00:00:00+00:00,KXROLEATEVENTCOACHELLA,other,507,50.0
1413,KXROLEATEVENTCOACHELLA-27DEC31-RUA,0.0,2026-08-11 00:00:00+00:00,KXROLEATEVENTCOACHELLA,other,507,
1414,KXROLEATEVENTCOACHELLA-27DEC31-PHA,1.0,2026-08-11 00:00:00+00:00,KXROLEATEVENTCOACHELLA,other,507,50.0
1414,KXROLEATEVENTCOACHELLA-27DEC31-RUA,0.0,2026-08-11 00:00:00+00:00,KXROLEATEVENTCOACHELLA,other,507,
1415,KXROLEATEVENTCOACHELLA-27DEC31-PIN,1.0,2026-08-11 00:00:00+00:00,KXROLEATEVENTCOACHELLA,other,507,50.0
1415,KXROLEATEVENTCOACHELLA-27DEC31-RUA,0.0,2026-08-11 00:00:00+00:00,KXROLEATEVENTCOACHELLA,other,507,
1416,KXROLEATEVENTCOACHELLA-27DEC31-POL,1.0,2026-08-11 00:00:00+00:00,KXROLEATEVENTCOACHELLA,other,507,50.0
1416,KXROLEATEVENTCOACHELLA-27DEC31-RUA,0.0,2026-08-11 00:00:00+00:00,KXROLEATEVENTCOACHELLA,other,507,
1417,KXROLEATEVENTCOACHELLA-27DEC31-POS,1.0,2026-08-11 00:00:00+00:00,KXROLEATEVENTCOACHELLA,other,507,50.0
1417,KXROLEATEVENTCOACHELLA-27DEC31-RUA,0.0,2026-08-11 00:00:00+00:00,KXROLEATEVENTCOACHELLA,other,507,
1418,KXROLEATEVENTCOACHELLA-27DEC31-QUA,1.0,2026-08-11 00:00:00+00:00,KXROLEATEVENTCOACHELLA,other,507,50.0
1418,KXROLEATEVENTCOACHELLA-27DEC31-RUA,0.0,2026-08-11 00:00:00+00:00,KXROLEATEVENTCOACHELLA,other,507,
1419,KXROLEATEVENTCOACHELLA-27DEC31-RAD,1.0,2026-08-11 00:00:00+00:00,KXROLEATEVENTCOACHELLA,other,507,50.0
1419,KXROLEATEVENTCOACHELLA-27DEC31-RUA,0.0,2026-08-11 00:00:00+00:00,KXROLEATEVENTCOACHELLA,other,507,
1420,KXROLEATEVENTCOACHELLA-27DEC31-RIH,1.0,2026-08-11 00:00:00+00:00,KXROLEATEVENTCOACHELLA,other,507,50.0
1420,KXROLEATEVENTCOACHELLA-27DEC31-RUA,0.0,2026-08-11 00:00:00+00:00,KXROLEATEVENTCOACHELLA,other,507,
1421,KXROLEATEVENTCOACHELLA-27DEC31-ROD,1.0,2026-08-11 00:00:00+00:00,KXROLEATEVENTCOACHELLA,other,507,50.0
1421,KXROLEATEVENTCOACHELLA-27DEC31-RUA,0.0,2026-08-11 00:00:00+00:00,KXROLEATEVENTCOACHELLA,other,507,
1422,KXROLEATEVENTCOACHELLA-27DEC31-ROS,1.0,2026-08-11 00:00:00+00:00,KXROLEATEVENTCOACHELLA,other,507,50.0
1422,KXROLEATEVENTCOACHELLA-27DEC31-RUA,0.0,2026-08-11 00:00:00+00:00,KXROLEATEVENTCOACHELLA,other,507,
1423,KXROLEATEVENTCOACHELLA-27DEC31-SAB,1.0,2026-08-11 00:00:00+00:00,KXROLEATEVENTCOACHELLA,other,507,50.0
1423,KXROLEATEVENTCOACHELLA-27DEC31-RUA,0.0,2026-08-11 00:00:00+00:00,KXROLEATEVENTCOACHELLA,other,507,
1424,KXROLEATEVENTCOACHELLA-27DEC31-SAM,1.0,2026-08-11 00:00:00+00:00,KXROLEATEVENTCOACHELLA,other,507,50.0
1424,KXROLEATEVENTCOACHELLA-27DEC31-RUA,0.0,2026-08-11 00:00:00+00:00,KXROLEATEVENTCOACHELLA,other,507,
1425,KXROLEATEVENTCOACHELLA-27DEC31-SHA,1.0,2026-08-11 00:00:00+00:00,KXROLEATEVENTCOACHELLA,other,507,50.0
1425,KXROLEATEVENTCOACHELLA-27DEC31-RUA,0.0,2026-08-11 00:00:00+00:00,KXROLEATEVENTCOACHELLA,other,507,
1426,KXROLEATEVENTCOACHELLA-27DEC31-SHAW,1.0,2026-08-11 00:00:00+00:00,KXROLEATEVENTCOACHELLA,other,507,50.0
1426,KXROLEATEVENTCOACHELLA-27DEC31-RUA,0.0,2026-08-11 00:00:00+00:00,KXROLEATEVENTCOACHELLA,other,507,
1427,KXROLEATEVENTCOACHELLA-27DEC31-SIA,1.0,2026-08-11 00:00:00+00:00,KXROLEATEVENTCOACHELLA,other,507,50.0
1427,KXROLEATEVENTCOACHELLA-27DEC31-RUA,0.0,2026-08-11 00:00:00+00:00,KXROLEATEVENTCOACHELLA,other,507,
1428,KXROLEATEVENTCOACHELLA-27DEC31-SOM,1.0,2026-08-11 00:00:00+00:00,KXROLEATEVENTCOACHELLA,other,507,50.0
1428,KXROLEATEVENTCOACHELLA-27DEC31-RUA,0.0,2026-08-11 00:00:00+00:00,KXROLEATEVENTCOACHELLA,other,507,
1429,KXROLEATEVENTCOACHELLA-27DEC31-STR,1.0,2026-08-11 00:00:00+00:00,KXROLEATEVENTCOACHELLA,other,507,50.0
1429,KXROLEATEVENTCOACHELLA-27DEC31-RUA,0.0,2026-08-11 00:00:00+00:00,KXROLEATEVENTCOACHELLA,other,507,
1430,KXROLEATEVENTCOACHELLA-27DEC31-SWA,1.0,2026-08-11 00:00:00+00:00,KXROLEATEVENTCOACHELLA,other,507,50.0
1430,KXROLEATEVENTCOACHELLA-27DEC31-RUA,0.0,2026-08-11 00:00:00+00:00,KXROLEATEVENTCOACHELLA,other,507,
1431,KXROLEATEVENTCOACHELLA-27DEC31-SZA,1.0,2026-08-11 00:00:00+00:00,KXROLEATEVENTCOACHELLA,other,507,50.0
1431,KXROLEATEVENTCOACHELLA-27DEC31-RUA,0.0,2026-08-11 00:00:00+00:00,KXROLEATEVENTCOACHELLA,other,507,
1432,KXROLEATEVENTCOACHELLA-27DEC31-TAT,1.0,2026-08-11 00:00:00+00:00,KXROLEATEVENTCOACHELLA,other,507,50.0
1432,KXROLEATEVENTCOACHELLA-27DEC31-RUA,0.0,2026-08-11 00:00:00+00:00,KXROLEATEVENTCOACHELLA,other,507,
1433,KXROLEATEVENTCOACHELLA-27DEC31-TAY,1.0,2026-08-11 00:00:00+00:00,KXROLEATEVENTCOACHELLA,other,507,50.0
1433,KXROLEATEVENTCOACHELLA-27DEC31-RUA,0.0,2026-08-11 00:00:00+00:00,KXROLEATEVENTCOACHELLA,other,507,
1434,KXROLEATEVENTCOACHELLA-27DEC31-THU,1.0,2026-08-11 00:00:00+00:00,KXROLEATEVENTCOACHELLA,other,507,50.0
1434,KXROLEATEVENTCOACHELLA-27DEC31-RUA,0.0,2026-08-11 00:00:00+00:00,KXROLEATEVENTCOACHELLA,other,507,
1435,KXROLEATEVENTCOACHELLA-27DEC31-TIM,1.0,2026-08-11 00:00:00+00:00,KXROLEATEVENTCOACHELLA,other,507,50.0
1435,KXROLEATEVENTCOACHELLA-27DEC31-RUA,0.0,2026-08-11 00:00:00+00:00,KXROLEATEVENTCOACHELLA,other,507,
1436,KXROLEATEVENTCOACHELLA-27DEC31-TRA,1.0,2026-08-11 00:00:00+00:00,KXROLEATEVENTCOACHELLA,other,507,50.0
1436,KXROLEATEVENTCOACHELLA-27DEC31-RUA,0.0,2026-08-11 00:00:00+00:00,KXROLEATEVENTCOACHELLA,other,507,
1437,KXROLEATEVENTCOACHELLA-27DEC31-TRI,1.0,2026-08-11 00:00:00+00:00,KXROLEATEVENTCOACHELLA,other,507,50.0
1437,KXROLEATEVENTCOACHELLA-27DEC31-RUA,0.0,2026-08-11 00:00:00+00:00,KXROLEATEVENTCOACHELLA,other,507,
1438,KXROLEATEVENTCOACHELLA-27DEC31-TYG,1.0,2026-08-11 00:00:00+00:00,KXROLEATEVENTCOACHELLA,other,507,50.0
1438,KXROLEATEVENTCOACHELLA-27DEC31-RUA,0.0,2026-08-11 00:00:00+00:00,KXROLEATEVENTCOACHELLA,other,507,
1439,KXROLEATEVENTCOACHELLA-27DEC31-TYL,1.0,2026-08-11 00:00:00+00:00,KXROLEATEVENTCOACHELLA,other,507,50.0
1439,KXROLEATEVENTCOACHELLA-27DEC31-RUA,0.0,2026-08-11 00:00:00+00:00,KXROLEATEVENTCOACHELLA,other,507,
1440,KXROLEATEVENTCOACHELLA-27DEC31-USH,1.0,2026-08-11 00:00:00+00:00,KXROLEATEVENTCOACHELLA,other,507,50.0
1440,KXROLEATEVENTCOACHELLA-27DEC31-RUA,0.0,2026-08-11 00:00:00+00:00,KXROLEATEVENTCOACHELLA,other,507,
1441,KXROLEATEVENTCOACHELLA-27DEC31-UZI,1.0,2026-08-11 00:00:00+00:00,KXROLEATEVENTCOACHELLA,other,507,50.0
1441,KXROLEATEVENTCOACHELLA-27DEC31-RUA,0.0,2026-08-11 00:00:00+00:00,KXROLEATEVENTCOACHELLA,other,507,
1442,KXROLEATEVENTCOACHELLA-27DEC31-WAY,1.0,2026-08-11 00:00:00+00:00,KXROLEATEVENTCOACHELLA,other,507,50.0
1442,KXROLEATEVENTCOACHELLA-27DEC31-RUA,0.0,2026-08-11 00:00:00+00:00,KXROLEATEVENTCOACHELLA,other,507,
1443,KXROLEATEVENTCOACHELLA-27DEC31-WEE,1.0,2026-08-11 00:00:00+00:00,KXROLEATEVENTCOACHELLA,other,507,50.0
1443,KXROLEATEVENTCOACHELLA-27DEC31-RUA,0.0,2026-08-11 00:00:00+00:00,KXROLEATEVENTCOACHELLA,other,507,
1444,KXROLEATEVENTCOACHELLA-27DEC31-XCX,1.0,2026-08-11 00:00:00+00:00,KXROLEATEVENTCOACHELLA,other,507,50.0
1444,KXROLEATEVENTCOACHELLA-27DEC31-RUA,0.0,2026-08-11 00:00:00+00:00,KXROLEATEVENTCOACHELLA,other,507,
1445,KXROLEATEVENTCOACHELLA-27DEC31-YAC,1.0,2026-08-11 00:00:00+00:00,KXROLEATEVENTCOACHELLA,other,507,50.0
1445,KXROLEATEVENTCOACHELLA-27DEC31-RUA,0.0,2026-08-11 00:00:00+00:00,KXROLEATEVENTCOACHELLA,other,507,
1446,KXROLEATEVENTCOACHELLA-27DEC31-YOU,1.0,2026-08-11 00:00:00+00:00,KXROLEATEVENTCOACHELLA,other,507,50.0
1446,KXROLEATEVENTCOACHELLA-27DEC31-RUA,0.0,2026-08-11 00:00:00+00:00,KXROLEATEVENTCOACHELLA,other,507,
1447,KXROLEATEVENTCOACHELLA-27DEC31-ZAC,1.0,2026-08-11 00:00:00+00:00,KXROLEATEVENTCOACHELLA,other,507,50.0
1447,KXROLEATEVENTCOACHELLA-27DEC31-RUA,0.0,2026-08-11 00:00:00+00:00,KXROLEATEVENTCOACHELLA,other,507,
1448,KXVOTEPRIMARY-GOVFLNOMR26JFIS-50,1.0,2026-08-16 00:00:00+00:00,KXVOTEPRIMARY,other,11,200.0
1448,KXVOTEPRIMARY-GOVFLNOMR26JCOLJCOL-5,0.0,2026-08-16 00:00:00+00:00,KXVOTEPRIMARY,other,11,
1448,KXVOTEPRIMARY-GOVFLNOMR26JCOLJCOL-35,0.0,2026-08-16 00:00:00+00:00,KXVOTEPRIMARY,other,11,
1448,KXVOTEPRIMARY-MO01D26CBUSCBUS-36,0.0,2026-08-16 00:00:00+00:00,KXVOTEPRIMARY,other,11,
1449,KXVOTEPRIMARY-GOVFLNOMR26JFIS-51,1.0,2026-08-16 00:00:00+00:00,KXVOTEPRIMARY,other,11,200.0
1449,KXVOTEPRIMARY-GOVFLNOMR26JCOLJCOL-5,0.0,2026-08-16 00:00:00+00:00,KXVOTEPRIMARY,other,11,
1449,KXVOTEPRIMARY-GOVFLNOMR26JCOLJCOL-35,0.0,2026-08-16 00:00:00+00:00,KXVOTEPRIMARY,other,11,
1449,KXVOTEPRIMARY-MO01D26CBUSCBUS-36,0.0,2026-08-16 00:00:00+00:00,KXVOTEPRIMARY,other,11,
1450,KXVOTEPRIMARY-GOVFLNOMR26JFIS-52,1.0,2026-08-16 00:00:00+00:00,KXVOTEPRIMARY,other,11,200.0
1450,KXVOTEPRIMARY-GOVFLNOMR26JCOLJCOL-5,0.0,2026-08-16 00:00:00+00:00,KXVOTEPRIMARY,other,11,
1450,KXVOTEPRIMARY-GOVFLNOMR26JCOLJCOL-35,0.0,2026-08-16 00:00:00+00:00,KXVOTEPRIMARY,other,11,
1450,KXVOTEPRIMARY-MO01D26CBUSCBUS-36,0.0,2026-08-16 00:00:00+00:00,KXVOTEPRIMARY,other,11,
1451,KXVOTEPRIMARY-GOVFLNOMR26JFIS-65,1.0,2026-08-16 00:00:00+00:00,KXVOTEPRIMARY,other,11,200.0
1451,KXVOTEPRIMARY-GOVFLNOMR26JCOLJCOL-35,0.0,2026-08-16 00:00:00+00:00,KXVOTEPRIMARY,other,11,
1451,KXVOTEPRIMARY-GOVFLNOMR26JCOLJCOL-5,0.0,2026-08-16 00:00:00+00:00,KXVOTEPRIMARY,other,11,
1451,KXVOTEPRIMARY-MO01D26CBUSCBUS-36,0.0,2026-08-16 00:00:00+00:00,KXVOTEPRIMARY,other,11,
1452,KXVOTEPRIMARY-GOVFLNOMR26JFISJFIS-57,1.0,2026-08-16 00:00:00+00:00,KXVOTEPRIMARY,other,11,200.0
1452,KXVOTEPRIMARY-GOVFLNOMR26JCOLJCOL-5,0.0,2026-08-16 00:00:00+00:00,KXVOTEPRIMARY,other,11,
1452,KXVOTEPRIMARY-GOVFLNOMR26JCOLJCOL-35,0.0,2026-08-16 00:00:00+00:00,KXVOTEPRIMARY,other,11,
1452,KXVOTEPRIMARY-MO01D26CBUSCBUS-36,0.0,2026-08-16 00:00:00+00:00,KXVOTEPRIMARY,other,11,
1454,KXFLPRIMARY-11R26-JSTR,1.0,2026-08-18 00:00:00+00:00,KXFLPRIMARY,other,9,50.0
1454,KXFLPRIMARY-11R26-IPAL,0.0,2026-08-18 00:00:00+00:00,KXFLPRIMARY,other,9,
1454,KXFLPRIMARY-11R26-NRAZ,0.0,2026-08-18 00:00:00+00:00,KXFLPRIMARY,other,9,
1455,KXGAMEAWARDS-2026-CON,1.0,2026-08-18 00:00:00+00:00,KXGAMEAWARDS,other,500,100.0
1455,KXGAMEAWARDS-2026-PRA,0.0,2026-08-18 00:00:00+00:00,KXGAMEAWARDS,other,500,
1455,KXGAMEAWARDS-2026-DUS,0.0,2026-08-18 00:00:00+00:00,KXGAMEAWARDS,other,500,
1455,KXGAMEAWARDS-2026-FAB,0.0,2026-08-18 00:00:00+00:00,KXGAMEAWARDS,other,500,
1455,KXGAMEAWARDS-2026-MARA,0.0,2026-08-18 00:00:00+00:00,KXGAMEAWARDS,other,500,
1455,KXGAMEAWARDS-2026-STR,0.0,2026-08-18 00:00:00+00:00,KXGAMEAWARDS,other,500,
1455,KXGAMEAWARDS-2026-TIE,0.0,2026-08-18 00:00:00+00:00,KXGAMEAWARDS,other,500,
1455,KXGAMEAWARDS-2026-ESO,0.0,2026-08-18 00:00:00+00:00,KXGAMEAWARDS,other,500,
1456,KXGAMEAWARDS-2026-GTA,1.0,2026-08-18 00:00:00+00:00,KXGAMEAWARDS,other,500,100.0
1456,KXGAMEAWARDS-2026-PRA,0.0,2026-08-18 00:00:00+00:00,KXGAMEAWARDS,other,500,
1456,KXGAMEAWARDS-2026-DUS,0.0,2026-08-18 00:00:00+00:00,KXGAMEAWARDS,other,500,
1456,KXGAMEAWARDS-2026-ESO,0.0,2026-08-18 00:00:00+00:00,KXGAMEAWARDS,other,500,
1456,KXGAMEAWARDS-2026-FAB,0.0,2026-08-18 00:00:00+00:00,KXGAMEAWARDS,other,500,
1456,KXGAMEAWARDS-2026-MARA,0.0,2026-08-18 00:00:00+00:00,KXGAMEAWARDS,other,500,
1456,KXGAMEAWARDS-2026-STR,0.0,2026-08-18 00:00:00+00:00,KXGAMEAWARDS,other,500,
1456,KXGAMEAWARDS-2026-TIE,0.0,2026-08-18 00:00:00+00:00,KXGAMEAWARDS,other,500,
1457,KXGAMEAWARDS-2026-MAR,1.0,2026-08-18 00:00:00+00:00,KXGAMEAWARDS,other,500,100.0
1457,KXGAMEAWARDS-2026-PRA,0.0,2026-08-18 00:00:00+00:00,KXGAMEAWARDS,other,500,
1457,KXGAMEAWARDS-2026-DUS,0.0,2026-08-18 00:00:00+00:00,KXGAMEAWARDS,other,500,
1457,KXGAMEAWARDS-2026-FAB,0.0,2026-08-18 00:00:00+00:00,KXGAMEAWARDS,other,500,
1457,KXGAMEAWARDS-2026-MARA,0.0,2026-08-18 00:00:00+00:00,KXGAMEAWARDS,other,500,
1457,KXGAMEAWARDS-2026-STR,0.0,2026-08-18 00:00:00+00:00,KXGAMEAWARDS,other,500,
1457,KXGAMEAWARDS-2026-TIE,0.0,2026-08-18 00:00:00+00:00,KXGAMEAWARDS,other,500,
1457,KXGAMEAWARDS-2026-ESO,0.0,2026-08-18 00:00:00+00:00,KXGAMEAWARDS,other,500,
1458,KXGAMEAWARDS-2026-PHA,1.0,2026-08-18 00:00:00+00:00,KXGAMEAWARDS,other,500,100.0
1458,KXGAMEAWARDS-2026-DUS,0.0,2026-08-18 00:00:00+00:00,KXGAMEAWARDS,other,500,
1458,KXGAMEAWARDS-2026-FAB,0.0,2026-08-18 00:00:00+00:00,KXGAMEAWARDS,other,500,
1458,KXGAMEAWARDS-2026-MARA,0.0,2026-08-18 00:00:00+00:00,KXGAMEAWARDS,other,500,
1458,KXGAMEAWARDS-2026-STR,0.0,2026-08-18 00:00:00+00:00,KXGAMEAWARDS,other,500,
1458,KXGAMEAWARDS-2026-TIE,0.0,2026-08-18 00:00:00+00:00,KXGAMEAWARDS,other,500,
1458,KXGAMEAWARDS-2026-ESO,0.0,2026-08-18 00:00:00+00:00,KXGAMEAWARDS,other,500,
1458,KXGAMEAWARDS-2026-PRA,0.0,2026-08-18 00:00:00+00:00,KXGAMEAWARDS,other,500,
1459,KXGAMEAWARDS-2026-RES,1.0,2026-08-18 00:00:00+00:00,KXGAMEAWARDS,other,500,100.0
1459,KXGAMEAWARDS-2026-PRA,0.0,2026-08-18 00:00:00+00:00,KXGAMEAWARDS,other,500,
1459,KXGAMEAWARDS-2026-DUS,0.0,2026-08-18 00:00:00+00:00,KXGAMEAWARDS,other,500,
1459,KXGAMEAWARDS-2026-FAB,0.0,2026-08-18 00:00:00+00:00,KXGAMEAWARDS,other,500,
1459,KXGAMEAWARDS-2026-MARA,0.0,2026-08-18 00:00:00+00:00,KXGAMEAWARDS,other,500,
1459,KXGAMEAWARDS-2026-STR,0.0,2026-08-18 00:00:00+00:00,KXGAMEAWARDS,other,500,
1459,KXGAMEAWARDS-2026-TIE,0.0,2026-08-18 00:00:00+00:00,KXGAMEAWARDS,other,500,
1459,KXGAMEAWARDS-2026-ESO,0.0,2026-08-18 00:00:00+00:00,KXGAMEAWARDS,other,500,
1460,KXNOBELPEACE-26-ELO,1.0,2026-08-18 00:00:00+00:00,KXNOBELPEACE,other,135,100.0
1460,KXNOBELPEACE-26-DAR,0.0,2026-08-18 00:00:00+00:00,KXNOBELPEACE,other,135,
1460,KXNOBELPEACE-26-SAM,0.0,2026-08-18 00:00:00+00:00,KXNOBELPEACE,other,135,
1460,KXNOBELPEACE-26-EUR,0.0,2026-08-18 00:00:00+00:00,KXNOBELPEACE,other,135,
1464,KXVOTEPRIMARY-KXAKSENADVANCE-26AUG18-DJSULDJSUL-50.5,1.0,2026-08-18 00:00:00+00:00,KXVOTEPRIMARY,other,14,50.0
1464,KXVOTEPRIMARY-GOVFLNOMR26JCOLJCOL-5,0.0,2026-08-18 00:00:00+00:00,KXVOTEPRIMARY,other,14,
1464,KXVOTEPRIMARY-MO01D26CBUSCBUS-36,0.0,2026-08-18 00:00:00+00:00,KXVOTEPRIMARY,other,14,
1465,KXVOTEPRIMARY-KXAKSENADVANCE-26AUG18-DJSULDJSUL-51.5,1.0,2026-08-18 00:00:00+00:00,KXVOTEPRIMARY,other,14,50.0
1465,KXVOTEPRIMARY-GOVFLNOMR26JCOLJCOL-5,0.0,2026-08-18 00:00:00+00:00,KXVOTEPRIMARY,other,14,
1465,KXVOTEPRIMARY-MO01D26CBUSCBUS-36,0.0,2026-08-18 00:00:00+00:00,KXVOTEPRIMARY,other,14,
1466,KXVOTEPRIMARY-KXAKSENADVANCE-26AUG18-DJSULDJSUL-53,1.0,2026-08-18 00:00:00+00:00,KXVOTEPRIMARY,other,14,50.0
1466,KXVOTEPRIMARY-GOVFLNOMR26JCOLJCOL-5,0.0,2026-08-18 00:00:00+00:00,KXVOTEPRIMARY,other,14,
1466,KXVOTEPRIMARY-MO01D26CBUSCBUS-36,0.0,2026-08-18 00:00:00+00:00,KXVOTEPRIMARY,other,14,
1467,KXEMMYCACTO-26SEP14-MAT,1.0,2026-08-21 00:00:00+00:00,KXEMMYCACTO,other,25,100.0
1467,KXEMMYCACTO-26SEP14-MAR,0.0,2026-08-21 00:00:00+00:00,KXEMMYCACTO,other,25,
1467,KXEMMYCACTO-26SEP14-TIE,0.0,2026-08-21 00:00:00+00:00,KXEMMYCACTO,other,25,
1467,KXEMMYCACTO-26SEP14-JAS,0.0,2026-08-21 00:00:00+00:00,KXEMMYCACTO,other,25,
1467,KXEMMYCACTO-26SEP14-STEV,0.0,2026-08-21 00:00:00+00:00,KXEMMYCACTO,other,25,
1468,KXEMMYCACTO-26SEP14-YAH,1.0,2026-08-21 00:00:00+00:00,KXEMMYCACTO,other,25,100.0
1468,KXEMMYCACTO-26SEP14-STEV,0.0,2026-08-21 00:00:00+00:00,KXEMMYCACTO,other,25,
1468,KXEMMYCACTO-26SEP14-JAS,0.0,2026-08-21 00:00:00+00:00,KXEMMYCACTO,other,25,
1468,KXEMMYCACTO-26SEP14-TIE,0.0,2026-08-21 00:00:00+00:00,KXEMMYCACTO,other,25,
1468,KXEMMYCACTO-26SEP14-MAR,0.0,2026-08-21 00:00:00+00:00,KXEMMYCACTO,other,25,
1469,KXEMMYCACTR-26SEP14-AYO,1.0,2026-08-21 00:00:00+00:00,KXEMMYCACTR,other,25,100.0
1469,KXEMMYCACTR-26SEP14-QUI,0.0,2026-08-21 00:00:00+00:00,KXEMMYCACTR,other,25,
1469,KXEMMYCACTR-26SEP14-TIE,0.0,2026-08-21 00:00:00+00:00,KXEMMYCACTR,other,25,
1470,KXEMMYCACTR-26SEP14-ELL,1.0,2026-08-21 00:00:00+00:00,KXEMMYCACTR,other,25,100.0
1470,KXEMMYCACTR-26SEP14-TIE,0.0,2026-08-21 00:00:00+00:00,KXEMMYCACTR,other,25,
1470,KXEMMYCACTR-26SEP14-QUI,0.0,2026-08-21 00:00:00+00:00,KXEMMYCACTR,other,25,
1471,KXEMMYCACTR-26SEP14-JEA,1.0,2026-08-21 00:00:00+00:00,KXEMMYCACTR,other,25,100.0
1471,KXEMMYCACTR-26SEP14-TIE,0.0,2026-08-21 00:00:00+00:00,KXEMMYCACTR,other,25,
1471,KXEMMYCACTR-26SEP14-QUI,0.0,2026-08-21 00:00:00+00:00,KXEMMYCACTR,other,25,
1472,KXEMMYCACTR-26SEP14-LISA,1.0,2026-08-21 00:00:00+00:00,KXEMMYCACTR,other,25,100.0
1472,KXEMMYCACTR-26SEP14-TIE,0.0,2026-08-21 00:00:00+00:00,KXEMMYCACTR,other,25,
1472,KXEMMYCACTR-26SEP14-QUI,0.0,2026-08-21 00:00:00+00:00,KXEMMYCACTR,other,25,
1473,KXEMMYCSACTO-26SEP14-COL,1.0,2026-08-21 00:00:00+00:00,KXEMMYCSACTO,other,25,100.0
1473,KXEMMYCSACTO-26SEP14-TYL,0.0,2026-08-21 00:00:00+00:00,KXEMMYCSACTO,other,25,
1473,KXEMMYCSACTO-26SEP14-MIC,0.0,2026-08-21 00:00:00+00:00,KXEMMYCSACTO,other,25,
1473,KXEMMYCSACTO-26SEP14-TIE,0.0,2026-08-21 00:00:00+00:00,KXEMMYCSACTO,other,25,
1474,KXEMMYCSACTO-26SEP14-HAR,1.0,2026-08-21 00:00:00+00:00,KXEMMYCSACTO,other,25,100.0
1474,KXEMMYCSACTO-26SEP14-TIE,0.0,2026-08-21 00:00:00+00:00,KXEMMYCSACTO,other,25,
1474,KXEMMYCSACTO-26SEP14-MIC,0.0,2026-08-21 00:00:00+00:00,KXEMMYCSACTO,other,25,
1474,KXEMMYCSACTO-26SEP14-TYL,0.0,2026-08-21 00:00:00+00:00,KXEMMYCSACTO,other,25,
1475,KXEMMYCSACTO-26SEP14-NIC,1.0,2026-08-21 00:00:00+00:00,KXEMMYCSACTO,other,25,100.0
1475,KXEMMYCSACTO-26SEP14-MIC,0.0,2026-08-21 00:00:00+00:00,KXEMMYCSACTO,other,25,
1475,KXEMMYCSACTO-26SEP14-TYL,0.0,2026-08-21 00:00:00+00:00,KXEMMYCSACTO,other,25,
1475,KXEMMYCSACTO-26SEP14-TIE,0.0,2026-08-21 00:00:00+00:00,KXEMMYCSACTO,other,25,
1476,KXEMMYCSACTO-26SEP14-PAU,1.0,2026-08-21 00:00:00+00:00,KXEMMYCSACTO,other,25,100.0
1476,KXEMMYCSACTO-26SEP14-TIE,0.0,2026-08-21 00:00:00+00:00,KXEMMYCSACTO,other,25,
1476,KXEMMYCSACTO-26SEP14-MIC,0.0,2026-08-21 00:00:00+00:00,KXEMMYCSACTO,other,25,
1476,KXEMMYCSACTO-26SEP14-TYL,0.0,2026-08-21 00:00:00+00:00,KXEMMYCSACTO,other,25,
1477,KXEMMYCSACTO-26SEP14-STE,1.0,2026-08-21 00:00:00+00:00,KXEMMYCSACTO,other,25,100.0
1477,KXEMMYCSACTO-26SEP14-TIE,0.0,2026-08-21 00:00:00+00:00,KXEMMYCSACTO,other,25,
1477,KXEMMYCSACTO-26SEP14-MIC,0.0,2026-08-21 00:00:00+00:00,KXEMMYCSACTO,other,25,
1477,KXEMMYCSACTO-26SEP14-TYL,0.0,2026-08-21 00:00:00+00:00,KXEMMYCSACTO,other,25,
1478,KXEMMYCSACTR-26SEP14-JAN,1.0,2026-08-21 00:00:00+00:00,KXEMMYCSACTR,other,25,100.0
1478,KXEMMYCSACTR-26SEP14-DAL,0.0,2026-08-21 00:00:00+00:00,KXEMMYCSACTR,other,25,
1479,KXEMMYCSACTR-26SEP14-KAT,1.0,2026-08-21 00:00:00+00:00,KXEMMYCSACTR,other,25,100.0
1479,KXEMMYCSACTR-26SEP14-DAL,0.0,2026-08-21 00:00:00+00:00,KXEMMYCSACTR,other,25,
1480,KXEMMYCSACTR-26SEP14-MEG,1.0,2026-08-21 00:00:00+00:00,KXEMMYCSACTR,other,25,100.0
1480,KXEMMYCSACTR-26SEP14-DAL,0.0,2026-08-21 00:00:00+00:00,KXEMMYCSACTR,other,25,
1481,KXEMMYCSERIES-26SEP14-BEAR,1.0,2026-08-21 00:00:00+00:00,KXEMMYCSERIES,other,25,100.0
1481,KXEMMYCSERIES-26SEP14-ONL,0.0,2026-08-21 00:00:00+00:00,KXEMMYCSERIES,other,25,
1481,KXEMMYCSERIES-26SEP14-MAR,0.0,2026-08-21 00:00:00+00:00,KXEMMYCSERIES,other,25,
1481,KXEMMYCSERIES-26SEP14-NOB,0.0,2026-08-21 00:00:00+00:00,KXEMMYCSERIES,other,25,
1481,KXEMMYCSERIES-26SEP14-TIE,0.0,2026-08-21 00:00:00+00:00,KXEMMYCSERIES,other,25,
1481,KXEMMYCSERIES-26SEP14-ABB,0.0,2026-08-21 00:00:00+00:00,KXEMMYCSERIES,other,25,
1482,KXEMMYCSERIES-26SEP14-HAC,1.0,2026-08-21 00:00:00+00:00,KXEMMYCSERIES,other,25,100.0
1482,KXEMMYCSERIES-26SEP14-TIE,0.0,2026-08-21 00:00:00+00:00,KXEMMYCSERIES,other,25,
1482,KXEMMYCSERIES-26SEP14-NOB,0.0,2026-08-21 00:00:00+00:00,KXEMMYCSERIES,other,25,
1482,KXEMMYCSERIES-26SEP14-MAR,0.0,2026-08-21 00:00:00+00:00,KXEMMYCSERIES,other,25,
1482,KXEMMYCSERIES-26SEP14-ONL,0.0,2026-08-21 00:00:00+00:00,KXEMMYCSERIES,other,25,
1482,KXEMMYCSERIES-26SEP14-ABB,0.0,2026-08-21 00:00:00+00:00,KXEMMYCSERIES,other,25,
1483,KXEMMYCSERIES-26SEP14-SHR,1.0,2026-08-21 00:00:00+00:00,KXEMMYCSERIES,other,25,100.0
1483,KXEMMYCSERIES-26SEP14-ABB,0.0,2026-08-21 00:00:00+00:00,KXEMMYCSERIES,other,25,
1483,KXEMMYCSERIES-26SEP14-ONL,0.0,2026-08-21 00:00:00+00:00,KXEMMYCSERIES,other,25,
1483,KXEMMYCSERIES-26SEP14-MAR,0.0,2026-08-21 00:00:00+00:00,KXEMMYCSERIES,other,25,
1483,KXEMMYCSERIES-26SEP14-NOB,0.0,2026-08-21 00:00:00+00:00,KXEMMYCSERIES,other,25,
1483,KXEMMYCSERIES-26SEP14-TIE,0.0,2026-08-21 00:00:00+00:00,KXEMMYCSERIES,other,25,
1484,KXEMMYCSERIES-26SEP14-WID,1.0,2026-08-21 00:00:00+00:00,KXEMMYCSERIES,other,25,100.0
1484,KXEMMYCSERIES-26SEP14-TIE,0.0,2026-08-21 00:00:00+00:00,KXEMMYCSERIES,other,25,
1484,KXEMMYCSERIES-26SEP14-NOB,0.0,2026-08-21 00:00:00+00:00,KXEMMYCSERIES,other,25,
1484,KXEMMYCSERIES-26SEP14-MAR,0.0,2026-08-21 00:00:00+00:00,KXEMMYCSERIES,other,25,
1484,KXEMMYCSERIES-26SEP14-ONL,0.0,2026-08-21 00:00:00+00:00,KXEMMYCSERIES,other,25,
1484,KXEMMYCSERIES-26SEP14-ABB,0.0,2026-08-21 00:00:00+00:00,KXEMMYCSERIES,other,25,
1485,KXEMMYDACTO-26SEP14-GAR,1.0,2026-08-21 00:00:00+00:00,KXEMMYDACTO,other,25,100.0
1485,KXEMMYDACTO-26SEP14-TIE,0.0,2026-08-21 00:00:00+00:00,KXEMMYDACTO,other,25,
1485,KXEMMYDACTO-26SEP14-MAR,0.0,2026-08-21 00:00:00+00:00,KXEMMYDACTO,other,25,
1485,KXEMMYDACTO-26SEP14-RUF,0.0,2026-08-21 00:00:00+00:00,KXEMMYDACTO,other,25,
1486,KXEMMYDACTO-26SEP14-NOA,1.0,2026-08-21 00:00:00+00:00,KXEMMYDACTO,other,25,100.0
1486,KXEMMYDACTO-26SEP14-TIE,0.0,2026-08-21 00:00:00+00:00,KXEMMYDACTO,other,25,
1486,KXEMMYDACTO-26SEP14-MAR,0.0,2026-08-21 00:00:00+00:00,KXEMMYDACTO,other,25,
1486,KXEMMYDACTO-26SEP14-RUF,0.0,2026-08-21 00:00:00+00:00,KXEMMYDACTO,other,25,
1487,KXEMMYDACTO-26SEP14-STE,1.0,2026-08-21 00:00:00+00:00,KXEMMYDACTO,other,25,100.0
1487,KXEMMYDACTO-26SEP14-MAR,0.0,2026-08-21 00:00:00+00:00,KXEMMYDACTO,other,25,
1487,KXEMMYDACTO-26SEP14-TIE,0.0,2026-08-21 00:00:00+00:00,KXEMMYDACTO,other,25,
1487,KXEMMYDACTO-26SEP14-RUF,0.0,2026-08-21 00:00:00+00:00,KXEMMYDACTO,other,25,
1488,KXEMMYDACTR-26SEP14-KER,1.0,2026-08-21 00:00:00+00:00,KXEMMYDACTR,other,25,100.0
1488,KXEMMYDACTR-26SEP14-TIE,0.0,2026-08-21 00:00:00+00:00,KXEMMYDACTR,other,25,
1488,KXEMMYDACTR-26SEP14-CAR,0.0,2026-08-21 00:00:00+00:00,KXEMMYDACTR,other,25,
1488,KXEMMYDACTR-26SEP14-CHA,0.0,2026-08-21 00:00:00+00:00,KXEMMYDACTR,other,25,
1489,KXEMMYDACTR-26SEP14-RHE,1.0,2026-08-21 00:00:00+00:00,KXEMMYDACTR,other,25,100.0
1489,KXEMMYDACTR-26SEP14-TIE,0.0,2026-08-21 00:00:00+00:00,KXEMMYDACTR,other,25,
1489,KXEMMYDACTR-26SEP14-CAR,0.0,2026-08-21 00:00:00+00:00,KXEMMYDACTR,other,25,
1489,KXEMMYDACTR-26SEP14-CHA,0.0,2026-08-21 00:00:00+00:00,KXEMMYDACTR,other,25,
1490,KXEMMYDACTR-26SEP14-ZEN,1.0,2026-08-21 00:00:00+00:00,KXEMMYDACTR,other,25,100.0
1490,KXEMMYDACTR-26SEP14-TIE,0.0,2026-08-21 00:00:00+00:00,KXEMMYDACTR,other,25,
1490,KXEMMYDACTR-26SEP14-CAR,0.0,2026-08-21 00:00:00+00:00,KXEMMYDACTR,other,25,
1490,KXEMMYDACTR-26SEP14-CHA,0.0,2026-08-21 00:00:00+00:00,KXEMMYDACTR,other,25,
1491,KXEMMYDSACTO-26SEP14-BIL,1.0,2026-08-21 00:00:00+00:00,KXEMMYDSACTO,other,25,100.0
1491,KXEMMYDSACTO-26SEP14-GER,0.0,2026-08-21 00:00:00+00:00,KXEMMYDSACTO,other,25,
1491,KXEMMYDSACTO-26SEP14-TIE,0.0,2026-08-21 00:00:00+00:00,KXEMMYDSACTO,other,25,
1491,KXEMMYDSACTO-26SEP14-JAC,0.0,2026-08-21 00:00:00+00:00,KXEMMYDSACTO,other,25,
1491,KXEMMYDSACTO-26SEP14-CAR,0.0,2026-08-21 00:00:00+00:00,KXEMMYDSACTO,other,25,
1492,KXEMMYDSACTO-26SEP14-PAT,1.0,2026-08-21 00:00:00+00:00,KXEMMYDSACTO,other,25,100.0
1492,KXEMMYDSACTO-26SEP14-GER,0.0,2026-08-21 00:00:00+00:00,KXEMMYDSACTO,other,25,
1492,KXEMMYDSACTO-26SEP14-TIE,0.0,2026-08-21 00:00:00+00:00,KXEMMYDSACTO,other,25,
1492,KXEMMYDSACTO-26SEP14-JAC,0.0,2026-08-21 00:00:00+00:00,KXEMMYDSACTO,other,25,
1492,KXEMMYDSACTO-26SEP14-CAR,0.0,2026-08-21 00:00:00+00:00,KXEMMYDSACTO,other,25,
1493,KXEMMYDSACTO-26SEP14-SHA,1.0,2026-08-21 00:00:00+00:00,KXEMMYDSACTO,other,25,100.0
1493,KXEMMYDSACTO-26SEP14-GER,0.0,2026-08-21 00:00:00+00:00,KXEMMYDSACTO,other,25,
1493,KXEMMYDSACTO-26SEP14-TIE,0.0,2026-08-21 00:00:00+00:00,KXEMMYDSACTO,other,25,
1493,KXEMMYDSACTO-26SEP14-JAC,0.0,2026-08-21 00:00:00+00:00,KXEMMYDSACTO,other,25,
1493,KXEMMYDSACTO-26SEP14-CAR,0.0,2026-08-21 00:00:00+00:00,KXEMMYDSACTO,other,25,
1494,KXEMMYDSACTO-26SEP14-TOM,1.0,2026-08-21 00:00:00+00:00,KXEMMYDSACTO,other,25,100.0
1494,KXEMMYDSACTO-26SEP14-GER,0.0,2026-08-21 00:00:00+00:00,KXEMMYDSACTO,other,25,
1494,KXEMMYDSACTO-26SEP14-TIE,0.0,2026-08-21 00:00:00+00:00,KXEMMYDSACTO,other,25,
1494,KXEMMYDSACTO-26SEP14-JAC,0.0,2026-08-21 00:00:00+00:00,KXEMMYDSACTO,other,25,
1494,KXEMMYDSACTO-26SEP14-CAR,0.0,2026-08-21 00:00:00+00:00,KXEMMYDSACTO,other,25,
1495,KXEMMYDSACTR-26SEP14-ALL,1.0,2026-08-21 00:00:00+00:00,KXEMMYDSACTR,other,25,100.0
1495,KXEMMYDSACTR-26SEP14-TAY,0.0,2026-08-21 00:00:00+00:00,KXEMMYDSACTR,other,25,
1495,KXEMMYDSACTR-26SEP14-TIE,0.0,2026-08-21 00:00:00+00:00,KXEMMYDSACTR,other,25,
1495,KXEMMYDSACTR-26SEP14-FIO,0.0,2026-08-21 00:00:00+00:00,KXEMMYDSACTR,other,25,
1496,KXEMMYDSACTR-26SEP14-JUL,1.0,2026-08-21 00:00:00+00:00,KXEMMYDSACTR,other,25,100.0
1496,KXEMMYDSACTR-26SEP14-TIE,0.0,2026-08-21 00:00:00+00:00,KXEMMYDSACTR,other,25,
1496,KXEMMYDSACTR-26SEP14-FIO,0.0,2026-08-21 00:00:00+00:00,KXEMMYDSACTR,other,25,
1496,KXEMMYDSACTR-26SEP14-TAY,0.0,2026-08-21 00:00:00+00:00,KXEMMYDSACTR,other,25,
1497,KXEMMYDSACTR-26SEP14-KAR,1.0,2026-08-21 00:00:00+00:00,KXEMMYDSACTR,other,25,100.0
1497,KXEMMYDSACTR-26SEP14-TAY,0.0,2026-08-21 00:00:00+00:00,KXEMMYDSACTR,other,25,
1497,KXEMMYDSACTR-26SEP14-TIE,0.0,2026-08-21 00:00:00+00:00,KXEMMYDSACTR,other,25,
1497,KXEMMYDSACTR-26SEP14-FIO,0.0,2026-08-21 00:00:00+00:00,KXEMMYDSACTR,other,25,
1498,KXEMMYDSACTR-26SEP14-KAT,1.0,2026-08-21 00:00:00+00:00,KXEMMYDSACTR,other,25,100.0
1498,KXEMMYDSACTR-26SEP14-TAY,0.0,2026-08-21 00:00:00+00:00,KXEMMYDSACTR,other,25,
1498,KXEMMYDSACTR-26SEP14-TIE,0.0,2026-08-21 00:00:00+00:00,KXEMMYDSACTR,other,25,
1498,KXEMMYDSACTR-26SEP14-FIO,0.0,2026-08-21 00:00:00+00:00,KXEMMYDSACTR,other,25,
1499,KXEMMYDSACTR-26SEP14-SEP,1.0,2026-08-21 00:00:00+00:00,KXEMMYDSACTR,other,25,100.0
1499,KXEMMYDSACTR-26SEP14-TAY,0.0,2026-08-21 00:00:00+00:00,KXEMMYDSACTR,other,25,
1499,KXEMMYDSACTR-26SEP14-TIE,0.0,2026-08-21 00:00:00+00:00,KXEMMYDSACTR,other,25,
1499,KXEMMYDSACTR-26SEP14-FIO,0.0,2026-08-21 00:00:00+00:00,KXEMMYDSACTR,other,25,
1500,KXEMMYDSERIES-26SEP14-DIP,1.0,2026-08-21 00:00:00+00:00,KXEMMYDSERIES,other,25,100.0
1500,KXEMMYDSERIES-26SEP14-PAR,0.0,2026-08-21 00:00:00+00:00,KXEMMYDSERIES,other,25,
1500,KXEMMYDSERIES-26SEP14-GIL,0.0,2026-08-21 00:00:00+00:00,KXEMMYDSERIES,other,25,
1500,KXEMMYDSERIES-26SEP14-TIE,0.0,2026-08-21 00:00:00+00:00,KXEMMYDSERIES,other,25,
1500,KXEMMYDSERIES-26SEP14-YOU,0.0,2026-08-21 00:00:00+00:00,KXEMMYDSERIES,other,25,
1501,KXEMMYDSERIES-26SEP14-KNI,1.0,2026-08-21 00:00:00+00:00,KXEMMYDSERIES,other,25,100.0
1501,KXEMMYDSERIES-26SEP14-PAR,0.0,2026-08-21 00:00:00+00:00,KXEMMYDSERIES,other,25,
1501,KXEMMYDSERIES-26SEP14-TIE,0.0,2026-08-21 00:00:00+00:00,KXEMMYDSERIES,other,25,
1501,KXEMMYDSERIES-26SEP14-GIL,0.0,2026-08-21 00:00:00+00:00,KXEMMYDSERIES,other,25,
1501,KXEMMYDSERIES-26SEP14-YOU,0.0,2026-08-21 00:00:00+00:00,KXEMMYDSERIES,other,25,
1502,KXEMMYDSERIES-26SEP14-PIT,1.0,2026-08-21 00:00:00+00:00,KXEMMYDSERIES,other,25,100.0
1502,KXEMMYDSERIES-26SEP14-TIE,0.0,2026-08-21 00:00:00+00:00,KXEMMYDSERIES,other,25,
1502,KXEMMYDSERIES-26SEP14-PAR,0.0,2026-08-21 00:00:00+00:00,KXEMMYDSERIES,other,25,
1502,KXEMMYDSERIES-26SEP14-GIL,0.0,2026-08-21 00:00:00+00:00,KXEMMYDSERIES,other,25,
1502,KXEMMYDSERIES-26SEP14-YOU,0.0,2026-08-21 00:00:00+00:00,KXEMMYDSERIES,other,25,
1503,KXEMMYDSERIES-26SEP14-PLU,1.0,2026-08-21 00:00:00+00:00,KXEMMYDSERIES,other,25,100.0
1503,KXEMMYDSERIES-26SEP14-TIE,0.0,2026-08-21 00:00:00+00:00,KXEMMYDSERIES,other,25,
1503,KXEMMYDSERIES-26SEP14-PAR,0.0,2026-08-21 00:00:00+00:00,KXEMMYDSERIES,other,25,
1503,KXEMMYDSERIES-26SEP14-GIL,0.0,2026-08-21 00:00:00+00:00,KXEMMYDSERIES,other,25,
1503,KXEMMYDSERIES-26SEP14-YOU,0.0,2026-08-21 00:00:00+00:00,KXEMMYDSERIES,other,25,
1504,KXEMMYDSERIES-26SEP14-SLO,1.0,2026-08-21 00:00:00+00:00,KXEMMYDSERIES,other,25,100.0
1504,KXEMMYDSERIES-26SEP14-PAR,0.0,2026-08-21 00:00:00+00:00,KXEMMYDSERIES,other,25,
1504,KXEMMYDSERIES-26SEP14-GIL,0.0,2026-08-21 00:00:00+00:00,KXEMMYDSERIES,other,25,
1504,KXEMMYDSERIES-26SEP14-YOU,0.0,2026-08-21 00:00:00+00:00,KXEMMYDSERIES,other,25,
1504,KXEMMYDSERIES-26SEP14-TIE,0.0,2026-08-21 00:00:00+00:00,KXEMMYDSERIES,other,25,
1505,KXEMMYLIMITEDACTO-26SEP14-CHA,1.0,2026-08-21 00:00:00+00:00,KXEMMYLIMITEDACTO,other,25,100.0
1505,KXEMMYLIMITEDACTO-26SEP14-JAS,0.0,2026-08-21 00:00:00+00:00,KXEMMYLIMITEDACTO,other,25,
1505,KXEMMYLIMITEDACTO-26SEP14-TIE,0.0,2026-08-21 00:00:00+00:00,KXEMMYLIMITEDACTO,other,25,
1506,KXEMMYLIMITEDACTO-26SEP14-MAT,1.0,2026-08-21 00:00:00+00:00,KXEMMYLIMITEDACTO,other,25,100.0
1506,KXEMMYLIMITEDACTO-26SEP14-JAS,0.0,2026-08-21 00:00:00+00:00,KXEMMYLIMITEDACTO,other,25,
1506,KXEMMYLIMITEDACTO-26SEP14-TIE,0.0,2026-08-21 00:00:00+00:00,KXEMMYLIMITEDACTO,other,25,
1507,KXEMMYLIMITEDACTO-26SEP14-OSC,1.0,2026-08-21 00:00:00+00:00,KXEMMYLIMITEDACTO,other,25,100.0
1507,KXEMMYLIMITEDACTO-26SEP14-JAS,0.0,2026-08-21 00:00:00+00:00,KXEMMYLIMITEDACTO,other,25,
1507,KXEMMYLIMITEDACTO-26SEP14-TIE,0.0,2026-08-21 00:00:00+00:00,KXEMMYLIMITEDACTO,other,25,
1508,KXEMMYLIMITEDACTO-26SEP14-RIZ,1.0,2026-08-21 00:00:00+00:00,KXEMMYLIMITEDACTO,other,25,100.0
1508,KXEMMYLIMITEDACTO-26SEP14-JAS,0.0,2026-08-21 00:00:00+00:00,KXEMMYLIMITEDACTO,other,25,
1508,KXEMMYLIMITEDACTO-26SEP14-TIE,0.0,2026-08-21 00:00:00+00:00,KXEMMYLIMITEDACTO,other,25,
1509,KXEMMYLIMITEDACTR-26SEP14-CARE,1.0,2026-08-21 00:00:00+00:00,KXEMMYLIMITEDACTR,other,25,100.0
1509,KXEMMYLIMITEDACTR-26SEP14-CLA,0.0,2026-08-21 00:00:00+00:00,KXEMMYLIMITEDACTR,other,25,
1509,KXEMMYLIMITEDACTR-26SEP14-TIE,0.0,2026-08-21 00:00:00+00:00,KXEMMYLIMITEDACTR,other,25,
1510,KXEMMYLIMITEDACTR-26SEP14-SAL,1.0,2026-08-21 00:00:00+00:00,KXEMMYLIMITEDACTR,other,25,100.0
1510,KXEMMYLIMITEDACTR-26SEP14-CLA,0.0,2026-08-21 00:00:00+00:00,KXEMMYLIMITEDACTR,other,25,
1510,KXEMMYLIMITEDACTR-26SEP14-TIE,0.0,2026-08-21 00:00:00+00:00,KXEMMYLIMITEDACTR,other,25,
1511,KXEMMYLIMITEDACTR-26SEP14-SAR,1.0,2026-08-21 00:00:00+00:00,KXEMMYLIMITEDACTR,other,25,100.0
1511,KXEMMYLIMITEDACTR-26SEP14-CLA,0.0,2026-08-21 00:00:00+00:00,KXEMMYLIMITEDACTR,other,25,
1511,KXEMMYLIMITEDACTR-26SEP14-TIE,0.0,2026-08-21 00:00:00+00:00,KXEMMYLIMITEDACTR,other,25,
1512,KXEMMYLIMITEDACTR-26SEP14-SARA,1.0,2026-08-21 00:00:00+00:00,KXEMMYLIMITEDACTR,other,25,100.0
1512,KXEMMYLIMITEDACTR-26SEP14-CLA,0.0,2026-08-21 00:00:00+00:00,KXEMMYLIMITEDACTR,other,25,
1512,KXEMMYLIMITEDACTR-26SEP14-TIE,0.0,2026-08-21 00:00:00+00:00,KXEMMYLIMITEDACTR,other,25,
1513,KXEMMYLSACTO-26SEP14-CHA,1.0,2026-08-21 00:00:00+00:00,KXEMMYLSACTO,other,17,100.0
1513,KXEMMYLSACTO-26SEP14-RICH,0.0,2026-08-21 00:00:00+00:00,KXEMMYLSACTO,other,17,
1513,KXEMMYLSACTO-26SEP14-TIE,0.0,2026-08-21 00:00:00+00:00,KXEMMYLSACTO,other,17,
1513,KXEMMYLSACTO-26SEP14-NIC,0.0,2026-08-21 00:00:00+00:00,KXEMMYLSACTO,other,17,
1513,KXEMMYLSACTO-26SEP14-JAS,0.0,2026-08-21 00:00:00+00:00,KXEMMYLSACTO,other,17,
1513,KXEMMYLSACTO-26SEP14-RIC,0.0,2026-08-21 00:00:00+00:00,KXEMMYLSACTO,other,17,
1514,KXEMMYLSACTO-26SEP14-DAV,1.0,2026-08-21 00:00:00+00:00,KXEMMYLSACTO,other,17,100.0
1514,KXEMMYLSACTO-26SEP14-RICH,0.0,2026-08-21 00:00:00+00:00,KXEMMYLSACTO,other,17,
1514,KXEMMYLSACTO-26SEP14-TIE,0.0,2026-08-21 00:00:00+00:00,KXEMMYLSACTO,other,17,
1514,KXEMMYLSACTO-26SEP14-NIC,0.0,2026-08-21 00:00:00+00:00,KXEMMYLSACTO,other,17,
1514,KXEMMYLSACTO-26SEP14-JAS,0.0,2026-08-21 00:00:00+00:00,KXEMMYLSACTO,other,17,
1514,KXEMMYLSACTO-26SEP14-RIC,0.0,2026-08-21 00:00:00+00:00,KXEMMYLSACTO,other,17,
1515,KXEMMYLSACTR-26SEP14-CON,1.0,2026-08-21 00:00:00+00:00,KXEMMYLSACTR,other,17,100.0
1515,KXEMMYLSACTR-26SEP14-TIE,0.0,2026-08-21 00:00:00+00:00,KXEMMYLSACTR,other,17,
1515,KXEMMYLSACTR-26SEP14-DAK,0.0,2026-08-21 00:00:00+00:00,KXEMMYLSACTR,other,17,
1516,KXEMMYLSACTR-26SEP14-JOY,1.0,2026-08-21 00:00:00+00:00,KXEMMYLSACTR,other,17,100.0
1516,KXEMMYLSACTR-26SEP14-TIE,0.0,2026-08-21 00:00:00+00:00,KXEMMYLSACTR,other,17,
1516,KXEMMYLSACTR-26SEP14-DAK,0.0,2026-08-21 00:00:00+00:00,KXEMMYLSACTR,other,17,
1517,KXEMMYLSACTR-26SEP14-LAU,1.0,2026-08-21 00:00:00+00:00,KXEMMYLSACTR,other,17,100.0
1517,KXEMMYLSACTR-26SEP14-DAK,0.0,2026-08-21 00:00:00+00:00,KXEMMYLSACTR,other,17,
1517,KXEMMYLSACTR-26SEP14-TIE,0.0,2026-08-21 00:00:00+00:00,KXEMMYLSACTR,other,17,
1518,KXEMMYLSACTR-26SEP14-LIN,1.0,2026-08-21 00:00:00+00:00,KXEMMYLSACTR,other,17,100.0
1518,KXEMMYLSACTR-26SEP14-TIE,0.0,2026-08-21 00:00:00+00:00,KXEMMYLSACTR,other,17,
1518,KXEMMYLSACTR-26SEP14-DAK,0.0,2026-08-21 00:00:00+00:00,KXEMMYLSACTR,other,17,
1519,KXEMMYLSACTR-26SEP14-YUH,1.0,2026-08-21 00:00:00+00:00,KXEMMYLSACTR,other,17,100.0
1519,KXEMMYLSACTR-26SEP14-TIE,0.0,2026-08-21 00:00:00+00:00,KXEMMYLSACTR,other,17,
1519,KXEMMYLSACTR-26SEP14-DAK,0.0,2026-08-21 00:00:00+00:00,KXEMMYLSACTR,other,17,
1520,KXEMMYLSERIES-26SEP14-BEA,1.0,2026-08-21 00:00:00+00:00,KXEMMYLSERIES,other,25,100.0
1520,KXEMMYLSERIES-26SEP14-LOV,0.0,2026-08-21 00:00:00+00:00,KXEMMYLSERIES,other,25,
1520,KXEMMYLSERIES-26SEP14-ALL,0.0,2026-08-21 00:00:00+00:00,KXEMMYLSERIES,other,25,
1520,KXEMMYLSERIES-26SEP14-TIE,0.0,2026-08-21 00:00:00+00:00,KXEMMYLSERIES,other,25,
1521,KXEMMYLSERIES-26SEP14-BEE,1.0,2026-08-21 00:00:00+00:00,KXEMMYLSERIES,other,25,100.0
1521,KXEMMYLSERIES-26SEP14-LOV,0.0,2026-08-21 00:00:00+00:00,KXEMMYLSERIES,other,25,
1521,KXEMMYLSERIES-26SEP14-ALL,0.0,2026-08-21 00:00:00+00:00,KXEMMYLSERIES,other,25,
1521,KXEMMYLSERIES-26SEP14-TIE,0.0,2026-08-21 00:00:00+00:00,KXEMMYLSERIES,other,25,
1522,KXEMMYLSERIES-26SEP14-DTF,1.0,2026-08-21 00:00:00+00:00,KXEMMYLSERIES,other,25,100.0
1522,KXEMMYLSERIES-26SEP14-LOV,0.0,2026-08-21 00:00:00+00:00,KXEMMYLSERIES,other,25,
1522,KXEMMYLSERIES-26SEP14-ALL,0.0,2026-08-21 00:00:00+00:00,KXEMMYLSERIES,other,25,
1522,KXEMMYLSERIES-26SEP14-TIE,0.0,2026-08-21 00:00:00+00:00,KXEMMYLSERIES,other,25,
1523,KXEMMYTVMOVIE-26SEP14-REM,1.0,2026-08-21 00:00:00+00:00,KXEMMYTVMOVIE,other,17,100.0
1523,KXEMMYTVMOVIE-26SEP14-TIE,0.0,2026-08-21 00:00:00+00:00,KXEMMYTVMOVIE,other,17,
1523,KXEMMYTVMOVIE-26SEP14-HEA,0.0,2026-08-21 00:00:00+00:00,KXEMMYTVMOVIE,other,17,
1523,KXEMMYTVMOVIE-26SEP14-TOM,0.0,2026-08-21 00:00:00+00:00,KXEMMYTVMOVIE,other,17,
1523,KXEMMYTVMOVIE-26SEP14-PEO,0.0,2026-08-21 00:00:00+00:00,KXEMMYTVMOVIE,other,17,
1523,KXEMMYTVMOVIE-26SEP14-MIS,0.0,2026-08-21 00:00:00+00:00,KXEMMYTVMOVIE,other,17,
1569,KXGAMERELEASE-26-ARK,1.0,2026-08-30 00:00:00+00:00,KXGAMERELEASE,other,125,100.0
1569,KXGAMERELEASE-26-WOL,0.0,2026-08-30 00:00:00+00:00,KXGAMERELEASE,other,125,
1570,KXGAMERELEASE-26-ELDE,1.0,2026-08-30 00:00:00+00:00,KXGAMERELEASE,other,125,100.0
1570,KXGAMERELEASE-26-WOL,0.0,2026-08-30 00:00:00+00:00,KXGAMERELEASE,other,125,
1571,KXGAMERELEASE-26-FINA,1.0,2026-08-30 00:00:00+00:00,KXGAMERELEASE,other,125,100.0
1571,KXGAMERELEASE-26-WOL,0.0,2026-08-30 00:00:00+00:00,KXGAMERELEASE,other,125,
1572,KXGAMERELEASE-26-HALF,1.0,2026-08-30 00:00:00+00:00,KXGAMERELEASE,other,125,100.0
1572,KXGAMERELEASE-26-WOL,0.0,2026-08-30 00:00:00+00:00,KXGAMERELEASE,other,125,
1573,KXGAMERELEASE-26-HAUN,1.0,2026-08-30 00:00:00+00:00,KXGAMERELEASE,other,125,100.0
1573,KXGAMERELEASE-26-WOL,0.0,2026-08-30 00:00:00+00:00,KXGAMERELEASE,other,125,
1574,KXGAMERELEASE-26-KIN,1.0,2026-08-30 00:00:00+00:00,KXGAMERELEASE,other,125,100.0
1574,KXGAMERELEASE-26-WOL,0.0,2026-08-30 00:00:00+00:00,KXGAMERELEASE,other,125,
1575,KXGAMERELEASE-26-LIG,1.0,2026-08-30 00:00:00+00:00,KXGAMERELEASE,other,125,100.0
1575,KXGAMERELEASE-26-WOL,0.0,2026-08-30 00:00:00+00:00,KXGAMERELEASE,other,125,
1576,KXGAMERELEASE-26-SQU,1.0,2026-08-30 00:00:00+00:00,KXGAMERELEASE,other,125,100.0
1576,KXGAMERELEASE-26-WOL,0.0,2026-08-30 00:00:00+00:00,KXGAMERELEASE,other,125,
1577,KXGAMERELEASE-26-SUPE,1.0,2026-08-30 00:00:00+00:00,KXGAMERELEASE,other,125,100.0
1577,KXGAMERELEASE-26-WOL,0.0,2026-08-30 00:00:00+00:00,KXGAMERELEASE,other,125,
